condition,gen,n_hops,drift,ttr,n_tokens,build
polygon_S1,0,4,0.1771515309810638,0.8314606741573034,89,polygon_S1
polygon_S1,1,5,0.185926079750061,0.8275862068965517,87,polygon_S1
polygon_S1,2,4,0.1597622334957122,0.9814814814814816,54,polygon_S1
polygon_S1,3,0,,1.0,2,polygon_S1
polygon_S1,4,4,0.2596491277217865,0.95,40,polygon_S1
polygon_S1,5,7,0.169778510928154,0.9438202247191012,89,polygon_S1
polygon_S1,6,3,0.235273852944374,0.9714285714285714,35,polygon_S1
polygon_S1,7,4,0.4895488917827606,0.8695652173913043,46,polygon_S1
polygon_S1,8,0,,1.0,16,polygon_S1
polygon_S1,9,2,0.2406142354011535,0.9607843137254902,51,polygon_S1
polygon_S1,10,0,,1.0,5,polygon_S1
polygon_S1,11,5,0.2666153013706207,0.8783783783783784,74,polygon_S1
polygon_S1,12,6,0.2610015571117401,0.782608695652174,92,polygon_S1
polygon_S1,13,5,0.1837330758571624,0.8314606741573034,89,polygon_S1
polygon_S1,14,5,0.1839886009693145,0.9239130434782608,92,polygon_S1
polygon_S1,15,5,0.165427029132843,0.9285714285714286,84,polygon_S1
polygon_S1,16,3,0.3083523213863373,0.9672131147540984,61,polygon_S1
polygon_S1,17,4,0.2823832631111145,0.9642857142857144,56,polygon_S1
polygon_S1,18,9,0.3110620081424713,0.8765432098765432,81,polygon_S1
polygon_S1,19,7,0.2590627670288086,0.9178082191780822,73,polygon_S1
polygon_S1,20,0,,1.0,3,polygon_S1
polygon_S1,21,7,0.3289295732975006,0.9195402298850576,87,polygon_S1
polygon_S1,22,6,0.2707036137580871,0.9285714285714286,56,polygon_S1
polygon_S1,23,5,0.2098593711853027,0.9361702127659576,94,polygon_S1
polygon_S1,24,11,0.3610709309577942,0.8987341772151899,79,polygon_S1
polygon_S1,25,3,0.1665406674146652,0.903846153846154,52,polygon_S1
polygon_S1,26,8,0.3215439617633819,0.9294117647058824,85,polygon_S1
polygon_S1,27,8,0.4487867057323456,0.9824561403508772,57,polygon_S1
polygon_S1,28,3,0.2059379816055297,0.9456521739130436,92,polygon_S1
polygon_S1,29,2,0.159867376089096,0.9428571428571428,70,polygon_S1
polygon_S1,30,4,0.2219923436641693,0.8666666666666667,45,polygon_S1
polygon_S1,31,9,0.2250839918851852,0.8888888888888888,90,polygon_S1
polygon_S1,32,3,0.1249133571982383,0.9032258064516128,93,polygon_S1
polygon_S1,33,3,0.2538561522960663,0.9696969696969696,33,polygon_S1
polygon_S1,34,1,0.4006756544113159,0.967741935483871,31,polygon_S1
polygon_S1,35,7,0.2356868088245391,0.84375,64,polygon_S1
polygon_S1,36,4,0.251322865486145,0.9375,64,polygon_S1
polygon_S1,37,1,0.1535857915878296,0.9333333333333332,30,polygon_S1
polygon_S1,38,3,0.21373051404953,0.8571428571428571,49,polygon_S1
polygon_S1,39,4,0.1944656819105148,0.7956989247311828,93,polygon_S1
polygon_S1,40,5,0.1843698322772979,0.8829787234042553,94,polygon_S1
polygon_S1,41,3,0.1956868171691894,0.9523809523809524,63,polygon_S1
polygon_S1,42,5,0.2212823331356048,0.9540229885057472,87,polygon_S1
polygon_S1,43,7,0.2430259883403778,0.9069767441860463,86,polygon_S1
polygon_S1,44,6,0.182949498295784,0.9052631578947368,95,polygon_S1
polygon_S1,45,4,0.1688302010297775,0.8695652173913043,92,polygon_S1
polygon_S1,46,2,0.1091335117816925,0.9036144578313252,83,polygon_S1
polygon_S1,47,4,0.1602064818143844,0.7912087912087912,91,polygon_S1
polygon_S1,48,5,0.3276765048503876,0.9791666666666666,48,polygon_S1
polygon_S1,49,1,0.1980230212211609,1.0,24,polygon_S1
polygon_S1,50,0,,0.9473684210526316,19,polygon_S1
polygon_S1,51,6,0.1728712767362594,0.9111111111111112,90,polygon_S1
polygon_S1,52,0,,1.0,1,polygon_S1
polygon_S1,53,2,0.0752215683460235,0.865979381443299,97,polygon_S1
polygon_S1,54,6,0.1902853101491928,0.8947368421052632,95,polygon_S1
polygon_S1,55,2,0.351781815290451,1.0,25,polygon_S1
polygon_S1,56,0,,0.9545454545454546,22,polygon_S1
polygon_S1,57,5,0.2488942146301269,0.8617021276595744,94,polygon_S1
polygon_S1,58,6,0.3137402832508087,0.8604651162790697,86,polygon_S1
polygon_S1,59,0,,1.0,3,polygon_S1
polygon_S1,60,3,0.1666073650121688,0.9010989010989012,91,polygon_S1
polygon_S1,61,3,0.2624162435531616,0.9302325581395348,43,polygon_S1
polygon_S1,62,3,0.1260052323341369,0.8902439024390244,82,polygon_S1
polygon_S1,63,5,0.322221428155899,0.8947368421052632,57,polygon_S1
polygon_S1,64,3,0.2673670947551727,0.8734177215189873,79,polygon_S1
polygon_S1,65,4,0.1829765737056732,0.8631578947368421,95,polygon_S1
polygon_S1,66,4,0.2143506705760955,0.8222222222222222,90,polygon_S1
polygon_S1,67,7,0.1615430414676666,0.8764044943820225,89,polygon_S1
polygon_S1,68,6,0.4240768849849701,0.8809523809523809,42,polygon_S1
polygon_S1,69,10,0.2413258999586105,0.8936170212765957,94,polygon_S1
polygon_S1,70,6,0.1886670142412185,0.95,100,polygon_S1
polygon_S1,71,10,0.3902257978916168,0.927536231884058,69,polygon_S1
polygon_S1,72,7,0.1603234857320785,0.9148936170212766,94,polygon_S1
polygon_S1,73,3,0.2162389010190963,0.967741935483871,62,polygon_S1
polygon_S1,74,5,0.3163460791110992,0.8955223880597015,67,polygon_S1
polygon_S1,75,6,0.2740471959114074,0.9615384615384616,52,polygon_S1
polygon_S1,76,7,0.2744500041007995,0.8153846153846154,65,polygon_S1
polygon_S1,77,1,0.3706098198890686,1.0,14,polygon_S1
polygon_S1,78,5,0.3081907331943512,0.9107142857142856,56,polygon_S1
polygon_S1,79,14,0.3472939133644104,0.8705882352941177,85,polygon_S1
polygon_S1,80,7,0.2028040736913681,0.8387096774193549,93,polygon_S1
polygon_S1,81,1,0.1759282350540161,0.9565217391304348,69,polygon_S1
polygon_S1,82,2,0.5396496653556824,0.9545454545454546,22,polygon_S1
polygon_S1,83,5,0.2172009050846099,0.8571428571428571,91,polygon_S1
polygon_S1,84,7,0.2726673483848572,0.8571428571428571,84,polygon_S1
polygon_S1,85,6,0.341411679983139,0.9245283018867924,53,polygon_S1
polygon_S1,86,3,0.1987932920455932,0.8985507246376812,69,polygon_S1
polygon_S1,87,8,0.2783779203891754,0.8873239436619719,71,polygon_S1
polygon_S1,88,3,0.250910609960556,0.967741935483871,31,polygon_S1
polygon_S1,89,2,0.3179002702236175,0.8941176470588236,85,polygon_S1
polygon_S1,90,3,0.1366931647062301,0.9382716049382716,81,polygon_S1
polygon_S1,91,4,0.2380399107933044,0.9325842696629212,89,polygon_S1
polygon_S1,92,1,0.0848473310470581,0.96875,32,polygon_S1
polygon_S1,93,4,0.4040375351905823,0.9117647058823528,34,polygon_S1
polygon_S1,94,4,0.1733245849609375,0.9186046511627908,86,polygon_S1
polygon_S1,95,3,0.201493039727211,0.972972972972973,37,polygon_S1
polygon_S1,96,6,0.1835784167051315,0.875,88,polygon_S1
polygon_S1,97,6,0.222478985786438,0.8295454545454546,88,polygon_S1
polygon_S1,98,1,0.3231450915336609,1.0,25,polygon_S1
polygon_S1,99,3,0.1402773112058639,0.9466666666666668,75,polygon_S1
walk_w000_S1,0,6,0.20966124534606934,0.9285714285714286,84,walk_w000_S1
walk_w000_S1,1,5,0.17725907266139984,0.8,90,walk_w000_S1
walk_w000_S1,2,6,0.21920578181743622,0.9583333333333334,96,walk_w000_S1
walk_w000_S1,3,0,,1.0,8,walk_w000_S1
walk_w000_S1,4,0,,1.0,4,walk_w000_S1
walk_w000_S1,5,3,0.12897922098636627,0.8804347826086957,92,walk_w000_S1
walk_w000_S1,6,1,0.3383808732032776,0.8666666666666667,15,walk_w000_S1
walk_w000_S1,7,4,0.204689621925354,0.8974358974358975,78,walk_w000_S1
walk_w000_S1,8,4,0.15044088661670685,0.9333333333333333,45,walk_w000_S1
walk_w000_S1,9,5,0.17985297739505768,0.9318181818181818,88,walk_w000_S1
walk_w000_S1,10,4,0.21524624526500702,0.8947368421052632,76,walk_w000_S1
walk_w000_S1,11,3,0.22932057082653046,0.9,50,walk_w000_S1
walk_w000_S1,12,5,0.25221022963523865,0.8705882352941177,85,walk_w000_S1
walk_w000_S1,13,1,0.25970137119293213,0.96,25,walk_w000_S1
walk_w000_S1,14,2,0.21889707446098328,0.9487179487179487,39,walk_w000_S1
walk_w000_S1,15,5,0.2473158836364746,0.8260869565217391,92,walk_w000_S1
walk_w000_S1,16,2,0.14051952958106995,0.9661016949152542,59,walk_w000_S1
walk_w000_S1,17,1,0.11245745420455933,1.0,33,walk_w000_S1
walk_w000_S1,18,7,0.22018036246299744,0.8723404255319149,94,walk_w000_S1
walk_w000_S1,19,2,0.35866227746009827,0.9130434782608695,23,walk_w000_S1
walk_w000_S1,20,0,,1.0,6,walk_w000_S1
walk_w000_S1,21,0,,1.0,8,walk_w000_S1
walk_w000_S1,22,5,0.2781527042388916,0.9230769230769231,91,walk_w000_S1
walk_w000_S1,23,3,0.3322027027606964,0.9696969696969697,33,walk_w000_S1
walk_w000_S1,24,5,0.16164156794548035,0.8539325842696629,89,walk_w000_S1
walk_w000_S1,25,1,0.22606122493743896,1.0,13,walk_w000_S1
walk_w000_S1,26,3,0.14440463483333588,0.972972972972973,37,walk_w000_S1
walk_w000_S1,27,6,0.3005279302597046,0.9508196721311475,61,walk_w000_S1
walk_w000_S1,28,2,0.07763338088989258,0.8736842105263158,95,walk_w000_S1
walk_w000_S1,29,3,0.17073197662830353,0.9016393442622951,61,walk_w000_S1
walk_w000_S1,30,3,0.18537360429763794,0.9682539682539683,63,walk_w000_S1
walk_w000_S1,31,5,0.17819443345069885,0.9130434782608695,92,walk_w000_S1
walk_w000_S1,32,5,0.1793346405029297,0.8941176470588236,85,walk_w000_S1
walk_w000_S1,33,4,0.24687044322490692,0.891566265060241,83,walk_w000_S1
walk_w000_S1,34,1,0.32633423805236816,1.0,29,walk_w000_S1
walk_w000_S1,35,3,0.13749879598617554,0.9120879120879121,91,walk_w000_S1
walk_w000_S1,36,8,0.28089138865470886,0.8488372093023255,86,walk_w000_S1
walk_w000_S1,37,3,0.18983638286590576,0.8970588235294118,68,walk_w000_S1
walk_w000_S1,38,2,0.14361980557441711,0.9438202247191011,89,walk_w000_S1
walk_w000_S1,39,0,,1.0,12,walk_w000_S1
walk_w000_S1,40,1,0.08785587549209595,0.9529411764705882,85,walk_w000_S1
walk_w000_S1,41,1,0.1259777545928955,0.9090909090909091,44,walk_w000_S1
walk_w000_S1,42,0,,0.9444444444444444,18,walk_w000_S1
walk_w000_S1,43,5,0.1516566127538681,0.8404255319148937,94,walk_w000_S1
walk_w000_S1,44,0,,0.9545454545454546,22,walk_w000_S1
walk_w000_S1,45,4,0.16417275369167328,0.9647058823529412,85,walk_w000_S1
walk_w000_S1,46,5,0.18964216113090515,0.967741935483871,62,walk_w000_S1
walk_w000_S1,47,4,0.2572975158691406,0.8292682926829268,82,walk_w000_S1
walk_w000_S1,48,1,0.2474735975265503,0.96,25,walk_w000_S1
walk_w000_S1,49,4,0.1937691867351532,0.8777777777777778,90,walk_w000_S1
walk_w000_S1,50,4,0.1381087750196457,0.9484536082474226,97,walk_w000_S1
walk_w000_S1,51,2,0.1715172529220581,0.9642857142857143,28,walk_w000_S1
walk_w000_S1,52,6,0.19798588752746582,0.9354838709677419,93,walk_w000_S1
walk_w000_S1,53,0,,0.95,100,walk_w000_S1
walk_w000_S1,54,3,0.1289680451154709,0.9302325581395349,86,walk_w000_S1
walk_w000_S1,55,1,0.29447758197784424,1.0,21,walk_w000_S1
walk_w000_S1,56,1,0.21013498306274414,1.0,33,walk_w000_S1
walk_w000_S1,57,2,0.08547532558441162,0.9021739130434783,92,walk_w000_S1
walk_w000_S1,58,0,,1.0,8,walk_w000_S1
walk_w000_S1,59,3,0.11366275697946548,0.9361702127659575,94,walk_w000_S1
walk_w000_S1,60,1,0.16096258163452148,0.96875,32,walk_w000_S1
walk_w000_S1,61,1,0.09721344709396362,0.8292682926829268,41,walk_w000_S1
walk_w000_S1,62,4,0.17523492872714996,0.8936170212765957,94,walk_w000_S1
walk_w000_S1,63,0,,1.0,26,walk_w000_S1
walk_w000_S1,64,4,0.13854333758354187,0.8876404494382022,89,walk_w000_S1
walk_w000_S1,65,1,0.1297053098678589,0.9322033898305084,59,walk_w000_S1
walk_w000_S1,66,4,0.20610596239566803,0.9195402298850575,87,walk_w000_S1
walk_w000_S1,67,3,0.10989204794168472,0.8541666666666666,96,walk_w000_S1
walk_w000_S1,68,5,0.1964234709739685,0.9545454545454546,66,walk_w000_S1
walk_w000_S1,69,1,0.08263790607452393,0.9577464788732394,71,walk_w000_S1
walk_w000_S1,70,3,0.5575051307678223,1.0,21,walk_w000_S1
walk_w000_S1,71,6,0.19553738832473755,0.9466666666666667,75,walk_w000_S1
walk_w000_S1,72,6,0.19788634777069092,0.8505747126436781,87,walk_w000_S1
walk_w000_S1,73,3,0.1373404860496521,0.8404255319148937,94,walk_w000_S1
walk_w000_S1,74,3,0.17051725089550018,0.9285714285714286,56,walk_w000_S1
walk_w000_S1,75,3,0.1351252943277359,0.9263157894736842,95,walk_w000_S1
walk_w000_S1,76,8,0.3153848350048065,0.9135802469135802,81,walk_w000_S1
walk_w000_S1,77,3,0.2664627730846405,0.9285714285714286,28,walk_w000_S1
walk_w000_S1,78,3,0.1591460108757019,0.9775280898876404,89,walk_w000_S1
walk_w000_S1,79,1,0.11874949932098389,0.9722222222222222,36,walk_w000_S1
walk_w000_S1,80,1,0.18845951557159424,1.0,17,walk_w000_S1
walk_w000_S1,81,0,,1.0,2,walk_w000_S1
walk_w000_S1,82,5,0.177496999502182,0.8390804597701149,87,walk_w000_S1
walk_w000_S1,83,6,0.22420714795589447,0.9069767441860465,86,walk_w000_S1
walk_w000_S1,84,5,0.21942546963691711,0.9634146341463414,82,walk_w000_S1
walk_w000_S1,85,0,,1.0,5,walk_w000_S1
walk_w000_S1,86,4,0.20821934938430786,0.7971014492753623,69,walk_w000_S1
walk_w000_S1,87,1,0.26350951194763184,1.0,33,walk_w000_S1
walk_w000_S1,88,3,0.21588212251663208,0.946236559139785,93,walk_w000_S1
walk_w000_S1,89,4,0.1825612336397171,0.9666666666666667,90,walk_w000_S1
walk_w000_S1,90,0,,1.0,9,walk_w000_S1
walk_w000_S1,91,3,0.12472990900278091,0.9402985074626866,67,walk_w000_S1
walk_w000_S1,92,4,0.12941879034042358,0.9393939393939394,99,walk_w000_S1
walk_w000_S1,93,3,0.14129580557346344,0.9384615384615385,65,walk_w000_S1
walk_w000_S1,94,2,0.20108914375305176,0.961038961038961,77,walk_w000_S1
walk_w000_S1,95,1,0.14541321992874146,0.9166666666666666,12,walk_w000_S1
walk_w000_S1,96,4,0.3263094425201416,0.8831168831168831,77,walk_w000_S1
walk_w000_S1,97,1,0.29556208848953247,1.0,29,walk_w000_S1
walk_w000_S1,98,5,0.2067110240459442,0.8591549295774648,71,walk_w000_S1
walk_w000_S1,99,4,0.15631888806819916,0.8736842105263158,95,walk_w000_S1
walk_w040_S1,0,2,0.35681405663490295,1.0,17,walk_w040_S1
walk_w040_S1,1,4,0.2223694920539856,0.9375,64,walk_w040_S1
walk_w040_S1,2,4,0.20196090638637543,0.9295774647887324,71,walk_w040_S1
walk_w040_S1,3,0,,1.0,8,walk_w040_S1
walk_w040_S1,4,3,0.2702449560165405,0.9382716049382716,81,walk_w040_S1
walk_w040_S1,5,0,,1.0,20,walk_w040_S1
walk_w040_S1,6,1,0.3383808732032776,0.8666666666666667,15,walk_w040_S1
walk_w040_S1,7,2,0.1978713572025299,1.0,49,walk_w040_S1
walk_w040_S1,8,5,0.1622508019208908,0.8829787234042553,94,walk_w040_S1
walk_w040_S1,9,4,0.1959327608346939,0.9247311827956989,93,walk_w040_S1
walk_w040_S1,10,2,0.15438681840896606,0.8571428571428571,63,walk_w040_S1
walk_w040_S1,11,2,0.2863006591796875,0.9655172413793104,29,walk_w040_S1
walk_w040_S1,12,2,0.25652867555618286,0.9607843137254902,51,walk_w040_S1
walk_w040_S1,13,3,0.11782660335302353,0.9347826086956522,92,walk_w040_S1
walk_w040_S1,14,6,0.2760264575481415,0.8823529411764706,85,walk_w040_S1
walk_w040_S1,15,6,0.25787389278411865,0.8452380952380952,84,walk_w040_S1
walk_w040_S1,16,2,0.08072018623352051,0.9381443298969072,97,walk_w040_S1
walk_w040_S1,17,8,0.21672624349594116,0.9,80,walk_w040_S1
walk_w040_S1,18,7,0.40328845381736755,0.9247311827956989,93,walk_w040_S1
walk_w040_S1,19,3,0.1536787897348404,0.9090909090909091,55,walk_w040_S1
walk_w040_S1,20,0,,1.0,6,walk_w040_S1
walk_w040_S1,21,0,,1.0,3,walk_w040_S1
walk_w040_S1,22,8,0.269447386264801,0.8505747126436781,87,walk_w040_S1
walk_w040_S1,23,0,,1.0,1,walk_w040_S1
walk_w040_S1,24,3,0.2075473517179489,0.9247311827956989,93,walk_w040_S1
walk_w040_S1,25,1,0.22606122493743896,1.0,13,walk_w040_S1
walk_w040_S1,26,3,0.15982191264629364,0.8979591836734694,49,walk_w040_S1
walk_w040_S1,27,5,0.35061153769493103,0.918918918918919,37,walk_w040_S1
walk_w040_S1,28,5,0.15913820266723633,0.9318181818181818,88,walk_w040_S1
walk_w040_S1,29,3,0.19683516025543213,0.8059701492537313,67,walk_w040_S1
walk_w040_S1,30,1,0.22036153078079224,1.0,16,walk_w040_S1
walk_w040_S1,31,0,,0.9512195121951219,41,walk_w040_S1
walk_w040_S1,32,3,0.29151397943496704,1.0,31,walk_w040_S1
walk_w040_S1,33,1,0.09493911266326904,0.9032258064516129,31,walk_w040_S1
walk_w040_S1,34,4,0.16455267369747162,0.8941176470588236,85,walk_w040_S1
walk_w040_S1,35,1,0.20402902364730835,1.0,31,walk_w040_S1
walk_w040_S1,36,5,0.3781954348087311,0.9636363636363636,55,walk_w040_S1
walk_w040_S1,37,1,0.17120391130447388,1.0,31,walk_w040_S1
walk_w040_S1,38,3,0.1742471307516098,0.9340659340659341,91,walk_w040_S1
walk_w040_S1,39,3,0.16082406044006348,0.9302325581395349,43,walk_w040_S1
walk_w040_S1,40,0,,0.8947368421052632,38,walk_w040_S1
walk_w040_S1,41,0,,0.9545454545454546,22,walk_w040_S1
walk_w040_S1,42,4,0.14351880550384521,0.9081632653061225,98,walk_w040_S1
walk_w040_S1,43,1,0.3119146227836609,1.0,23,walk_w040_S1
walk_w040_S1,44,0,,1.0,17,walk_w040_S1
walk_w040_S1,45,6,0.18232367932796478,0.9175257731958762,97,walk_w040_S1
walk_w040_S1,46,4,0.138993039727211,0.9489795918367347,98,walk_w040_S1
walk_w040_S1,47,2,0.12128090858459473,0.8625,80,walk_w040_S1
walk_w040_S1,48,3,0.08712675422430038,0.89,100,walk_w040_S1
walk_w040_S1,49,3,0.1374320536851883,0.9347826086956522,92,walk_w040_S1
walk_w040_S1,50,6,0.19905036687850952,0.9230769230769231,91,walk_w040_S1
walk_w040_S1,51,9,0.28173506259918213,0.946236559139785,93,walk_w040_S1
walk_w040_S1,52,2,0.11723169684410095,0.92,75,walk_w040_S1
walk_w040_S1,53,5,0.19942790269851685,0.9534883720930233,86,walk_w040_S1
walk_w040_S1,54,3,0.0844360962510109,0.8924731182795699,93,walk_w040_S1
walk_w040_S1,55,2,0.3135365843772888,0.9354838709677419,31,walk_w040_S1
walk_w040_S1,56,1,0.45237696170806885,1.0,16,walk_w040_S1
walk_w040_S1,57,3,0.21797026693820953,0.945054945054945,91,walk_w040_S1
walk_w040_S1,58,1,0.26375389099121094,0.9767441860465116,43,walk_w040_S1
walk_w040_S1,59,5,0.2098407745361328,0.9538461538461539,65,walk_w040_S1
walk_w040_S1,60,6,0.132283553481102,0.9247311827956989,93,walk_w040_S1
walk_w040_S1,61,3,0.13236939907073975,0.8842105263157894,95,walk_w040_S1
walk_w040_S1,62,2,0.2199643850326538,1.0,30,walk_w040_S1
walk_w040_S1,63,4,0.13525554537773132,0.9021739130434783,92,walk_w040_S1
walk_w040_S1,64,7,0.3373582363128662,0.8780487804878049,82,walk_w040_S1
walk_w040_S1,65,6,0.25017696619033813,0.9358974358974359,78,walk_w040_S1
walk_w040_S1,66,3,0.19709981977939606,0.8857142857142857,70,walk_w040_S1
walk_w040_S1,67,5,0.14199136197566986,0.8901098901098901,91,walk_w040_S1
walk_w040_S1,68,4,0.3352462649345398,0.9642857142857143,28,walk_w040_S1
walk_w040_S1,69,3,0.24044449627399445,0.9333333333333333,45,walk_w040_S1
walk_w040_S1,70,5,0.3136504590511322,0.9102564102564102,78,walk_w040_S1
walk_w040_S1,71,0,,1.0,9,walk_w040_S1
walk_w040_S1,72,4,0.12670312821865082,0.9058823529411765,85,walk_w040_S1
walk_w040_S1,73,4,0.1451627016067505,0.9072164948453608,97,walk_w040_S1
walk_w040_S1,74,8,0.22846189141273499,0.851063829787234,94,walk_w040_S1
walk_w040_S1,75,5,0.2920300364494324,0.9,60,walk_w040_S1
walk_w040_S1,76,3,0.11389052867889404,0.9191919191919192,99,walk_w040_S1
walk_w040_S1,77,3,0.2155923992395401,0.9642857142857143,56,walk_w040_S1
walk_w040_S1,78,7,0.3689241111278534,0.8571428571428571,77,walk_w040_S1
walk_w040_S1,79,5,0.22408489882946014,0.8461538461538461,78,walk_w040_S1
walk_w040_S1,80,3,0.2203492373228073,0.96,25,walk_w040_S1
walk_w040_S1,81,1,0.1239960789680481,1.0,40,walk_w040_S1
walk_w040_S1,82,4,0.1576133370399475,0.8936170212765957,94,walk_w040_S1
walk_w040_S1,83,5,0.1574527621269226,0.9204545454545454,88,walk_w040_S1
walk_w040_S1,84,6,0.5152050256729126,0.9459459459459459,37,walk_w040_S1
walk_w040_S1,85,4,0.21103334426879883,0.9019607843137255,51,walk_w040_S1
walk_w040_S1,86,5,0.2720784544944763,0.9838709677419355,62,walk_w040_S1
walk_w040_S1,87,0,,1.0,18,walk_w040_S1
walk_w040_S1,88,9,0.25660544633865356,0.9540229885057471,87,walk_w040_S1
walk_w040_S1,89,3,0.1762973666191101,0.8791208791208791,91,walk_w040_S1
walk_w040_S1,90,0,,1.0,9,walk_w040_S1
walk_w040_S1,91,7,0.20740118622779846,0.9052631578947369,95,walk_w040_S1
walk_w040_S1,92,7,0.3692035675048828,0.9104477611940298,67,walk_w040_S1
walk_w040_S1,93,3,0.1506524682044983,0.8387096774193549,93,walk_w040_S1
walk_w040_S1,94,3,0.27550432085990906,0.9444444444444444,90,walk_w040_S1
walk_w040_S1,95,4,0.20822210609912872,0.90625,96,walk_w040_S1
walk_w040_S1,96,3,0.23967628180980682,0.9285714285714286,42,walk_w040_S1
walk_w040_S1,97,4,0.1751668006181717,0.9545454545454546,88,walk_w040_S1
walk_w040_S1,98,3,0.26738449931144714,0.8727272727272727,55,walk_w040_S1
walk_w040_S1,99,2,0.2758445143699646,1.0,21,walk_w040_S1
walk_w070_S1,0,2,0.11077880859375,0.9042553191489362,94,walk_w070_S1
walk_w070_S1,1,5,0.18155831098556519,0.8636363636363636,88,walk_w070_S1
walk_w070_S1,2,4,0.21746066212654114,0.8780487804878049,82,walk_w070_S1
walk_w070_S1,3,0,,1.0,8,walk_w070_S1
walk_w070_S1,4,2,0.17687082290649414,0.9032258064516129,31,walk_w070_S1
walk_w070_S1,5,0,,1.0,20,walk_w070_S1
walk_w070_S1,6,2,0.22013476490974426,0.9215686274509803,51,walk_w070_S1
walk_w070_S1,7,8,0.21441739797592163,0.9239130434782609,92,walk_w070_S1
walk_w070_S1,8,12,0.29237100481987,0.9120879120879121,91,walk_w070_S1
walk_w070_S1,9,2,0.18794217705726624,0.9384615384615385,65,walk_w070_S1
walk_w070_S1,10,2,0.1638929545879364,0.9014084507042254,71,walk_w070_S1
walk_w070_S1,11,4,0.20551472902297974,0.9512195121951219,82,walk_w070_S1
walk_w070_S1,12,4,0.29728710651397705,0.8833333333333333,60,walk_w070_S1
walk_w070_S1,13,3,0.4146886169910431,0.8863636363636364,88,walk_w070_S1
walk_w070_S1,14,2,0.20492404699325562,1.0,35,walk_w070_S1
walk_w070_S1,15,2,0.09767261147499084,0.8571428571428571,98,walk_w070_S1
walk_w070_S1,16,1,0.14695203304290771,0.9545454545454546,44,walk_w070_S1
walk_w070_S1,17,3,0.204303577542305,0.9125,80,walk_w070_S1
walk_w070_S1,18,3,0.18411226570606232,0.9368421052631579,95,walk_w070_S1
walk_w070_S1,19,2,0.3071270287036896,0.9117647058823529,34,walk_w070_S1
walk_w070_S1,20,0,,1.0,2,walk_w070_S1
walk_w070_S1,21,5,0.2774246335029602,0.8913043478260869,92,walk_w070_S1
walk_w070_S1,22,2,0.19252139329910278,0.8536585365853658,41,walk_w070_S1
walk_w070_S1,23,3,0.3428628444671631,0.9655172413793104,29,walk_w070_S1
walk_w070_S1,24,4,0.14534999430179596,0.9565217391304348,69,walk_w070_S1
walk_w070_S1,25,5,0.1760600507259369,0.9294117647058824,85,walk_w070_S1
walk_w070_S1,26,2,0.16709738969802856,0.9310344827586207,29,walk_w070_S1
walk_w070_S1,27,3,0.1250758022069931,0.9038461538461539,52,walk_w070_S1
walk_w070_S1,28,6,0.2502230405807495,0.9195402298850575,87,walk_w070_S1
walk_w070_S1,29,1,0.11989283561706543,0.9565217391304348,23,walk_w070_S1
walk_w070_S1,30,6,0.20988605916500092,0.8736842105263158,95,walk_w070_S1
walk_w070_S1,31,5,0.17969366908073425,0.8888888888888888,90,walk_w070_S1
walk_w070_S1,32,6,0.16373814642429352,0.9444444444444444,90,walk_w070_S1
walk_w070_S1,33,1,0.09493911266326904,0.9032258064516129,31,walk_w070_S1
walk_w070_S1,34,4,0.128117635846138,0.9529411764705882,85,walk_w070_S1
walk_w070_S1,35,2,0.1846354901790619,0.9152542372881356,59,walk_w070_S1
walk_w070_S1,36,8,0.2786480784416199,0.9294117647058824,85,walk_w070_S1
walk_w070_S1,37,7,0.24246998131275177,0.925531914893617,94,walk_w070_S1
walk_w070_S1,38,4,0.2324935495853424,0.9024390243902439,41,walk_w070_S1
walk_w070_S1,39,6,0.2555708587169647,0.9180327868852459,61,walk_w070_S1
walk_w070_S1,40,3,0.21249455213546753,0.9069767441860465,43,walk_w070_S1
walk_w070_S1,41,1,0.1028292179107666,0.9655172413793104,58,walk_w070_S1
walk_w070_S1,42,1,0.2836606502532959,1.0,19,walk_w070_S1
walk_w070_S1,43,3,0.1191844567656517,0.95,80,walk_w070_S1
walk_w070_S1,44,5,0.27880534529685974,0.8735632183908046,87,walk_w070_S1
walk_w070_S1,45,2,0.2978259325027466,0.9518072289156626,83,walk_w070_S1
walk_w070_S1,46,4,0.16972008347511292,0.9,70,walk_w070_S1
walk_w070_S1,47,5,0.13514772057533264,0.8901098901098901,91,walk_w070_S1
walk_w070_S1,48,2,0.42850661277770996,1.0,23,walk_w070_S1
walk_w070_S1,49,3,0.11543762683868408,0.9230769230769231,91,walk_w070_S1
walk_w070_S1,50,1,0.05429619550704956,0.9285714285714286,98,walk_w070_S1
walk_w070_S1,51,1,0.09904199838638306,0.9354838709677419,93,walk_w070_S1
walk_w070_S1,52,2,0.07823896408081055,0.9166666666666666,96,walk_w070_S1
walk_w070_S1,53,3,0.17800669372081757,0.8297872340425532,47,walk_w070_S1
walk_w070_S1,54,4,0.1379091888666153,0.9285714285714286,98,walk_w070_S1
walk_w070_S1,55,3,0.201865091919899,0.9484536082474226,97,walk_w070_S1
walk_w070_S1,56,3,0.40914711356163025,0.9,20,walk_w070_S1
walk_w070_S1,57,4,0.14777028560638428,0.9583333333333334,96,walk_w070_S1
walk_w070_S1,58,3,0.18485651910305023,0.9375,64,walk_w070_S1
walk_w070_S1,59,3,0.12780912220478058,0.9137931034482759,58,walk_w070_S1
walk_w070_S1,60,0,,1.0,1,walk_w070_S1
walk_w070_S1,61,5,0.2210647165775299,0.9130434782608695,92,walk_w070_S1
walk_w070_S1,62,3,0.12615352869033813,0.9305555555555556,72,walk_w070_S1
walk_w070_S1,63,3,0.16251438856124878,0.9361702127659575,47,walk_w070_S1
walk_w070_S1,64,1,0.10965436697006226,0.9696969696969697,33,walk_w070_S1
walk_w070_S1,65,2,0.34445470571517944,0.8571428571428571,28,walk_w070_S1
walk_w070_S1,66,3,0.1481417417526245,0.8690476190476191,84,walk_w070_S1
walk_w070_S1,67,4,0.15635517239570618,0.7634408602150538,93,walk_w070_S1
walk_w070_S1,68,8,0.1627054214477539,0.8775510204081632,98,walk_w070_S1
walk_w070_S1,69,2,0.06754493713378906,0.9154929577464789,71,walk_w070_S1
walk_w070_S1,70,3,0.15424706041812897,0.9491525423728814,59,walk_w070_S1
walk_w070_S1,71,5,0.15244260430335999,0.9130434782608695,92,walk_w070_S1
walk_w070_S1,72,4,0.13202252984046936,0.9010989010989011,91,walk_w070_S1
walk_w070_S1,73,4,0.14117947220802307,0.9506172839506173,81,walk_w070_S1
walk_w070_S1,74,6,0.19311738014221191,0.9560439560439561,91,walk_w070_S1
walk_w070_S1,75,1,0.08930540084838867,1.0,45,walk_w070_S1
walk_w070_S1,76,4,0.16193129122257233,0.9666666666666667,90,walk_w070_S1
walk_w070_S1,77,5,0.19435058534145355,0.9473684210526315,57,walk_w070_S1
walk_w070_S1,78,5,0.15858812630176544,0.8620689655172413,87,walk_w070_S1
walk_w070_S1,79,5,0.22633318603038788,0.9803921568627451,51,walk_w070_S1
walk_w070_S1,80,3,0.23793794214725494,0.9259259259259259,27,walk_w070_S1
walk_w070_S1,81,4,0.2357037365436554,0.9036144578313253,83,walk_w070_S1
walk_w070_S1,82,1,0.16877508163452148,0.8928571428571429,28,walk_w070_S1
walk_w070_S1,83,5,0.23409819602966309,0.8314606741573034,89,walk_w070_S1
walk_w070_S1,84,4,0.31404393911361694,0.9487179487179487,39,walk_w070_S1
walk_w070_S1,85,2,0.25295907258987427,0.9,20,walk_w070_S1
walk_w070_S1,86,3,0.13811755180358887,0.9404761904761905,84,walk_w070_S1
walk_w070_S1,87,5,0.17742303013801575,0.9,90,walk_w070_S1
walk_w070_S1,88,1,0.29351985454559326,0.9090909090909091,22,walk_w070_S1
walk_w070_S1,89,2,0.16002202033996582,0.975,40,walk_w070_S1
walk_w070_S1,90,3,0.18955875933170319,0.9152542372881356,59,walk_w070_S1
walk_w070_S1,91,4,0.15659445524215698,0.898876404494382,89,walk_w070_S1
walk_w070_S1,92,3,0.08942552655935287,0.9405940594059405,101,walk_w070_S1
walk_w070_S1,93,4,0.1916888952255249,0.8452380952380952,84,walk_w070_S1
walk_w070_S1,94,1,0.12325513362884521,0.9855072463768116,69,walk_w070_S1
walk_w070_S1,95,5,0.16844817996025085,0.8709677419354839,93,walk_w070_S1
walk_w070_S1,96,0,,1.0,2,walk_w070_S1
walk_w070_S1,97,2,0.2949766516685486,0.8846153846153846,26,walk_w070_S1
walk_w070_S1,98,6,0.19706423580646515,0.9069767441860465,86,walk_w070_S1
walk_w070_S1,99,4,0.2883854806423187,0.9655172413793104,29,walk_w070_S1
walk_w100_S1,0,5,0.174463152885437,0.8478260869565217,92,walk_w100_S1
walk_w100_S1,1,6,0.22602348029613495,0.9012345679012346,81,walk_w100_S1
walk_w100_S1,2,2,0.20305472612380981,1.0,35,walk_w100_S1
walk_w100_S1,3,0,,1.0,8,walk_w100_S1
walk_w100_S1,4,9,0.21539132297039032,0.8829787234042553,94,walk_w100_S1
walk_w100_S1,5,0,,1.0,20,walk_w100_S1
walk_w100_S1,6,1,0.16255038976669312,0.9428571428571428,35,walk_w100_S1
walk_w100_S1,7,4,0.215690478682518,0.9456521739130435,92,walk_w100_S1
walk_w100_S1,8,11,0.3161123991012573,0.8539325842696629,89,walk_w100_S1
walk_w100_S1,9,3,0.1898118406534195,0.9479166666666666,96,walk_w100_S1
walk_w100_S1,10,3,0.10403623431921005,0.9120879120879121,91,walk_w100_S1
walk_w100_S1,11,6,0.2607874870300293,0.9846153846153847,65,walk_w100_S1
walk_w100_S1,12,6,0.25058266520500183,0.8522727272727273,88,walk_w100_S1
walk_w100_S1,13,3,0.21128366887569427,0.975,40,walk_w100_S1
walk_w100_S1,14,5,0.20930679142475128,0.8913043478260869,92,walk_w100_S1
walk_w100_S1,15,0,,0.9310344827586207,29,walk_w100_S1
walk_w100_S1,16,4,0.17257298529148102,0.898989898989899,99,walk_w100_S1
walk_w100_S1,17,4,0.24777573347091675,0.9375,80,walk_w100_S1
walk_w100_S1,18,5,0.23330387473106384,0.9358974358974359,78,walk_w100_S1
walk_w100_S1,19,5,0.19815751910209656,0.8556701030927835,97,walk_w100_S1
walk_w100_S1,20,0,,1.0,2,walk_w100_S1
walk_w100_S1,21,5,0.1990143358707428,0.8539325842696629,89,walk_w100_S1
walk_w100_S1,22,5,0.2169315069913864,0.8444444444444444,90,walk_w100_S1
walk_w100_S1,23,3,0.29187384247779846,0.9090909090909091,44,walk_w100_S1
walk_w100_S1,24,5,0.18525022268295288,0.8444444444444444,90,walk_w100_S1
walk_w100_S1,25,4,0.2671022415161133,0.9411764705882353,85,walk_w100_S1
walk_w100_S1,26,4,0.3304632008075714,1.0,36,walk_w100_S1
walk_w100_S1,27,1,0.1271524429321289,0.8823529411764706,17,walk_w100_S1
walk_w100_S1,28,7,0.24004152417182922,0.9358974358974359,78,walk_w100_S1
walk_w100_S1,29,0,,1.0,14,walk_w100_S1
walk_w100_S1,30,2,0.2638390064239502,0.9655172413793104,29,walk_w100_S1
walk_w100_S1,31,2,0.16200929880142212,0.9655172413793104,29,walk_w100_S1
walk_w100_S1,32,3,0.38703760504722595,0.9655172413793104,29,walk_w100_S1
walk_w100_S1,33,6,0.19757430255413055,0.8953488372093024,86,walk_w100_S1
walk_w100_S1,34,3,0.17069470882415771,0.9607843137254902,51,walk_w100_S1
walk_w100_S1,35,2,0.1321658492088318,0.8333333333333334,54,walk_w100_S1
walk_w100_S1,36,4,0.3414077162742615,0.95,80,walk_w100_S1
walk_w100_S1,37,7,0.25839710235595703,0.8777777777777778,90,walk_w100_S1
walk_w100_S1,38,10,0.21025514602661133,0.9333333333333333,90,walk_w100_S1
walk_w100_S1,39,2,0.1535699963569641,0.9701492537313433,67,walk_w100_S1
walk_w100_S1,40,4,0.18705116212368011,0.8681318681318682,91,walk_w100_S1
walk_w100_S1,41,3,0.13557535409927368,0.9285714285714286,56,walk_w100_S1
walk_w100_S1,42,1,0.24658489227294922,1.0,19,walk_w100_S1
walk_w100_S1,43,5,0.14346425235271454,0.9368421052631579,95,walk_w100_S1
walk_w100_S1,44,1,0.14637315273284912,1.0,38,walk_w100_S1
walk_w100_S1,45,2,0.15025091171264648,0.9814814814814815,54,walk_w100_S1
walk_w100_S1,46,10,0.2187882363796234,0.898876404494382,89,walk_w100_S1
walk_w100_S1,47,3,0.1860760897397995,0.9555555555555556,45,walk_w100_S1
walk_w100_S1,48,1,0.25872892141342163,0.9583333333333334,24,walk_w100_S1
walk_w100_S1,49,4,0.13809631764888763,0.8913043478260869,92,walk_w100_S1
walk_w100_S1,50,2,0.10520309209823608,0.9420289855072463,69,walk_w100_S1
walk_w100_S1,51,4,0.17785346508026123,0.85,40,walk_w100_S1
walk_w100_S1,52,4,0.2380499690771103,0.8833333333333333,60,walk_w100_S1
walk_w100_S1,53,7,0.2180730551481247,0.8522727272727273,88,walk_w100_S1
walk_w100_S1,54,2,0.22930791974067688,0.9629629629629629,27,walk_w100_S1
walk_w100_S1,55,6,0.21207185089588165,0.9340659340659341,91,walk_w100_S1
walk_w100_S1,56,1,0.3367830514907837,0.9,30,walk_w100_S1
walk_w100_S1,57,4,0.23264233767986298,0.9824561403508771,57,walk_w100_S1
walk_w100_S1,58,0,,1.0,17,walk_w100_S1
walk_w100_S1,59,1,0.14250409603118896,0.9333333333333333,45,walk_w100_S1
walk_w100_S1,60,1,0.10769927501678467,0.9807692307692307,52,walk_w100_S1
walk_w100_S1,61,6,0.17404420673847198,0.8589743589743589,78,walk_w100_S1
walk_w100_S1,62,3,0.3456534147262573,0.9230769230769231,26,walk_w100_S1
walk_w100_S1,63,4,0.12899747490882874,0.8936170212765957,94,walk_w100_S1
walk_w100_S1,64,4,0.15935717523097992,0.8953488372093024,86,walk_w100_S1
walk_w100_S1,65,1,0.25417661666870117,1.0,42,walk_w100_S1
walk_w100_S1,66,6,0.24037110805511475,0.8369565217391305,92,walk_w100_S1
walk_w100_S1,67,4,0.20103587210178375,0.8695652173913043,92,walk_w100_S1
walk_w100_S1,68,1,0.28200268745422363,1.0,31,walk_w100_S1
walk_w100_S1,69,5,0.264455646276474,0.8817204301075269,93,walk_w100_S1
walk_w100_S1,70,2,0.17952004075050354,0.8867924528301887,53,walk_w100_S1
walk_w100_S1,71,3,0.25139787793159485,0.9122807017543859,57,walk_w100_S1
walk_w100_S1,72,4,0.17258287966251373,0.9239130434782609,92,walk_w100_S1
walk_w100_S1,73,4,0.13071881234645844,0.9534883720930233,86,walk_w100_S1
walk_w100_S1,74,6,0.2792596220970154,0.9452054794520548,73,walk_w100_S1
walk_w100_S1,75,5,0.158237487077713,0.8526315789473684,95,walk_w100_S1
walk_w100_S1,76,5,0.1653526872396469,0.9111111111111111,90,walk_w100_S1
walk_w100_S1,77,4,0.2214977741241455,0.875,32,walk_w100_S1
walk_w100_S1,78,2,0.07822427153587341,0.9375,96,walk_w100_S1
walk_w100_S1,79,1,0.1269816756248474,0.9655172413793104,58,walk_w100_S1
walk_w100_S1,80,3,0.23793794214725494,0.9259259259259259,27,walk_w100_S1
walk_w100_S1,81,6,0.29920336604118347,0.9325842696629213,89,walk_w100_S1
walk_w100_S1,82,2,0.19293704628944397,0.95,40,walk_w100_S1
walk_w100_S1,83,3,0.25522783398628235,0.9012345679012346,81,walk_w100_S1
walk_w100_S1,84,2,0.07643187046051025,0.941747572815534,103,walk_w100_S1
walk_w100_S1,85,3,0.16879259049892426,0.9361702127659575,94,walk_w100_S1
walk_w100_S1,86,0,,1.0,16,walk_w100_S1
walk_w100_S1,87,6,0.20888829231262207,0.8876404494382022,89,walk_w100_S1
walk_w100_S1,88,2,0.08864524960517883,0.9139784946236559,93,walk_w100_S1
walk_w100_S1,89,0,,1.0,7,walk_w100_S1
walk_w100_S1,90,0,,1.0,9,walk_w100_S1
walk_w100_S1,91,3,0.13835394382476807,0.9135802469135802,81,walk_w100_S1
walk_w100_S1,92,4,0.1458728313446045,0.9285714285714286,98,walk_w100_S1
walk_w100_S1,93,4,0.23140838742256165,0.9473684210526315,38,walk_w100_S1
walk_w100_S1,94,4,0.2449577897787094,0.9574468085106383,47,walk_w100_S1
walk_w100_S1,95,8,0.2319553792476654,0.9560439560439561,91,walk_w100_S1
walk_w100_S1,96,0,,1.0,2,walk_w100_S1
walk_w100_S1,97,6,0.31509730219841003,0.9411764705882353,85,walk_w100_S1
walk_w100_S1,98,0,,1.0,14,walk_w100_S1
walk_w100_S1,99,3,0.2089209407567978,0.9459459459459459,37,walk_w100_S1
walk_S1,0,2,0.2220074832439422,0.9047619047619048,21,walk_S1
walk_S1,1,3,0.1426909118890762,0.896551724137931,87,walk_S1
walk_S1,2,3,0.1897133439779281,0.9183673469387756,49,walk_S1
walk_S1,3,0,,1.0,8,walk_S1
walk_S1,4,9,0.3347788453102112,0.9325842696629212,89,walk_S1
walk_S1,5,10,0.3000113368034363,0.9325842696629212,89,walk_S1
walk_S1,6,4,0.3265889883041382,1.0,28,walk_S1
walk_S1,7,5,0.2405293881893158,0.9565217391304348,92,walk_S1
walk_S1,8,5,0.1440214216709137,0.9042553191489362,94,walk_S1
walk_S1,9,5,0.2580087780952453,0.863013698630137,73,walk_S1
walk_S1,10,1,0.2047358751296997,0.9117647058823528,34,walk_S1
walk_S1,11,9,0.2547887563705444,0.9042553191489362,94,walk_S1
walk_S1,12,0,,1.0,9,walk_S1
walk_S1,13,2,0.3933009803295135,0.935483870967742,31,walk_S1
walk_S1,14,4,0.2241851836442947,0.9622641509433962,53,walk_S1
walk_S1,15,4,0.2027541548013687,0.9272727272727272,55,walk_S1
walk_S1,16,2,0.1251616477966308,1.0,35,walk_S1
walk_S1,17,0,,0.9545454545454546,22,walk_S1
walk_S1,18,4,0.1624969094991684,0.9484536082474226,97,walk_S1
walk_S1,19,4,0.1580785512924194,0.8478260869565217,92,walk_S1
walk_S1,20,4,0.2035638839006424,0.95,60,walk_S1
walk_S1,21,1,0.0770700573921203,0.9595959595959596,99,walk_S1
walk_S1,22,3,0.1152691021561622,0.9247311827956988,93,walk_S1
walk_S1,23,7,0.2326961308717727,0.8108108108108109,74,walk_S1
walk_S1,24,5,0.2147814333438873,0.8705882352941177,85,walk_S1
walk_S1,25,5,0.2058490067720413,0.8571428571428571,70,walk_S1
walk_S1,26,10,0.3349287509918213,0.875,80,walk_S1
walk_S1,27,3,0.2442734986543655,0.8372093023255814,43,walk_S1
walk_S1,28,7,0.2148995697498321,0.9647058823529412,85,walk_S1
walk_S1,29,4,0.1829171031713485,0.9069767441860463,86,walk_S1
walk_S1,30,4,0.2948380708694458,0.8620689655172413,87,walk_S1
walk_S1,31,7,0.1959996074438095,0.9239130434782608,92,walk_S1
walk_S1,32,2,0.2009377777576446,0.8947368421052632,38,walk_S1
walk_S1,33,1,0.2146949768066406,0.9545454545454546,22,walk_S1
walk_S1,34,5,0.1760896742343902,0.9041095890410958,73,walk_S1
walk_S1,35,3,0.307339608669281,0.9666666666666668,30,walk_S1
walk_S1,36,9,0.3196884393692016,0.9101123595505618,89,walk_S1
walk_S1,37,2,0.1797749996185302,0.8545454545454545,55,walk_S1
walk_S1,38,3,0.1292971819639206,0.9206349206349206,63,walk_S1
walk_S1,39,0,,0.9411764705882352,34,walk_S1
walk_S1,40,3,0.1275071054697036,0.8985507246376812,69,walk_S1
walk_S1,41,3,0.0930859073996543,0.875,48,walk_S1
walk_S1,42,0,,0.8888888888888888,18,walk_S1
walk_S1,43,3,0.1471740007400512,1.0,34,walk_S1
walk_S1,44,3,0.1101775765419006,0.8955223880597015,67,walk_S1
walk_S1,45,6,0.2392428666353225,0.891566265060241,83,walk_S1
walk_S1,46,6,0.1977918595075607,0.9204545454545454,88,walk_S1
walk_S1,47,1,0.2101248502731323,0.9615384615384616,26,walk_S1
walk_S1,48,5,0.2684890031814575,0.967741935483871,62,walk_S1
walk_S1,49,4,0.1795215159654617,0.934065934065934,91,walk_S1
walk_S1,50,0,,1.0,14,walk_S1
walk_S1,51,4,0.2281991839408874,0.9508196721311476,61,walk_S1
walk_S1,52,3,0.2515743672847748,0.9666666666666668,30,walk_S1
walk_S1,53,5,0.2762307226657867,0.7976190476190477,84,walk_S1
walk_S1,54,4,0.1311127245426178,0.925531914893617,94,walk_S1
walk_S1,55,3,0.1132139787077903,0.9052631578947368,95,walk_S1
walk_S1,56,9,0.247439756989479,0.8666666666666667,90,walk_S1
walk_S1,57,0,,0.967741935483871,31,walk_S1
walk_S1,58,4,0.1731392443180084,0.835820895522388,67,walk_S1
walk_S1,59,2,0.2177572846412658,0.9285714285714286,42,walk_S1
walk_S1,60,2,0.1038247644901275,0.9777777777777776,45,walk_S1
walk_S1,61,4,0.1513167470693588,0.8709677419354839,93,walk_S1
walk_S1,62,3,0.350104808807373,0.951219512195122,41,walk_S1
walk_S1,63,5,0.1507353484630584,0.9195402298850576,87,walk_S1
walk_S1,64,5,0.1665813624858856,0.8279569892473119,93,walk_S1
walk_S1,65,2,0.2105300426483154,0.9272727272727272,55,walk_S1
walk_S1,66,3,0.1598649621009826,0.9405940594059404,101,walk_S1
walk_S1,67,3,0.1938537508249282,0.875,56,walk_S1
walk_S1,68,9,0.429226815700531,0.8823529411764706,51,walk_S1
walk_S1,69,9,0.3365181386470794,0.8586956521739131,92,walk_S1
walk_S1,70,3,0.2076391577720642,0.9473684210526316,19,walk_S1
walk_S1,71,1,0.2167561054229736,1.0,20,walk_S1
walk_S1,72,3,0.1242128238081932,0.9666666666666668,90,walk_S1
walk_S1,73,9,0.2914400398731231,0.8977272727272727,88,walk_S1
walk_S1,74,4,0.2618879079818725,0.8787878787878788,66,walk_S1
walk_S1,75,5,0.2034633904695511,0.9305555555555556,72,walk_S1
walk_S1,76,2,0.1476339697837829,0.9166666666666666,36,walk_S1
walk_S1,77,2,0.1109468936920166,0.9285714285714286,42,walk_S1
walk_S1,78,3,0.2023382633924484,0.875,40,walk_S1
walk_S1,79,1,0.3555784225463867,1.0,25,walk_S1
walk_S1,80,7,0.2066539824008941,0.8426966292134831,89,walk_S1
walk_S1,81,7,0.3155824542045593,0.896551724137931,87,walk_S1
walk_S1,82,5,0.1703794598579406,0.918918918918919,74,walk_S1
walk_S1,83,5,0.2353096455335617,0.8651685393258427,89,walk_S1
walk_S1,84,5,0.2425530701875686,0.9302325581395348,43,walk_S1
walk_S1,85,6,0.2523622214794159,0.90625,64,walk_S1
walk_S1,86,1,0.1462964415550232,0.9655172413793104,29,walk_S1
walk_S1,87,2,0.116904467344284,0.875,80,walk_S1
walk_S1,88,1,0.1488475799560547,0.9534883720930232,43,walk_S1
walk_S1,89,0,,1.0,3,walk_S1
walk_S1,90,1,0.3259307146072387,1.0,24,walk_S1
walk_S1,91,5,0.2307283878326416,0.9078947368421052,76,walk_S1
walk_S1,92,5,0.3082616031169891,0.936842105263158,95,walk_S1
walk_S1,93,3,0.1565303802490234,0.9130434782608696,92,walk_S1
walk_S1,94,0,,1.0,10,walk_S1
walk_S1,95,1,0.1059529185295105,0.9166666666666666,12,walk_S1
walk_S1,96,11,0.3027122318744659,0.9325842696629212,89,walk_S1
walk_S1,97,3,0.2913720309734344,0.926829268292683,41,walk_S1
walk_S1,98,3,0.1969143003225326,0.8775510204081632,49,walk_S1
walk_S1,99,5,0.2678941786289215,0.90625,64,walk_S1
polygon_S2,0,4,0.1553979963064193,0.9101123595505618,89,polygon_S2
polygon_S2,1,9,0.218878835439682,0.9101123595505618,89,polygon_S2
polygon_S2,2,4,0.1967211365699768,0.9090909090909092,88,polygon_S2
polygon_S2,3,2,0.3680981993675232,0.9375,32,polygon_S2
polygon_S2,4,0,,1.0,16,polygon_S2
polygon_S2,5,6,0.1960590034723281,0.8571428571428571,98,polygon_S2
polygon_S2,6,4,0.1822901964187622,0.912087912087912,91,polygon_S2
polygon_S2,7,7,0.3420456349849701,0.8571428571428571,84,polygon_S2
polygon_S2,8,5,0.1914753019809723,0.875,88,polygon_S2
polygon_S2,9,7,0.2536222636699676,0.9090909090909092,77,polygon_S2
polygon_S2,10,0,,1.0,5,polygon_S2
polygon_S2,11,3,0.2259148359298706,1.0,42,polygon_S2
polygon_S2,12,5,0.2240168154239654,0.875,88,polygon_S2
polygon_S2,13,8,0.3470284342765808,0.8924731182795699,93,polygon_S2
polygon_S2,14,5,0.1716862767934799,0.9195402298850576,87,polygon_S2
polygon_S2,15,5,0.161172404885292,0.9090909090909092,88,polygon_S2
polygon_S2,16,5,0.3026730120182037,0.9032258064516128,62,polygon_S2
polygon_S2,17,5,0.1865007579326629,0.912087912087912,91,polygon_S2
polygon_S2,18,4,0.203231543302536,0.9278350515463918,97,polygon_S2
polygon_S2,19,6,0.2760241031646728,0.9111111111111112,90,polygon_S2
polygon_S2,20,5,0.1919527351856231,0.9545454545454546,44,polygon_S2
polygon_S2,21,4,0.3359763622283935,0.96,50,polygon_S2
polygon_S2,22,3,0.1727168411016464,0.8888888888888888,81,polygon_S2
polygon_S2,23,9,0.2452410608530044,0.9148936170212766,94,polygon_S2
polygon_S2,24,5,0.1630616188049316,0.9178082191780822,73,polygon_S2
polygon_S2,25,1,0.1132518649101257,0.9821428571428572,56,polygon_S2
polygon_S2,26,2,0.2042589485645294,0.9722222222222222,36,polygon_S2
polygon_S2,27,6,0.3262286186218261,0.943661971830986,71,polygon_S2
polygon_S2,28,4,0.1904346495866775,0.9361702127659576,94,polygon_S2
polygon_S2,29,6,0.2256877571344375,0.8488372093023255,86,polygon_S2
polygon_S2,30,1,0.2470462322235107,1.0,11,polygon_S2
polygon_S2,31,8,0.225109651684761,0.9213483146067416,89,polygon_S2
polygon_S2,32,4,0.3632912635803222,0.9411764705882352,34,polygon_S2
polygon_S2,33,8,0.1754256635904312,0.9294117647058824,85,polygon_S2
polygon_S2,34,1,0.3705982565879822,1.0,15,polygon_S2
polygon_S2,35,4,0.23065085709095,0.8676470588235294,68,polygon_S2
polygon_S2,36,8,0.2553995847702026,0.9555555555555556,90,polygon_S2
polygon_S2,37,3,0.1953703165054321,0.98,50,polygon_S2
polygon_S2,38,5,0.1982026249170303,0.8222222222222222,90,polygon_S2
polygon_S2,39,5,0.1531624048948288,0.8723404255319149,94,polygon_S2
polygon_S2,40,3,0.1542772203683853,0.8888888888888888,54,polygon_S2
polygon_S2,41,3,0.302198976278305,0.945945945945946,37,polygon_S2
polygon_S2,42,9,0.3343175649642944,0.8941176470588236,85,polygon_S2
polygon_S2,43,8,0.3201861679553985,0.90625,64,polygon_S2
polygon_S2,44,3,0.2072461694478988,0.9080459770114944,87,polygon_S2
polygon_S2,45,3,0.1920183300971985,0.9333333333333332,45,polygon_S2
polygon_S2,46,6,0.2043879032135009,0.942528735632184,87,polygon_S2
polygon_S2,47,3,0.1320766359567642,0.9565217391304348,46,polygon_S2
polygon_S2,48,8,0.2098725736141204,0.8823529411764706,85,polygon_S2
polygon_S2,49,6,0.2357029169797897,0.9333333333333332,90,polygon_S2
polygon_S2,50,1,0.1388391852378845,0.9714285714285714,35,polygon_S2
polygon_S2,51,6,0.2681204378604889,0.9333333333333332,90,polygon_S2
polygon_S2,52,1,0.2275824546813964,0.9375,16,polygon_S2
polygon_S2,53,5,0.2850066125392914,0.9545454545454546,88,polygon_S2
polygon_S2,54,5,0.2019770592451095,0.9041095890410958,73,polygon_S2
polygon_S2,55,5,0.2197354733943939,0.8977272727272727,88,polygon_S2
polygon_S2,56,1,0.3656133413314819,1.0,21,polygon_S2
polygon_S2,57,3,0.1361122876405716,0.9148936170212766,94,polygon_S2
polygon_S2,58,3,0.1875100135803222,0.9523809523809524,42,polygon_S2
polygon_S2,59,5,0.1553737223148346,0.8172043010752689,93,polygon_S2
polygon_S2,60,1,0.9908835291862488,1.0,15,polygon_S2
polygon_S2,61,3,0.1720380187034607,0.9148936170212766,94,polygon_S2
polygon_S2,62,10,0.2892803251743316,0.9310344827586208,87,polygon_S2
polygon_S2,63,5,0.2240194827318191,0.8791208791208791,91,polygon_S2
polygon_S2,64,4,0.1654119491577148,0.8494623655913979,93,polygon_S2
polygon_S2,65,5,0.1835261285305023,0.9146341463414634,82,polygon_S2
polygon_S2,66,6,0.1726544350385666,0.8522727272727273,88,polygon_S2
polygon_S2,67,2,0.2999364733695984,1.0,31,polygon_S2
polygon_S2,68,5,0.1969152241945266,0.8955223880597015,67,polygon_S2
polygon_S2,69,6,0.1928716897964477,0.8426966292134831,89,polygon_S2
polygon_S2,70,2,0.1130212247371673,0.9722222222222222,36,polygon_S2
polygon_S2,71,6,0.3128593862056732,0.881578947368421,76,polygon_S2
polygon_S2,72,3,0.1440835148096084,0.9222222222222224,90,polygon_S2
polygon_S2,73,7,0.2476708441972732,0.8913043478260869,92,polygon_S2
polygon_S2,74,3,0.1509160995483398,0.9101123595505618,89,polygon_S2
polygon_S2,75,1,0.095446765422821,0.96875,64,polygon_S2
polygon_S2,76,5,0.1750875264406204,0.9010989010989012,91,polygon_S2
polygon_S2,77,7,0.2629781663417816,0.898876404494382,89,polygon_S2
polygon_S2,78,4,0.1693678647279739,0.8045977011494253,87,polygon_S2
polygon_S2,79,4,0.2011467367410659,0.9069767441860463,86,polygon_S2
polygon_S2,80,3,0.1779354959726333,0.9473684210526316,38,polygon_S2
polygon_S2,81,5,0.1774958372116089,0.9148936170212766,94,polygon_S2
polygon_S2,82,2,0.1381271183490753,0.9166666666666666,60,polygon_S2
polygon_S2,83,2,0.1925004422664642,0.951219512195122,41,polygon_S2
polygon_S2,84,6,0.2318227440118789,0.9438202247191012,89,polygon_S2
polygon_S2,85,3,0.2511333525180816,0.8372093023255814,43,polygon_S2
polygon_S2,86,6,0.2387140244245529,0.9361702127659576,94,polygon_S2
polygon_S2,87,2,0.1341434717178344,0.9210526315789472,38,polygon_S2
polygon_S2,88,5,0.1771148145198822,0.8876404494382022,89,polygon_S2
polygon_S2,89,4,0.1537210792303085,0.8539325842696629,89,polygon_S2
polygon_S2,90,0,,1.0,11,polygon_S2
polygon_S2,91,4,0.1149542182683944,0.9090909090909092,88,polygon_S2
polygon_S2,92,6,0.2062032967805862,0.9222222222222224,90,polygon_S2
polygon_S2,93,9,0.3429883122444153,0.8674698795180723,83,polygon_S2
polygon_S2,94,11,0.3182054758071899,0.8452380952380952,84,polygon_S2
polygon_S2,95,1,0.4456669688224792,1.0,7,polygon_S2
polygon_S2,96,1,0.0936355590820312,0.9508196721311476,61,polygon_S2
polygon_S2,97,5,0.2338383197784423,0.9347826086956522,92,polygon_S2
polygon_S2,98,6,0.233937919139862,0.9010989010989012,91,polygon_S2
polygon_S2,99,0,,1.0,2,polygon_S2
walk_w000_S2,0,3,0.2892906963825226,0.9056603773584906,53,walk_w000_S2
walk_w000_S2,1,6,0.20581845939159393,0.9090909090909091,88,walk_w000_S2
walk_w000_S2,2,5,0.20573067665100098,0.8850574712643678,87,walk_w000_S2
walk_w000_S2,3,3,0.19322125613689423,0.9230769230769231,52,walk_w000_S2
walk_w000_S2,4,9,0.4585808515548706,0.9875,80,walk_w000_S2
walk_w000_S2,5,4,0.44968491792678833,0.9642857142857143,28,walk_w000_S2
walk_w000_S2,6,11,0.26960599422454834,0.9,90,walk_w000_S2
walk_w000_S2,7,2,0.1727094054222107,0.8913043478260869,46,walk_w000_S2
walk_w000_S2,8,3,0.171197772026062,0.875,72,walk_w000_S2
walk_w000_S2,9,8,0.3861044645309448,0.8933333333333333,75,walk_w000_S2
walk_w000_S2,10,2,0.2797050476074219,1.0,15,walk_w000_S2
walk_w000_S2,11,7,0.25274035334587097,0.9148936170212766,94,walk_w000_S2
walk_w000_S2,12,5,0.1675271838903427,0.9052631578947369,95,walk_w000_S2
walk_w000_S2,13,3,0.2095327526330948,0.925,40,walk_w000_S2
walk_w000_S2,14,5,0.19811123609542847,0.9230769230769231,91,walk_w000_S2
walk_w000_S2,15,11,0.2864266633987427,0.9418604651162791,86,walk_w000_S2
walk_w000_S2,16,4,0.17856863141059875,0.9365079365079365,63,walk_w000_S2
walk_w000_S2,17,6,0.23337256908416748,0.9186046511627907,86,walk_w000_S2
walk_w000_S2,18,8,0.3529684841632843,0.9047619047619048,84,walk_w000_S2
walk_w000_S2,19,4,0.20409265160560608,0.975609756097561,41,walk_w000_S2
walk_w000_S2,20,4,0.1411023736000061,0.8939393939393939,66,walk_w000_S2
walk_w000_S2,21,0,,1.0,5,walk_w000_S2
walk_w000_S2,22,8,0.22237928211688995,0.9139784946236559,93,walk_w000_S2
walk_w000_S2,23,3,0.28688016533851624,0.9090909090909091,88,walk_w000_S2
walk_w000_S2,24,5,0.19399788975715637,0.9333333333333333,90,walk_w000_S2
walk_w000_S2,25,4,0.22132527828216553,0.90625,96,walk_w000_S2
walk_w000_S2,26,8,0.2745852470397949,0.9195402298850575,87,walk_w000_S2
walk_w000_S2,27,7,0.3422066271305084,0.8571428571428571,70,walk_w000_S2
walk_w000_S2,28,2,0.15302491188049316,0.9722222222222222,36,walk_w000_S2
walk_w000_S2,29,3,0.21261020004749298,0.8823529411764706,85,walk_w000_S2
walk_w000_S2,30,3,0.19089579582214355,0.8245614035087719,57,walk_w000_S2
walk_w000_S2,31,8,0.21417483687400818,0.9111111111111111,90,walk_w000_S2
walk_w000_S2,32,5,0.3690556287765503,0.9016393442622951,61,walk_w000_S2
walk_w000_S2,33,4,0.11261583864688873,0.9270833333333334,96,walk_w000_S2
walk_w000_S2,34,2,0.18239033222198486,0.9705882352941176,34,walk_w000_S2
walk_w000_S2,35,2,0.18414628505706787,0.9148936170212766,47,walk_w000_S2
walk_w000_S2,36,6,0.2646971344947815,0.8961038961038961,77,walk_w000_S2
walk_w000_S2,37,5,0.2617855966091156,0.8701298701298701,77,walk_w000_S2
walk_w000_S2,38,2,0.31786367297172546,0.95,40,walk_w000_S2
walk_w000_S2,39,6,0.31000250577926636,0.9285714285714286,70,walk_w000_S2
walk_w000_S2,40,4,0.14862234890460968,0.9230769230769231,91,walk_w000_S2
walk_w000_S2,41,3,0.23608613014221191,0.863013698630137,73,walk_w000_S2
walk_w000_S2,42,2,0.2925746738910675,1.0,29,walk_w000_S2
walk_w000_S2,43,2,0.2249201238155365,0.9545454545454546,22,walk_w000_S2
walk_w000_S2,44,1,0.3961601257324219,0.95,20,walk_w000_S2
walk_w000_S2,45,5,0.12202441692352295,0.9306930693069307,101,walk_w000_S2
walk_w000_S2,46,6,0.3189879357814789,0.9333333333333333,60,walk_w000_S2
walk_w000_S2,47,5,0.16599929332733154,0.875,88,walk_w000_S2
walk_w000_S2,48,4,0.2711203694343567,0.9772727272727273,44,walk_w000_S2
walk_w000_S2,49,2,0.11697953939437866,0.898876404494382,89,walk_w000_S2
walk_w000_S2,50,4,0.15312378108501434,0.96875,96,walk_w000_S2
walk_w000_S2,51,6,0.23908214271068573,0.9456521739130435,92,walk_w000_S2
walk_w000_S2,52,2,0.24731990694999695,0.9411764705882353,34,walk_w000_S2
walk_w000_S2,53,3,0.26078566908836365,0.872093023255814,86,walk_w000_S2
walk_w000_S2,54,6,0.18742887675762177,0.8352941176470589,85,walk_w000_S2
walk_w000_S2,55,0,,1.0,10,walk_w000_S2
walk_w000_S2,56,5,0.23855671286582947,0.9622641509433962,53,walk_w000_S2
walk_w000_S2,57,4,0.18241819739341736,0.9333333333333333,90,walk_w000_S2
walk_w000_S2,58,4,0.2469855546951294,0.8865979381443299,97,walk_w000_S2
walk_w000_S2,59,1,0.10434234142303467,0.9629629629629629,27,walk_w000_S2
walk_w000_S2,60,7,0.29242345690727234,0.8901098901098901,91,walk_w000_S2
walk_w000_S2,61,6,0.2626037001609802,0.9302325581395349,86,walk_w000_S2
walk_w000_S2,62,7,0.2859932780265808,0.8961038961038961,77,walk_w000_S2
walk_w000_S2,63,2,0.1543961465358734,0.8913043478260869,46,walk_w000_S2
walk_w000_S2,64,3,0.17527419328689575,0.8426966292134831,89,walk_w000_S2
walk_w000_S2,65,2,0.23180949687957764,0.9090909090909091,33,walk_w000_S2
walk_w000_S2,66,2,0.13615870475769043,0.9175257731958762,97,walk_w000_S2
walk_w000_S2,67,4,0.15817373991012573,0.9473684210526315,95,walk_w000_S2
walk_w000_S2,68,4,0.21277815103530884,0.9583333333333334,48,walk_w000_S2
walk_w000_S2,69,3,0.3931054174900055,0.9655172413793104,29,walk_w000_S2
walk_w000_S2,70,0,,1.0,26,walk_w000_S2
walk_w000_S2,71,6,0.15369655191898346,0.9024390243902439,82,walk_w000_S2
walk_w000_S2,72,8,0.26491761207580566,0.9139784946236559,93,walk_w000_S2
walk_w000_S2,73,1,0.31908684968948364,0.95,20,walk_w000_S2
walk_w000_S2,74,4,0.2262817919254303,0.8404255319148937,94,walk_w000_S2
walk_w000_S2,75,6,0.2643229365348816,0.9111111111111111,90,walk_w000_S2
walk_w000_S2,76,4,0.17642205953598022,0.9423076923076923,52,walk_w000_S2
walk_w000_S2,77,2,0.14506268501281738,0.9354838709677419,62,walk_w000_S2
walk_w000_S2,78,3,0.24473385512828827,0.9019607843137255,51,walk_w000_S2
walk_w000_S2,79,2,0.2395513653755188,0.9148936170212766,47,walk_w000_S2
walk_w000_S2,80,3,0.13948625326156616,0.9090909090909091,33,walk_w000_S2
walk_w000_S2,81,4,0.18014992773532867,0.8452380952380952,84,walk_w000_S2
walk_w000_S2,82,3,0.2789899408817291,0.9259259259259259,27,walk_w000_S2
walk_w000_S2,83,9,0.2949083149433136,0.9310344827586207,87,walk_w000_S2
walk_w000_S2,84,3,0.16341334581375122,0.9529411764705882,85,walk_w000_S2
walk_w000_S2,85,4,0.1592295616865158,0.8518518518518519,81,walk_w000_S2
walk_w000_S2,86,4,0.19891606271266937,0.8780487804878049,82,walk_w000_S2
walk_w000_S2,87,1,0.7364396452903748,0.9,20,walk_w000_S2
walk_w000_S2,88,0,,1.0,26,walk_w000_S2
walk_w000_S2,89,1,0.13374090194702148,0.8974358974358975,78,walk_w000_S2
walk_w000_S2,90,0,,,0,walk_w000_S2
walk_w000_S2,91,7,0.22413930296897888,0.945054945054945,91,walk_w000_S2
walk_w000_S2,92,9,0.2630266547203064,0.9042553191489362,94,walk_w000_S2
walk_w000_S2,93,3,0.1488032341003418,0.8472222222222222,72,walk_w000_S2
walk_w000_S2,94,1,0.5512728691101074,0.9,10,walk_w000_S2
walk_w000_S2,95,1,0.17991632223129272,1.0,37,walk_w000_S2
walk_w000_S2,96,2,0.3713889718055725,0.8571428571428571,28,walk_w000_S2
walk_w000_S2,97,4,0.23003779351711273,0.855072463768116,69,walk_w000_S2
walk_w000_S2,98,1,0.4775424003601074,1.0,20,walk_w000_S2
walk_w000_S2,99,5,0.17402958869934082,0.9010989010989011,91,walk_w000_S2
walk_w040_S2,0,1,0.2675802707672119,1.0,20,walk_w040_S2
walk_w040_S2,1,3,0.14156289398670197,0.9325842696629213,89,walk_w040_S2
walk_w040_S2,2,6,0.28893429040908813,0.8863636363636364,88,walk_w040_S2
walk_w040_S2,3,0,,1.0,8,walk_w040_S2
walk_w040_S2,4,3,0.39206424355506897,0.9705882352941176,34,walk_w040_S2
walk_w040_S2,5,4,0.21284471452236176,0.9021739130434783,92,walk_w040_S2
walk_w040_S2,6,11,0.25962817668914795,0.9263157894736842,95,walk_w040_S2
walk_w040_S2,7,5,0.1833583414554596,0.8604651162790697,86,walk_w040_S2
walk_w040_S2,8,4,0.1256168633699417,0.9090909090909091,88,walk_w040_S2
walk_w040_S2,9,5,0.24299244582653046,0.8524590163934426,61,walk_w040_S2
walk_w040_S2,10,4,0.17270351946353912,0.9032258064516129,93,walk_w040_S2
walk_w040_S2,11,7,0.19080296158790588,0.8695652173913043,92,walk_w040_S2
walk_w040_S2,12,3,0.14530612528324127,0.9069767441860465,86,walk_w040_S2
walk_w040_S2,13,5,0.20523199439048767,0.8736842105263158,95,walk_w040_S2
walk_w040_S2,14,5,0.18100781738758087,0.9431818181818182,88,walk_w040_S2
walk_w040_S2,15,4,0.15066544711589813,0.8260869565217391,92,walk_w040_S2
walk_w040_S2,16,4,0.2371930330991745,0.9605263157894737,76,walk_w040_S2
walk_w040_S2,17,2,0.1480741798877716,0.9354838709677419,31,walk_w040_S2
walk_w040_S2,18,2,0.26648640632629395,0.972972972972973,37,walk_w040_S2
walk_w040_S2,19,6,0.25564634799957275,0.9210526315789473,76,walk_w040_S2
walk_w040_S2,20,5,0.17473797500133514,0.9302325581395349,86,walk_w040_S2
walk_w040_S2,21,4,0.18785767257213593,0.9125,80,walk_w040_S2
walk_w040_S2,22,2,0.16112995147705078,0.984375,64,walk_w040_S2
walk_w040_S2,23,6,0.23706741631031036,0.8586956521739131,92,walk_w040_S2
walk_w040_S2,24,5,0.14042216539382935,0.8850574712643678,87,walk_w040_S2
walk_w040_S2,25,2,0.09829765558242798,0.9139784946236559,93,walk_w040_S2
walk_w040_S2,26,1,0.12417280673980713,0.9772727272727273,44,walk_w040_S2
walk_w040_S2,27,3,0.1901104897260666,1.0,47,walk_w040_S2
walk_w040_S2,28,4,0.26214849948883057,0.9222222222222223,90,walk_w040_S2
walk_w040_S2,29,4,0.18303480744361877,0.9176470588235294,85,walk_w040_S2
walk_w040_S2,30,7,0.15044498443603516,0.9368421052631579,95,walk_w040_S2
walk_w040_S2,31,7,0.1691892445087433,0.9222222222222223,90,walk_w040_S2
walk_w040_S2,32,6,0.22687657177448273,0.8522727272727273,88,walk_w040_S2
walk_w040_S2,33,3,0.22347813844680786,0.9230769230769231,52,walk_w040_S2
walk_w040_S2,34,1,0.24988722801208496,1.0,22,walk_w040_S2
walk_w040_S2,35,3,0.2177070528268814,0.9264705882352942,68,walk_w040_S2
walk_w040_S2,36,7,0.1574702113866806,0.8478260869565217,92,walk_w040_S2
walk_w040_S2,37,3,0.30040764808654785,0.92,50,walk_w040_S2
walk_w040_S2,38,5,0.22997693717479706,0.975,40,walk_w040_S2
walk_w040_S2,39,6,0.19336092472076416,0.9302325581395349,86,walk_w040_S2
walk_w040_S2,40,3,0.21597528457641602,0.96,50,walk_w040_S2
walk_w040_S2,41,3,0.12614203989505768,0.9418604651162791,86,walk_w040_S2
walk_w040_S2,42,6,0.29328691959381104,0.9545454545454546,88,walk_w040_S2
walk_w040_S2,43,4,0.20378215610980988,0.8977272727272727,88,walk_w040_S2
walk_w040_S2,44,5,0.23697860538959503,0.8222222222222222,90,walk_w040_S2
walk_w040_S2,45,4,0.19059692323207855,0.9069767441860465,86,walk_w040_S2
walk_w040_S2,46,6,0.2029258757829666,0.9444444444444444,90,walk_w040_S2
walk_w040_S2,47,4,0.2525862157344818,0.9193548387096774,62,walk_w040_S2
walk_w040_S2,48,3,0.17681460082530975,0.9642857142857143,84,walk_w040_S2
walk_w040_S2,49,3,0.13927632570266724,0.9509803921568627,102,walk_w040_S2
walk_w040_S2,50,3,0.444601446390152,0.9696969696969697,33,walk_w040_S2
walk_w040_S2,51,2,0.1004771888256073,0.8857142857142857,70,walk_w040_S2
walk_w040_S2,52,3,0.17574970424175262,0.9402985074626866,67,walk_w040_S2
walk_w040_S2,53,3,0.1764385849237442,0.9058823529411765,85,walk_w040_S2
walk_w040_S2,54,5,0.13246265053749084,0.9354838709677419,93,walk_w040_S2
walk_w040_S2,55,2,0.19823890924453735,0.9594594594594594,74,walk_w040_S2
walk_w040_S2,56,4,0.15571460127830505,0.9090909090909091,77,walk_w040_S2
walk_w040_S2,57,4,0.14841556549072266,0.8315789473684211,95,walk_w040_S2
walk_w040_S2,58,4,0.29686686396598816,0.9302325581395349,43,walk_w040_S2
walk_w040_S2,59,8,0.26573389768600464,0.9032258064516129,93,walk_w040_S2
walk_w040_S2,60,1,0.05910086631774902,0.9805825242718447,103,walk_w040_S2
walk_w040_S2,61,4,0.16037799417972565,0.8777777777777778,90,walk_w040_S2
walk_w040_S2,62,3,0.21323134005069733,0.9761904761904762,42,walk_w040_S2
walk_w040_S2,63,4,0.202659010887146,0.9090909090909091,88,walk_w040_S2
walk_w040_S2,64,3,0.12566989660263062,0.967741935483871,62,walk_w040_S2
walk_w040_S2,65,2,0.19476169347763062,0.9649122807017544,57,walk_w040_S2
walk_w040_S2,66,4,0.25309160351753235,0.8842105263157894,95,walk_w040_S2
walk_w040_S2,67,3,0.17028534412384033,0.98,50,walk_w040_S2
walk_w040_S2,68,4,0.14879722893238068,0.9204545454545454,88,walk_w040_S2
walk_w040_S2,69,4,0.1991472691297531,0.967032967032967,91,walk_w040_S2
walk_w040_S2,70,3,0.30702298879623413,0.9285714285714286,28,walk_w040_S2
walk_w040_S2,71,5,0.15495702624320984,0.9545454545454546,88,walk_w040_S2
walk_w040_S2,72,6,0.17783679068088531,0.9479166666666666,96,walk_w040_S2
walk_w040_S2,73,5,0.1724207103252411,0.9318181818181818,88,walk_w040_S2
walk_w040_S2,74,2,0.12157583236694336,0.9157894736842105,95,walk_w040_S2
walk_w040_S2,75,8,0.22307726740837097,0.87,100,walk_w040_S2
walk_w040_S2,76,5,0.24807986617088318,0.9180327868852459,61,walk_w040_S2
walk_w040_S2,77,5,0.196096733212471,0.8863636363636364,88,walk_w040_S2
walk_w040_S2,78,5,0.19411301612854004,0.7956989247311828,93,walk_w040_S2
walk_w040_S2,79,8,0.2868865430355072,0.9555555555555556,90,walk_w040_S2
walk_w040_S2,80,6,0.17440646886825562,0.9139784946236559,93,walk_w040_S2
walk_w040_S2,81,4,0.1854475438594818,0.8791208791208791,91,walk_w040_S2
walk_w040_S2,82,3,0.16683489084243774,0.8617021276595744,94,walk_w040_S2
walk_w040_S2,83,1,0.3876391053199768,1.0,19,walk_w040_S2
walk_w040_S2,84,4,0.14120423793792725,0.8461538461538461,91,walk_w040_S2
walk_w040_S2,85,3,0.4662899076938629,1.0,25,walk_w040_S2
walk_w040_S2,86,1,0.08986514806747437,1.0,36,walk_w040_S2
walk_w040_S2,87,0,,0.9411764705882353,17,walk_w040_S2
walk_w040_S2,88,9,0.27217087149620056,0.9195402298850575,87,walk_w040_S2
walk_w040_S2,89,3,0.19288335740566254,0.8311688311688312,77,walk_w040_S2
walk_w040_S2,90,0,,,0,walk_w040_S2
walk_w040_S2,91,10,0.3392057418823242,0.9431818181818182,88,walk_w040_S2
walk_w040_S2,92,4,0.2006346881389618,0.93,100,walk_w040_S2
walk_w040_S2,93,2,0.14554446935653687,0.8505747126436781,87,walk_w040_S2
walk_w040_S2,94,2,0.1979769468307495,0.9807692307692307,52,walk_w040_S2
walk_w040_S2,95,4,0.19464942812919617,0.9647058823529412,85,walk_w040_S2
walk_w040_S2,96,2,0.24847394227981567,0.9318181818181818,44,walk_w040_S2
walk_w040_S2,97,4,0.28052234649658203,0.8688524590163934,61,walk_w040_S2
walk_w040_S2,98,7,0.2407768815755844,0.9080459770114943,87,walk_w040_S2
walk_w040_S2,99,0,,1.0,10,walk_w040_S2
walk_w070_S2,0,4,0.1532433182001114,0.8775510204081632,98,walk_w070_S2
walk_w070_S2,1,4,0.17463833093643188,0.8222222222222222,90,walk_w070_S2
walk_w070_S2,2,5,0.18472658097743988,0.9148936170212766,94,walk_w070_S2
walk_w070_S2,3,6,0.30330538749694824,0.875,88,walk_w070_S2
walk_w070_S2,4,8,0.2426805943250656,0.9042553191489362,94,walk_w070_S2
walk_w070_S2,5,3,0.1897095888853073,0.9230769230769231,78,walk_w070_S2
walk_w070_S2,6,4,0.16762392222881317,0.8295454545454546,88,walk_w070_S2
walk_w070_S2,7,5,0.2939876616001129,0.8409090909090909,88,walk_w070_S2
walk_w070_S2,8,4,0.20392344892024994,0.8441558441558441,77,walk_w070_S2
walk_w070_S2,9,8,0.23260819911956787,0.8375,80,walk_w070_S2
walk_w070_S2,10,4,0.13212209939956665,0.9139784946236559,93,walk_w070_S2
walk_w070_S2,11,5,0.3258046507835388,0.9302325581395349,86,walk_w070_S2
walk_w070_S2,12,11,0.28362715244293213,0.8829787234042553,94,walk_w070_S2
walk_w070_S2,13,4,0.12830233573913574,0.9183673469387755,98,walk_w070_S2
walk_w070_S2,14,5,0.2432757169008255,0.8936170212765957,94,walk_w070_S2
walk_w070_S2,15,3,0.12705402076244354,0.8842105263157894,95,walk_w070_S2
walk_w070_S2,16,4,0.11600551009178162,0.9024390243902439,82,walk_w070_S2
walk_w070_S2,17,1,0.2819030284881592,1.0,15,walk_w070_S2
walk_w070_S2,18,8,0.26562488079071045,0.8444444444444444,90,walk_w070_S2
walk_w070_S2,19,3,0.16059285402297974,0.9397590361445783,83,walk_w070_S2
walk_w070_S2,20,11,0.2658891975879669,0.872093023255814,86,walk_w070_S2
walk_w070_S2,21,5,0.20684953033924103,0.8695652173913043,92,walk_w070_S2
walk_w070_S2,22,3,0.21243827044963837,0.946236559139785,93,walk_w070_S2
walk_w070_S2,23,7,0.25890541076660156,0.9325842696629213,89,walk_w070_S2
walk_w070_S2,24,4,0.17311091721057892,0.9384615384615385,65,walk_w070_S2
walk_w070_S2,25,5,0.12810340523719788,0.9052631578947369,95,walk_w070_S2
walk_w070_S2,26,3,0.23825021088123322,0.9285714285714286,70,walk_w070_S2
walk_w070_S2,27,2,0.19549626111984253,0.9230769230769231,26,walk_w070_S2
walk_w070_S2,28,5,0.20430846512317657,0.9157894736842105,95,walk_w070_S2
walk_w070_S2,29,4,0.19231317937374115,0.8571428571428571,70,walk_w070_S2
walk_w070_S2,30,1,0.18224143981933594,1.0,24,walk_w070_S2
walk_w070_S2,31,2,0.22970488667488098,0.9240506329113924,79,walk_w070_S2
walk_w070_S2,32,6,0.20307333767414093,0.8795180722891566,83,walk_w070_S2
walk_w070_S2,33,8,0.31987786293029785,0.8791208791208791,91,walk_w070_S2
walk_w070_S2,34,3,0.19717423617839813,0.9607843137254902,51,walk_w070_S2
walk_w070_S2,35,9,0.4405018389225006,0.9,80,walk_w070_S2
walk_w070_S2,36,4,0.30421537160873413,0.9629629629629629,54,walk_w070_S2
walk_w070_S2,37,4,0.1419629454612732,0.8690476190476191,84,walk_w070_S2
walk_w070_S2,38,7,0.26780369877815247,0.9130434782608695,92,walk_w070_S2
walk_w070_S2,39,4,0.15704351663589478,0.8369565217391305,92,walk_w070_S2
walk_w070_S2,40,5,0.2117394506931305,0.9310344827586207,87,walk_w070_S2
walk_w070_S2,41,1,0.1525401473045349,0.9428571428571428,35,walk_w070_S2
walk_w070_S2,42,0,,1.0,3,walk_w070_S2
walk_w070_S2,43,10,0.1977057009935379,0.8709677419354839,93,walk_w070_S2
walk_w070_S2,44,5,0.18860533833503723,0.8865979381443299,97,walk_w070_S2
walk_w070_S2,45,6,0.147281214594841,0.9263157894736842,95,walk_w070_S2
walk_w070_S2,46,4,0.11561444401741028,0.9361702127659575,94,walk_w070_S2
walk_w070_S2,47,6,0.25756874680519104,0.8333333333333334,90,walk_w070_S2
walk_w070_S2,48,1,0.2452700138092041,1.0,24,walk_w070_S2
walk_w070_S2,49,4,0.20731383562088013,0.92,75,walk_w070_S2
walk_w070_S2,50,1,0.19681966304779053,0.9285714285714286,28,walk_w070_S2
walk_w070_S2,51,4,0.16662301123142242,0.8426966292134831,89,walk_w070_S2
walk_w070_S2,52,4,0.26512929797172546,0.94,50,walk_w070_S2
walk_w070_S2,53,5,0.23247547447681427,0.9195402298850575,87,walk_w070_S2
walk_w070_S2,54,3,0.09444665908813477,0.845360824742268,97,walk_w070_S2
walk_w070_S2,55,5,0.19399835169315338,0.9101123595505618,89,walk_w070_S2
walk_w070_S2,56,5,0.23329691588878632,0.9636363636363636,55,walk_w070_S2
walk_w070_S2,57,4,0.20450057089328766,0.9111111111111111,90,walk_w070_S2
walk_w070_S2,58,6,0.2847212851047516,0.875,88,walk_w070_S2
walk_w070_S2,59,10,0.2740614116191864,0.8681318681318682,91,walk_w070_S2
walk_w070_S2,60,6,0.3258424401283264,0.8791208791208791,91,walk_w070_S2
walk_w070_S2,61,3,0.1439649909734726,0.8987341772151899,79,walk_w070_S2
walk_w070_S2,62,12,0.27715930342674255,0.8804347826086957,92,walk_w070_S2
walk_w070_S2,63,5,0.1823534071445465,0.9111111111111111,90,walk_w070_S2
walk_w070_S2,64,6,0.26246178150177,0.9195402298850575,87,walk_w070_S2
walk_w070_S2,65,0,,1.0,35,walk_w070_S2
walk_w070_S2,66,5,0.2045433521270752,0.9032258064516129,93,walk_w070_S2
walk_w070_S2,67,11,0.24133305251598358,0.8681318681318682,91,walk_w070_S2
walk_w070_S2,68,6,0.26740723848342896,0.9111111111111111,90,walk_w070_S2
walk_w070_S2,69,4,0.24682745337486267,0.98,50,walk_w070_S2
walk_w070_S2,70,4,0.21799102425575256,0.9459459459459459,37,walk_w070_S2
walk_w070_S2,71,6,0.2740354835987091,0.9302325581395349,86,walk_w070_S2
walk_w070_S2,72,3,0.1456581950187683,0.9183673469387755,98,walk_w070_S2
walk_w070_S2,73,6,0.12206073850393295,0.9213483146067416,89,walk_w070_S2
walk_w070_S2,74,4,0.22037667036056519,0.9021739130434783,92,walk_w070_S2
walk_w070_S2,75,6,0.21587394177913666,0.8829787234042553,94,walk_w070_S2
walk_w070_S2,76,7,0.23295320570468903,0.9139784946236559,93,walk_w070_S2
walk_w070_S2,77,5,0.1561872661113739,0.8641975308641975,81,walk_w070_S2
walk_w070_S2,78,2,0.16787397861480713,1.0,44,walk_w070_S2
walk_w070_S2,79,6,0.27045130729675293,0.8631578947368421,95,walk_w070_S2
walk_w070_S2,80,6,0.1951206922531128,0.9078947368421053,76,walk_w070_S2
walk_w070_S2,81,5,0.23052775859832764,0.8791208791208791,91,walk_w070_S2
walk_w070_S2,82,4,0.1520417481660843,0.8645833333333334,96,walk_w070_S2
walk_w070_S2,83,10,0.3185356855392456,0.9010989010989011,91,walk_w070_S2
walk_w070_S2,84,4,0.30063772201538086,0.9545454545454546,44,walk_w070_S2
walk_w070_S2,85,4,0.28934335708618164,0.8823529411764706,34,walk_w070_S2
walk_w070_S2,86,5,0.1867423802614212,0.851063829787234,94,walk_w070_S2
walk_w070_S2,87,0,,0.9411764705882353,17,walk_w070_S2
walk_w070_S2,88,6,0.3211950957775116,0.9066666666666666,75,walk_w070_S2
walk_w070_S2,89,4,0.2708558440208435,0.898876404494382,89,walk_w070_S2
walk_w070_S2,90,9,0.31015536189079285,0.8953488372093024,86,walk_w070_S2
walk_w070_S2,91,5,0.2146821916103363,0.8854166666666666,96,walk_w070_S2
walk_w070_S2,92,4,0.18819107115268707,0.8282828282828283,99,walk_w070_S2
walk_w070_S2,93,4,0.12803766131401062,0.8210526315789474,95,walk_w070_S2
walk_w070_S2,94,3,0.1909632682800293,0.8648648648648649,74,walk_w070_S2
walk_w070_S2,95,5,0.17923176288604736,0.9347826086956522,92,walk_w070_S2
walk_w070_S2,96,4,0.14303183555603027,0.9230769230769231,78,walk_w070_S2
walk_w070_S2,97,5,0.18525029718875885,0.8666666666666667,75,walk_w070_S2
walk_w070_S2,98,5,0.20895600318908691,0.9333333333333333,90,walk_w070_S2
walk_w070_S2,99,4,0.2570455074310303,0.9340659340659341,91,walk_w070_S2
walk_w100_S2,0,7,0.18443751335144043,0.8645833333333334,96,walk_w100_S2
walk_w100_S2,1,3,0.17755474150180817,0.9230769230769231,65,walk_w100_S2
walk_w100_S2,2,5,0.1780087947845459,0.8571428571428571,91,walk_w100_S2
walk_w100_S2,3,6,0.2857379615306854,0.9120879120879121,91,walk_w100_S2
walk_w100_S2,4,9,0.18996824324131012,0.9148936170212766,94,walk_w100_S2
walk_w100_S2,5,5,0.19695517420768738,0.8762886597938144,97,walk_w100_S2
walk_w100_S2,6,7,0.2626950144767761,0.9868421052631579,76,walk_w100_S2
walk_w100_S2,7,5,0.20199179649353027,0.927710843373494,83,walk_w100_S2
walk_w100_S2,8,7,0.22723327577114105,0.8351648351648352,91,walk_w100_S2
walk_w100_S2,9,1,0.16010046005249023,0.96,25,walk_w100_S2
walk_w100_S2,10,0,,1.0,5,walk_w100_S2
walk_w100_S2,11,2,0.18007344007492065,0.9183673469387755,49,walk_w100_S2
walk_w100_S2,12,5,0.20666489005088806,0.8777777777777778,90,walk_w100_S2
walk_w100_S2,13,5,0.20194239914417267,0.8636363636363636,88,walk_w100_S2
walk_w100_S2,14,7,0.23086342215538025,0.891566265060241,83,walk_w100_S2
walk_w100_S2,15,4,0.2451852262020111,0.8735632183908046,87,walk_w100_S2
walk_w100_S2,16,1,0.15292561054229736,0.9583333333333334,24,walk_w100_S2
walk_w100_S2,17,4,0.326363742351532,1.0,38,walk_w100_S2
walk_w100_S2,18,5,0.20761358737945557,0.925531914893617,94,walk_w100_S2
walk_w100_S2,19,4,0.17938950657844543,0.8735632183908046,87,walk_w100_S2
walk_w100_S2,20,5,0.18657924234867096,0.9545454545454546,88,walk_w100_S2
walk_w100_S2,21,5,0.21661384403705597,0.945054945054945,91,walk_w100_S2
walk_w100_S2,22,3,0.1592051386833191,0.9322033898305084,59,walk_w100_S2
walk_w100_S2,23,6,0.16900508105754852,0.9325842696629213,89,walk_w100_S2
walk_w100_S2,24,3,0.11641820520162582,0.8987341772151899,79,walk_w100_S2
walk_w100_S2,25,5,0.18474474549293518,0.9195402298850575,87,walk_w100_S2
walk_w100_S2,26,8,0.21711310744285583,0.8936170212765957,94,walk_w100_S2
walk_w100_S2,27,3,0.3849703371524811,0.9375,32,walk_w100_S2
walk_w100_S2,28,1,0.15057533979415894,1.0,38,walk_w100_S2
walk_w100_S2,29,4,0.2751845121383667,0.9333333333333333,60,walk_w100_S2
walk_w100_S2,30,0,,1.0,5,walk_w100_S2
walk_w100_S2,31,5,0.2832968831062317,0.926829268292683,41,walk_w100_S2
walk_w100_S2,32,8,0.2769482135772705,0.8620689655172413,87,walk_w100_S2
walk_w100_S2,33,4,0.1396186649799347,0.9347826086956522,92,walk_w100_S2
walk_w100_S2,34,3,0.13128936290740967,0.8863636363636364,88,walk_w100_S2
walk_w100_S2,35,4,0.30408239364624023,0.8769230769230769,65,walk_w100_S2
walk_w100_S2,36,5,0.24094495177268982,0.9436619718309859,71,walk_w100_S2
walk_w100_S2,37,4,0.27237439155578613,0.9452054794520548,73,walk_w100_S2
walk_w100_S2,38,3,0.34147846698760986,0.9130434782608695,23,walk_w100_S2
walk_w100_S2,39,3,0.19986820220947266,0.8695652173913043,92,walk_w100_S2
walk_w100_S2,40,5,0.18810127675533295,0.7849462365591398,93,walk_w100_S2
walk_w100_S2,41,7,0.15713092684745789,0.8387096774193549,93,walk_w100_S2
walk_w100_S2,42,0,,1.0,3,walk_w100_S2
walk_w100_S2,43,5,0.1803361177444458,0.875,80,walk_w100_S2
walk_w100_S2,44,3,0.18991149961948395,0.9607843137254902,51,walk_w100_S2
walk_w100_S2,45,4,0.16291622817516327,0.8876404494382022,89,walk_w100_S2
walk_w100_S2,46,7,0.25346672534942627,0.9210526315789473,76,walk_w100_S2
walk_w100_S2,47,2,0.19365960359573364,0.9074074074074074,54,walk_w100_S2
walk_w100_S2,48,5,0.30741411447525024,0.9354838709677419,62,walk_w100_S2
walk_w100_S2,49,2,0.15148401260375977,0.92,50,walk_w100_S2
walk_w100_S2,50,7,0.23056313395500183,0.851063829787234,94,walk_w100_S2
walk_w100_S2,51,4,0.13020658493041992,0.9285714285714286,70,walk_w100_S2
walk_w100_S2,52,2,0.3870159387588501,1.0,16,walk_w100_S2
walk_w100_S2,53,4,0.16242051124572754,0.9130434782608695,92,walk_w100_S2
walk_w100_S2,54,10,0.2352970391511917,0.9565217391304348,92,walk_w100_S2
walk_w100_S2,55,5,0.3070653975009918,0.9069767441860465,43,walk_w100_S2
walk_w100_S2,56,4,0.1360180377960205,0.9066666666666666,75,walk_w100_S2
walk_w100_S2,57,5,0.1704043745994568,0.8901098901098901,91,walk_w100_S2
walk_w100_S2,58,4,0.2744121551513672,0.92,50,walk_w100_S2
walk_w100_S2,59,1,0.3048645257949829,1.0,15,walk_w100_S2
walk_w100_S2,60,1,0.41363197565078735,1.0,11,walk_w100_S2
walk_w100_S2,61,0,,0.9285714285714286,28,walk_w100_S2
walk_w100_S2,62,8,0.26417648792266846,0.967032967032967,91,walk_w100_S2
walk_w100_S2,63,1,0.24586188793182373,1.0,29,walk_w100_S2
walk_w100_S2,64,3,0.15671949088573456,0.8723404255319149,94,walk_w100_S2
walk_w100_S2,65,0,,0.9523809523809523,21,walk_w100_S2
walk_w100_S2,66,2,0.1212884783744812,0.968421052631579,95,walk_w100_S2
walk_w100_S2,67,3,0.2924274206161499,0.9344262295081968,61,walk_w100_S2
walk_w100_S2,68,8,0.2546314001083374,0.9431818181818182,88,walk_w100_S2
walk_w100_S2,69,5,0.23370051383972168,0.967741935483871,93,walk_w100_S2
walk_w100_S2,70,4,0.16337962448596954,0.8152173913043478,92,walk_w100_S2
walk_w100_S2,71,8,0.3243608772754669,0.9294117647058824,85,walk_w100_S2
walk_w100_S2,72,7,0.1689334213733673,0.9090909090909091,88,walk_w100_S2
walk_w100_S2,73,5,0.17101022601127625,0.9080459770114943,87,walk_w100_S2
walk_w100_S2,74,4,0.19683749973773956,0.8631578947368421,95,walk_w100_S2
walk_w100_S2,75,10,0.2891637086868286,0.9239130434782609,92,walk_w100_S2
walk_w100_S2,76,7,0.24390800297260284,0.8735632183908046,87,walk_w100_S2
walk_w100_S2,77,5,0.22379541397094727,0.9101123595505618,89,walk_w100_S2
walk_w100_S2,78,4,0.16879720985889435,0.8426966292134831,89,walk_w100_S2
walk_w100_S2,79,5,0.15432344377040863,0.9574468085106383,94,walk_w100_S2
walk_w100_S2,80,5,0.24521136283874512,0.9672131147540983,61,walk_w100_S2
walk_w100_S2,81,3,0.08665064722299576,0.8888888888888888,90,walk_w100_S2
walk_w100_S2,82,1,0.2329762578010559,0.967741935483871,31,walk_w100_S2
walk_w100_S2,83,3,0.16267168521881104,0.8666666666666667,60,walk_w100_S2
walk_w100_S2,84,4,0.11586956679821014,0.9052631578947369,95,walk_w100_S2
walk_w100_S2,85,4,0.15103724598884583,0.9117647058823529,68,walk_w100_S2
walk_w100_S2,86,3,0.2744113504886627,1.0,40,walk_w100_S2
walk_w100_S2,87,0,,0.9411764705882353,17,walk_w100_S2
walk_w100_S2,88,7,0.29861220717430115,0.9518072289156626,83,walk_w100_S2
walk_w100_S2,89,3,0.1451769322156906,0.8695652173913043,92,walk_w100_S2
walk_w100_S2,90,0,,1.0,10,walk_w100_S2
walk_w100_S2,91,6,0.1890440434217453,0.9176470588235294,85,walk_w100_S2
walk_w100_S2,92,4,0.19586649537086487,0.9583333333333334,96,walk_w100_S2
walk_w100_S2,93,7,0.2337396889925003,0.8987341772151899,79,walk_w100_S2
walk_w100_S2,94,7,0.4483201503753662,0.9102564102564102,78,walk_w100_S2
walk_w100_S2,95,6,0.22483070194721222,0.9148936170212766,94,walk_w100_S2
walk_w100_S2,96,4,0.15067875385284424,0.8958333333333334,96,walk_w100_S2
walk_w100_S2,97,3,0.262940376996994,0.9148936170212766,47,walk_w100_S2
walk_w100_S2,98,6,0.2383871078491211,0.8804347826086957,92,walk_w100_S2
walk_w100_S2,99,7,0.20699255168437958,0.8651685393258427,89,walk_w100_S2
walk_S2,0,0,,1.0,21,walk_S2
walk_S2,1,2,0.4050289690494537,0.88,25,walk_S2
walk_S2,2,5,0.2289379388093948,0.7978723404255319,94,walk_S2
walk_S2,3,4,0.1848723143339157,0.96875,64,walk_S2
walk_S2,4,3,0.1057256236672401,0.9,100,walk_S2
walk_S2,5,7,0.2005854994058609,0.9032258064516128,93,walk_S2
walk_S2,6,7,0.1933514922857284,0.8333333333333334,96,walk_S2
walk_S2,7,5,0.1484366357326507,0.9021739130434784,92,walk_S2
walk_S2,8,4,0.1337563544511795,0.8666666666666667,90,walk_S2
walk_S2,9,0,,1.0,5,walk_S2
walk_S2,10,5,0.1946651041507721,0.9175257731958762,97,walk_S2
walk_S2,11,4,0.1979007273912429,0.8913043478260869,92,walk_S2
walk_S2,12,0,,1.0,5,walk_S2
walk_S2,13,4,0.1713795810937881,0.918032786885246,61,walk_S2
walk_S2,14,3,0.2061315029859542,0.9438202247191012,89,walk_S2
walk_S2,15,7,0.2479168623685836,0.9222222222222224,90,walk_S2
walk_S2,16,5,0.1350727379322052,0.945054945054945,91,walk_S2
walk_S2,17,1,0.1202170848846435,1.0,24,walk_S2
walk_S2,18,3,0.1422316282987594,0.8571428571428571,84,walk_S2
walk_S2,19,3,0.161895215511322,0.9295774647887324,71,walk_S2
walk_S2,20,5,0.1904023587703704,0.8314606741573034,89,walk_S2
walk_S2,21,4,0.2281361073255539,0.925531914893617,94,walk_S2
walk_S2,22,2,0.1909469366073608,0.9375,48,walk_S2
walk_S2,23,7,0.2006411850452423,0.9222222222222224,90,walk_S2
walk_S2,24,7,0.2475107461214065,0.9032258064516128,93,walk_S2
walk_S2,25,4,0.1295650899410247,0.9042553191489362,94,walk_S2
walk_S2,26,4,0.2005444467067718,0.9052631578947368,95,walk_S2
walk_S2,27,4,0.1474879086017608,0.9080459770114944,87,walk_S2
walk_S2,28,3,0.1754064112901687,0.9157894736842104,95,walk_S2
walk_S2,29,6,0.2101166695356369,0.8717948717948718,78,walk_S2
walk_S2,30,2,0.2463563978672027,0.9032258064516128,31,walk_S2
walk_S2,31,11,0.3220049440860748,0.898876404494382,89,walk_S2
walk_S2,32,4,0.1808356791734695,0.7678571428571429,56,walk_S2
walk_S2,33,3,0.1697293370962143,0.9361702127659576,47,walk_S2
walk_S2,34,1,0.1432118415832519,1.0,21,walk_S2
walk_S2,35,5,0.2468673437833786,0.8241758241758241,91,walk_S2
walk_S2,36,2,0.2204765081405639,0.9393939393939394,33,walk_S2
walk_S2,37,7,0.1917945593595504,0.8536585365853658,82,walk_S2
walk_S2,38,2,0.3197035491466522,1.0,32,walk_S2
walk_S2,39,4,0.1921623945236206,0.8636363636363636,88,walk_S2
walk_S2,40,5,0.1777332574129104,0.8315789473684211,95,walk_S2
walk_S2,41,7,0.197310522198677,0.9104477611940298,67,walk_S2
walk_S2,42,0,,1.0,3,walk_S2
walk_S2,43,3,0.1723452806472778,0.9272727272727272,55,walk_S2
walk_S2,44,0,,1.0,18,walk_S2
walk_S2,45,4,0.1813329309225082,0.8762886597938144,97,walk_S2
walk_S2,46,7,0.2249077260494232,0.9397590361445785,83,walk_S2
walk_S2,47,5,0.1395533233880996,0.9195402298850576,87,walk_S2
walk_S2,48,3,0.1713706254959106,0.8717948717948718,39,walk_S2
walk_S2,49,9,0.3236704170703888,0.8426966292134831,89,walk_S2
walk_S2,50,5,0.1382122784852981,0.96,100,walk_S2
walk_S2,51,6,0.2155350297689438,0.8494623655913979,93,walk_S2
walk_S2,52,6,0.2633353471755981,0.8688524590163934,61,walk_S2
walk_S2,53,3,0.1692555397748947,0.9010989010989012,91,walk_S2
walk_S2,54,3,0.2621048092842102,0.8787878787878788,33,walk_S2
walk_S2,55,5,0.1409534364938736,0.8586956521739131,92,walk_S2
walk_S2,56,7,0.2490373402833938,0.925531914893617,94,walk_S2
walk_S2,57,4,0.1817441880702972,0.851063829787234,94,walk_S2
walk_S2,58,9,0.2264600843191146,0.898876404494382,89,walk_S2
walk_S2,59,7,0.1926570236682891,0.8636363636363636,88,walk_S2
walk_S2,60,3,0.1409011036157608,0.9054054054054054,74,walk_S2
walk_S2,61,5,0.1614030748605728,0.9027777777777778,72,walk_S2
walk_S2,62,10,0.2444562017917633,0.8735632183908046,87,walk_S2
walk_S2,63,0,,0.9333333333333332,15,walk_S2
walk_S2,64,6,0.2720637619495392,0.9021739130434784,92,walk_S2
walk_S2,65,6,0.2361134141683578,0.898876404494382,89,walk_S2
walk_S2,66,3,0.1518723219633102,0.851063829787234,94,walk_S2
walk_S2,67,3,0.2009161561727523,0.9487179487179488,39,walk_S2
walk_S2,68,3,0.1779462695121765,0.9230769230769232,91,walk_S2
walk_S2,69,7,0.2193118184804916,0.9347826086956522,92,walk_S2
walk_S2,70,4,0.1801758259534835,0.9072164948453608,97,walk_S2
walk_S2,71,4,0.1727036088705063,0.8829787234042553,94,walk_S2
walk_S2,72,1,0.138970136642456,0.9642857142857144,56,walk_S2
walk_S2,73,3,0.2024594992399215,0.9411764705882352,34,walk_S2
walk_S2,74,5,0.2529298365116119,0.8314606741573034,89,walk_S2
walk_S2,75,6,0.1860824674367904,0.9052631578947368,95,walk_S2
walk_S2,76,2,0.2588526904582977,0.9487179487179488,39,walk_S2
walk_S2,77,4,0.190296322107315,0.8913043478260869,92,walk_S2
walk_S2,78,4,0.1777262687683105,0.8833333333333333,60,walk_S2
walk_S2,79,4,0.1464234888553619,0.8020833333333334,96,walk_S2
walk_S2,80,4,0.1721006333827972,0.8958333333333334,48,walk_S2
walk_S2,81,3,0.1203997731208801,0.9222222222222224,90,walk_S2
walk_S2,82,2,0.1191810965538024,0.8390804597701149,87,walk_S2
walk_S2,83,3,0.2374065369367599,0.8775510204081632,49,walk_S2
walk_S2,84,6,0.2383007556200027,0.9021739130434784,92,walk_S2
walk_S2,85,7,0.2242574989795684,0.8444444444444444,90,walk_S2
walk_S2,86,5,0.1408836096525192,0.8936170212765957,94,walk_S2
walk_S2,87,4,0.1677193343639373,0.8809523809523809,84,walk_S2
walk_S2,88,4,0.1572596728801727,0.9333333333333332,90,walk_S2
walk_S2,89,5,0.168777197599411,0.7840909090909091,88,walk_S2
walk_S2,90,2,0.1036694049835205,0.8947368421052632,76,walk_S2
walk_S2,91,8,0.2444807887077331,0.875,88,walk_S2
walk_S2,92,4,0.1125673502683639,0.936842105263158,95,walk_S2
walk_S2,93,4,0.1806483417749405,0.8539325842696629,89,walk_S2
walk_S2,94,3,0.2334899753332138,0.9787234042553192,47,walk_S2
walk_S2,95,5,0.2277979850769043,0.896551724137931,87,walk_S2
walk_S2,96,3,0.1601350456476211,0.875,64,walk_S2
walk_S2,97,3,0.2544464766979217,0.9285714285714286,28,walk_S2
walk_S2,98,4,0.1757619827985763,0.9021739130434784,92,walk_S2
walk_S2,99,5,0.1194721832871437,0.9479166666666666,96,walk_S2
polygon_S3,0,7,0.3366625010967254,0.9838709677419356,62,polygon_S3
polygon_S3,1,4,0.186471939086914,0.8404255319148937,94,polygon_S3
polygon_S3,2,0,,0.8461538461538461,13,polygon_S3
polygon_S3,3,6,0.3065565824508667,0.925925925925926,54,polygon_S3
polygon_S3,4,6,0.2400002479553222,0.8352941176470589,85,polygon_S3
polygon_S3,5,3,0.1686468124389648,0.9578947368421052,95,polygon_S3
polygon_S3,6,10,0.3905668258666992,0.9878048780487804,82,polygon_S3
polygon_S3,7,6,0.1711697578430175,0.8953488372093024,86,polygon_S3
polygon_S3,8,2,0.1066629886627197,0.8875,80,polygon_S3
polygon_S3,9,1,0.094258964061737,0.9333333333333332,15,polygon_S3
polygon_S3,10,0,,1.0,4,polygon_S3
polygon_S3,11,9,0.3341798782348633,0.8717948717948718,78,polygon_S3
polygon_S3,12,2,0.1869617700576782,0.9069767441860463,43,polygon_S3
polygon_S3,13,6,0.192867025732994,0.8863636363636364,88,polygon_S3
polygon_S3,14,6,0.2347225546836853,0.8513513513513513,74,polygon_S3
polygon_S3,15,4,0.2087129354476928,0.8390804597701149,87,polygon_S3
polygon_S3,16,5,0.4438291490077972,0.9767441860465116,43,polygon_S3
polygon_S3,17,1,0.2668575048446655,1.0,28,polygon_S3
polygon_S3,18,5,0.1510808765888214,0.9247311827956988,93,polygon_S3
polygon_S3,19,2,0.2318730652332306,1.0,33,polygon_S3
polygon_S3,20,1,0.2215096950531005,1.0,10,polygon_S3
polygon_S3,21,7,0.2477171719074249,0.8666666666666667,90,polygon_S3
polygon_S3,22,3,0.2032824754714965,0.9111111111111112,45,polygon_S3
polygon_S3,23,2,0.1517523527145385,0.9,30,polygon_S3
polygon_S3,24,3,0.2309472560882568,0.9791666666666666,48,polygon_S3
polygon_S3,25,0,,1.0,1,polygon_S3
polygon_S3,26,8,0.2145714461803436,0.8977272727272727,88,polygon_S3
polygon_S3,27,5,0.2758680880069732,0.9361702127659576,47,polygon_S3
polygon_S3,28,4,0.2588366866111755,0.946808510638298,94,polygon_S3
polygon_S3,29,1,0.3359308242797851,0.967741935483871,31,polygon_S3
polygon_S3,30,3,0.1566948145627975,0.9444444444444444,36,polygon_S3
polygon_S3,31,6,0.3903484642505646,0.9310344827586208,58,polygon_S3
polygon_S3,32,1,0.1731537580490112,1.0,18,polygon_S3
polygon_S3,33,0,,0.9565217391304348,23,polygon_S3
polygon_S3,34,5,0.2344854772090912,0.945945945945946,74,polygon_S3
polygon_S3,35,3,0.1816999316215515,0.9117647058823528,34,polygon_S3
polygon_S3,36,2,0.1525785326957702,0.9787234042553192,47,polygon_S3
polygon_S3,37,10,0.2946066260337829,0.9318181818181818,88,polygon_S3
polygon_S3,38,5,0.3148917853832245,0.9404761904761904,84,polygon_S3
polygon_S3,39,2,0.193386048078537,0.9318181818181818,44,polygon_S3
polygon_S3,40,1,0.1291656494140625,1.0,29,polygon_S3
polygon_S3,41,2,0.1463752686977386,1.0,33,polygon_S3
polygon_S3,42,3,0.26844522356987,0.9714285714285714,35,polygon_S3
polygon_S3,43,0,,1.0,2,polygon_S3
polygon_S3,44,4,0.201322928071022,0.8651685393258427,89,polygon_S3
polygon_S3,45,3,0.2476488202810287,0.9736842105263158,38,polygon_S3
polygon_S3,46,4,0.3325989842414856,0.975,40,polygon_S3
polygon_S3,47,4,0.2931258678436279,0.9444444444444444,54,polygon_S3
polygon_S3,48,4,0.233682706952095,0.9743589743589745,39,polygon_S3
polygon_S3,49,4,0.2096668630838394,0.8831168831168831,77,polygon_S3
polygon_S3,50,0,,1.0,1,polygon_S3
polygon_S3,51,3,0.1536377221345901,0.900990099009901,101,polygon_S3
polygon_S3,52,0,,1.0,1,polygon_S3
polygon_S3,53,6,0.3073813915252685,0.8928571428571429,56,polygon_S3
polygon_S3,54,2,0.2567208707332611,0.8076923076923077,26,polygon_S3
polygon_S3,55,2,0.4693252444267273,0.9285714285714286,28,polygon_S3
polygon_S3,56,0,,1.0,7,polygon_S3
polygon_S3,57,4,0.2143454551696777,0.8958333333333334,48,polygon_S3
polygon_S3,58,0,,1.0,8,polygon_S3
polygon_S3,59,1,0.2740499377250671,1.0,23,polygon_S3
polygon_S3,60,0,,1.0,9,polygon_S3
polygon_S3,61,3,0.4134691059589386,0.9090909090909092,55,polygon_S3
polygon_S3,62,5,0.297140896320343,0.8936170212765957,47,polygon_S3
polygon_S3,63,1,0.293312132358551,1.0,18,polygon_S3
polygon_S3,64,3,0.1854907423257827,0.8426966292134831,89,polygon_S3
polygon_S3,65,6,0.2339429408311844,0.9135802469135802,81,polygon_S3
polygon_S3,66,2,0.0924737453460693,0.925531914893617,94,polygon_S3
polygon_S3,67,2,0.1018541157245636,0.9032258064516128,31,polygon_S3
polygon_S3,68,1,0.2326705455780029,0.9166666666666666,12,polygon_S3
polygon_S3,69,7,0.3119561970233917,0.9,90,polygon_S3
polygon_S3,70,3,0.4600166380405426,1.0,26,polygon_S3
polygon_S3,71,5,0.181659922003746,0.8591549295774648,71,polygon_S3
polygon_S3,72,4,0.2127404361963272,0.9318181818181818,44,polygon_S3
polygon_S3,73,0,,,0,polygon_S3
polygon_S3,74,2,0.252284824848175,0.8666666666666667,30,polygon_S3
polygon_S3,75,6,0.3116743266582489,0.975609756097561,41,polygon_S3
polygon_S3,76,3,0.2089192867279052,0.9117647058823528,34,polygon_S3
polygon_S3,77,3,0.2602240741252899,1.0,37,polygon_S3
polygon_S3,78,3,0.1392168849706649,0.8928571428571429,84,polygon_S3
polygon_S3,79,1,0.2779206037521362,0.9375,16,polygon_S3
polygon_S3,80,9,0.1714953780174255,0.9381443298969072,97,polygon_S3
polygon_S3,81,0,,1.0,20,polygon_S3
polygon_S3,82,1,0.1646136045455932,0.9230769230769232,26,polygon_S3
polygon_S3,83,4,0.174353539943695,0.956043956043956,91,polygon_S3
polygon_S3,84,5,0.2025162726640701,0.8953488372093024,86,polygon_S3
polygon_S3,85,7,0.2858645617961883,0.9047619047619048,63,polygon_S3
polygon_S3,86,1,0.2134251594543457,1.0,23,polygon_S3
polygon_S3,87,4,0.1865878999233245,0.8444444444444444,90,polygon_S3
polygon_S3,88,5,0.1977792531251907,0.9545454545454546,88,polygon_S3
polygon_S3,89,0,,1.0,5,polygon_S3
polygon_S3,90,0,,0.9333333333333332,30,polygon_S3
polygon_S3,91,1,0.0795056223869323,0.9692307692307692,65,polygon_S3
polygon_S3,92,3,0.1062661409378051,0.931372549019608,102,polygon_S3
polygon_S3,93,1,0.35631263256073,0.9375,16,polygon_S3
polygon_S3,94,4,0.1767936795949936,0.9310344827586208,87,polygon_S3
polygon_S3,95,2,0.2546228468418121,0.9473684210526316,19,polygon_S3
polygon_S3,96,6,0.3416123688220978,0.85,40,polygon_S3
polygon_S3,97,6,0.2308180332183838,0.8714285714285714,70,polygon_S3
polygon_S3,98,2,0.2505834400653839,1.0,33,polygon_S3
polygon_S3,99,10,0.2394595891237259,0.9213483146067416,89,polygon_S3
walk_w000_S3,0,4,0.17722494900226593,0.8222222222222222,90,walk_w000_S3
walk_w000_S3,1,3,0.4324316084384918,1.0,30,walk_w000_S3
walk_w000_S3,2,7,0.18177786469459534,0.9130434782608695,92,walk_w000_S3
walk_w000_S3,3,0,,1.0,7,walk_w000_S3
walk_w000_S3,4,7,0.3180902302265167,0.9493670886075949,79,walk_w000_S3
walk_w000_S3,5,4,0.15938998758792877,0.9270833333333334,96,walk_w000_S3
walk_w000_S3,6,7,0.2146410048007965,0.9139784946236559,93,walk_w000_S3
walk_w000_S3,7,3,0.18184047937393188,0.92,75,walk_w000_S3
walk_w000_S3,8,9,0.16726702451705933,0.8817204301075269,93,walk_w000_S3
walk_w000_S3,9,5,0.27440810203552246,0.9555555555555556,45,walk_w000_S3
walk_w000_S3,10,4,0.1802254319190979,0.875,88,walk_w000_S3
walk_w000_S3,11,9,0.2932770252227783,0.8681318681318682,91,walk_w000_S3
walk_w000_S3,12,5,0.18925327062606812,0.8888888888888888,90,walk_w000_S3
walk_w000_S3,13,1,0.13897287845611572,0.9259259259259259,27,walk_w000_S3
walk_w000_S3,14,4,0.26007315516471863,0.9294117647058824,85,walk_w000_S3
walk_w000_S3,15,2,0.4120292365550995,0.9565217391304348,46,walk_w000_S3
walk_w000_S3,16,8,0.23602885007858276,0.9479166666666666,96,walk_w000_S3
walk_w000_S3,17,3,0.2275763601064682,0.9036144578313253,83,walk_w000_S3
walk_w000_S3,18,3,0.19017021358013153,0.8775510204081632,98,walk_w000_S3
walk_w000_S3,19,1,0.2546522617340088,1.0,22,walk_w000_S3
walk_w000_S3,20,5,0.1716461032629013,0.8409090909090909,88,walk_w000_S3
walk_w000_S3,21,6,0.23194433748722076,0.8191489361702128,94,walk_w000_S3
walk_w000_S3,22,4,0.20020170509815216,0.872093023255814,86,walk_w000_S3
walk_w000_S3,23,3,0.2611841559410095,0.95,40,walk_w000_S3
walk_w000_S3,24,6,0.17720574140548706,0.8111111111111111,90,walk_w000_S3
walk_w000_S3,25,4,0.21201257407665253,0.9230769230769231,91,walk_w000_S3
walk_w000_S3,26,2,0.4334816634654999,1.0,22,walk_w000_S3
walk_w000_S3,27,10,0.3229200541973114,0.9456521739130435,92,walk_w000_S3
walk_w000_S3,28,6,0.22444070875644684,0.925531914893617,94,walk_w000_S3
walk_w000_S3,29,3,0.15307962894439697,0.8658536585365854,82,walk_w000_S3
walk_w000_S3,30,4,0.1635236293077469,0.8791208791208791,91,walk_w000_S3
walk_w000_S3,31,8,0.2323417365550995,0.9213483146067416,89,walk_w000_S3
walk_w000_S3,32,5,0.26887309551239014,0.7948717948717948,78,walk_w000_S3
walk_w000_S3,33,2,0.11155560612678528,0.96875,96,walk_w000_S3
walk_w000_S3,34,1,0.1720392107963562,1.0,21,walk_w000_S3
walk_w000_S3,35,7,0.19661729037761688,0.8472222222222222,72,walk_w000_S3
walk_w000_S3,36,3,0.19634109735488892,0.9259259259259259,54,walk_w000_S3
walk_w000_S3,37,10,0.31691062450408936,0.9186046511627907,86,walk_w000_S3
walk_w000_S3,38,2,0.3111192286014557,0.9310344827586207,29,walk_w000_S3
walk_w000_S3,39,2,0.19017893075942993,0.8555555555555555,90,walk_w000_S3
walk_w000_S3,40,3,0.13740818202495575,0.8433734939759037,83,walk_w000_S3
walk_w000_S3,41,6,0.2392963021993637,0.875,88,walk_w000_S3
walk_w000_S3,42,4,0.21513871848583221,0.8181818181818182,55,walk_w000_S3
walk_w000_S3,43,3,0.17493413388729095,0.7941176470588235,68,walk_w000_S3
walk_w000_S3,44,4,0.21268481016159058,0.8947368421052632,95,walk_w000_S3
walk_w000_S3,45,5,0.39515143632888794,0.9038461538461539,52,walk_w000_S3
walk_w000_S3,46,1,0.4226493239402771,1.0,15,walk_w000_S3
walk_w000_S3,47,2,0.23812511563301086,0.9583333333333334,24,walk_w000_S3
walk_w000_S3,48,2,0.22628253698349,0.9459459459459459,37,walk_w000_S3
walk_w000_S3,49,6,0.16183380782604218,0.8762886597938144,97,walk_w000_S3
walk_w000_S3,50,5,0.23337796330451965,0.9444444444444444,90,walk_w000_S3
walk_w000_S3,51,6,0.2074732780456543,0.872093023255814,86,walk_w000_S3
walk_w000_S3,52,1,0.22598153352737427,0.9230769230769231,26,walk_w000_S3
walk_w000_S3,53,5,0.32142797112464905,0.9010989010989011,91,walk_w000_S3
walk_w000_S3,54,3,0.10042303800582886,0.8586956521739131,92,walk_w000_S3
walk_w000_S3,55,2,0.2640842795372009,0.9285714285714286,42,walk_w000_S3
walk_w000_S3,56,7,0.2578575611114502,0.7777777777777778,90,walk_w000_S3
walk_w000_S3,57,3,0.19950808584690094,0.8522727272727273,88,walk_w000_S3
walk_w000_S3,58,7,0.3451211154460907,0.9491525423728814,59,walk_w000_S3
walk_w000_S3,59,3,0.14990292489528656,0.8470588235294118,85,walk_w000_S3
walk_w000_S3,60,4,0.17635731399059296,0.8913043478260869,92,walk_w000_S3
walk_w000_S3,61,6,0.209565207362175,0.9175257731958762,97,walk_w000_S3
walk_w000_S3,62,6,0.2117256373167038,0.9042553191489362,94,walk_w000_S3
walk_w000_S3,63,3,0.25726279616355896,0.9310344827586207,87,walk_w000_S3
walk_w000_S3,64,4,0.2948947548866272,0.9117647058823529,68,walk_w000_S3
walk_w000_S3,65,3,0.1458873748779297,0.9032258064516129,93,walk_w000_S3
walk_w000_S3,66,3,0.1517113447189331,0.8863636363636364,88,walk_w000_S3
walk_w000_S3,67,5,0.1757480502128601,0.8372093023255814,86,walk_w000_S3
walk_w000_S3,68,6,0.37115535140037537,0.9240506329113924,79,walk_w000_S3
walk_w000_S3,69,9,0.3046780228614807,0.9213483146067416,89,walk_w000_S3
walk_w000_S3,70,5,0.11406810581684113,0.8873239436619719,71,walk_w000_S3
walk_w000_S3,71,3,0.13216303288936615,0.8913043478260869,92,walk_w000_S3
walk_w000_S3,72,4,0.1792859435081482,0.9381443298969072,97,walk_w000_S3
walk_w000_S3,73,2,0.3687397837638855,0.9285714285714286,14,walk_w000_S3
walk_w000_S3,74,4,0.215822234749794,0.868421052631579,76,walk_w000_S3
walk_w000_S3,75,7,0.31920820474624634,0.8588235294117647,85,walk_w000_S3
walk_w000_S3,76,7,0.24207325279712677,0.8690476190476191,84,walk_w000_S3
walk_w000_S3,77,6,0.3426792621612549,0.94,50,walk_w000_S3
walk_w000_S3,78,2,0.17585623264312744,0.8363636363636363,55,walk_w000_S3
walk_w000_S3,79,1,0.1809474229812622,0.8846153846153846,26,walk_w000_S3
walk_w000_S3,80,2,0.10866665840148926,0.9655172413793104,29,walk_w000_S3
walk_w000_S3,81,8,0.23924271762371063,0.8369565217391305,92,walk_w000_S3
walk_w000_S3,82,1,0.1423708200454712,0.7931034482758621,29,walk_w000_S3
walk_w000_S3,83,4,0.16350197792053223,0.9206349206349206,63,walk_w000_S3
walk_w000_S3,84,3,0.16507315635681152,0.9333333333333333,60,walk_w000_S3
walk_w000_S3,85,12,0.3687156140804291,0.9294117647058824,85,walk_w000_S3
walk_w000_S3,86,5,0.23113009333610535,0.8791208791208791,91,walk_w000_S3
walk_w000_S3,87,2,0.3722723126411438,0.8918918918918919,37,walk_w000_S3
walk_w000_S3,88,4,0.19836561381816864,0.8947368421052632,76,walk_w000_S3
walk_w000_S3,89,4,0.2445353865623474,0.8588235294117647,85,walk_w000_S3
walk_w000_S3,90,5,0.19163794815540314,0.9468085106382979,94,walk_w000_S3
walk_w000_S3,91,3,0.16971640288829803,0.9583333333333334,96,walk_w000_S3
walk_w000_S3,92,2,0.101347416639328,0.9583333333333334,72,walk_w000_S3
walk_w000_S3,93,5,0.23176434636116028,0.9433962264150944,53,walk_w000_S3
walk_w000_S3,94,3,0.3863043785095215,0.9347826086956522,46,walk_w000_S3
walk_w000_S3,95,1,0.1914120316505432,0.9523809523809523,21,walk_w000_S3
walk_w000_S3,96,0,,1.0,4,walk_w000_S3
walk_w000_S3,97,9,0.26147112250328064,0.8961038961038961,77,walk_w000_S3
walk_w000_S3,98,1,0.3822517395019531,1.0,18,walk_w000_S3
walk_w000_S3,99,2,0.16102051734924316,0.9722222222222222,36,walk_w000_S3
walk_w040_S3,0,3,0.20339226722717285,0.9655172413793104,58,walk_w040_S3
walk_w040_S3,1,2,0.25006911158561707,0.9814814814814815,54,walk_w040_S3
walk_w040_S3,2,8,0.25101858377456665,0.9120879120879121,91,walk_w040_S3
walk_w040_S3,3,2,0.1161278784275055,0.8108108108108109,37,walk_w040_S3
walk_w040_S3,4,3,0.1673101782798767,0.8804347826086957,92,walk_w040_S3
walk_w040_S3,5,4,0.1616719514131546,0.8602150537634409,93,walk_w040_S3
walk_w040_S3,6,2,0.22621563076972961,0.918918918918919,37,walk_w040_S3
walk_w040_S3,7,4,0.13785167038440704,0.9306930693069307,101,walk_w040_S3
walk_w040_S3,8,4,0.1795860081911087,0.9120879120879121,91,walk_w040_S3
walk_w040_S3,9,6,0.24905578792095184,0.9540229885057471,87,walk_w040_S3
walk_w040_S3,10,4,0.1616024672985077,0.7282608695652174,92,walk_w040_S3
walk_w040_S3,11,5,0.38468092679977417,0.8764044943820225,89,walk_w040_S3
walk_w040_S3,12,3,0.10703029483556747,0.8461538461538461,91,walk_w040_S3
walk_w040_S3,13,2,0.10006892681121826,0.8936170212765957,47,walk_w040_S3
walk_w040_S3,14,6,0.17250867187976837,0.875,96,walk_w040_S3
walk_w040_S3,15,3,0.2615623474121094,0.9418604651162791,86,walk_w040_S3
walk_w040_S3,16,6,0.17302800714969635,0.9787234042553191,94,walk_w040_S3
walk_w040_S3,17,1,0.13506251573562622,1.0,27,walk_w040_S3
walk_w040_S3,18,5,0.22626404464244843,0.8117647058823529,85,walk_w040_S3
walk_w040_S3,19,1,0.2546522617340088,1.0,22,walk_w040_S3
walk_w040_S3,20,3,0.2164033204317093,0.926829268292683,41,walk_w040_S3
walk_w040_S3,21,3,0.17799372971057892,0.881578947368421,76,walk_w040_S3
walk_w040_S3,22,4,0.5212891101837158,0.8958333333333334,48,walk_w040_S3
walk_w040_S3,23,5,0.23500743508338928,0.8444444444444444,90,walk_w040_S3
walk_w040_S3,24,6,0.2891179025173187,0.8390804597701149,87,walk_w040_S3
walk_w040_S3,25,4,0.15957105159759521,0.8295454545454546,88,walk_w040_S3
walk_w040_S3,26,3,0.23910458385944366,1.0,31,walk_w040_S3
walk_w040_S3,27,5,0.3181803226470947,0.9545454545454546,44,walk_w040_S3
walk_w040_S3,28,4,0.1658812314271927,0.8837209302325582,86,walk_w040_S3
walk_w040_S3,29,1,0.1779547929763794,0.9324324324324325,74,walk_w040_S3
walk_w040_S3,30,0,,1.0,18,walk_w040_S3
walk_w040_S3,31,2,0.15068015456199646,0.9333333333333333,90,walk_w040_S3
walk_w040_S3,32,6,0.2721431255340576,0.8111111111111111,90,walk_w040_S3
walk_w040_S3,33,2,0.1807527244091034,0.9714285714285714,35,walk_w040_S3
walk_w040_S3,34,2,0.17875540256500244,1.0,36,walk_w040_S3
walk_w040_S3,35,3,0.14839987456798553,0.9344262295081968,61,walk_w040_S3
walk_w040_S3,36,7,0.19406257569789886,0.8817204301075269,93,walk_w040_S3
walk_w040_S3,37,6,0.23552902042865753,0.9629629629629629,54,walk_w040_S3
walk_w040_S3,38,6,0.21918922662734985,0.8765432098765432,81,walk_w040_S3
walk_w040_S3,39,4,0.1629781872034073,0.7976190476190477,84,walk_w040_S3
walk_w040_S3,40,2,0.13655954599380493,0.9,70,walk_w040_S3
walk_w040_S3,41,5,0.2923646569252014,0.8977272727272727,88,walk_w040_S3
walk_w040_S3,42,4,0.2468174248933792,0.8541666666666666,48,walk_w040_S3
walk_w040_S3,43,4,0.1910102665424347,0.8172043010752689,93,walk_w040_S3
walk_w040_S3,44,4,0.18322698771953583,0.8777777777777778,90,walk_w040_S3
walk_w040_S3,45,4,0.2171676605939865,0.9534883720930233,86,walk_w040_S3
walk_w040_S3,46,6,0.18635834753513336,0.8505747126436781,87,walk_w040_S3
walk_w040_S3,47,4,0.16162258386611938,0.8333333333333334,84,walk_w040_S3
walk_w040_S3,48,3,0.1241181269288063,0.8969072164948454,97,walk_w040_S3
walk_w040_S3,49,2,0.20885413885116577,0.9818181818181818,55,walk_w040_S3
walk_w040_S3,50,6,0.20455396175384521,0.9247311827956989,93,walk_w040_S3
walk_w040_S3,51,9,0.23560698330402374,0.9310344827586207,87,walk_w040_S3
walk_w040_S3,52,7,0.28000736236572266,0.8505747126436781,87,walk_w040_S3
walk_w040_S3,53,5,0.19782228767871857,0.7727272727272727,88,walk_w040_S3
walk_w040_S3,54,3,0.176259383559227,0.8522727272727273,88,walk_w040_S3
walk_w040_S3,55,2,0.19749480485916138,0.9393939393939394,33,walk_w040_S3
walk_w040_S3,56,5,0.1958542913198471,0.8795180722891566,83,walk_w040_S3
walk_w040_S3,57,4,0.22228649258613586,0.8863636363636364,88,walk_w040_S3
walk_w040_S3,58,5,0.269957959651947,0.8909090909090909,55,walk_w040_S3
walk_w040_S3,59,6,0.4791465103626251,0.8833333333333333,60,walk_w040_S3
walk_w040_S3,60,4,0.2414238154888153,0.8688524590163934,61,walk_w040_S3
walk_w040_S3,61,3,0.13160496950149536,0.9423076923076923,104,walk_w040_S3
walk_w040_S3,62,8,0.2504054605960846,0.9318181818181818,88,walk_w040_S3
walk_w040_S3,63,5,0.2112465649843216,0.8876404494382022,89,walk_w040_S3
walk_w040_S3,64,4,0.14769399166107178,0.8736842105263158,95,walk_w040_S3
walk_w040_S3,65,2,0.3768344223499298,0.9516129032258065,62,walk_w040_S3
walk_w040_S3,66,4,0.17200502753257751,0.8279569892473119,93,walk_w040_S3
walk_w040_S3,67,4,0.1519910842180252,0.8390804597701149,87,walk_w040_S3
walk_w040_S3,68,5,0.3693789839744568,0.8727272727272727,55,walk_w040_S3
walk_w040_S3,69,8,0.18790268898010254,0.9157894736842105,95,walk_w040_S3
walk_w040_S3,70,4,0.29832616448402405,0.9411764705882353,34,walk_w040_S3
walk_w040_S3,71,4,0.1318175345659256,0.8958333333333334,96,walk_w040_S3
walk_w040_S3,72,4,0.33327871561050415,0.9072164948453608,97,walk_w040_S3
walk_w040_S3,73,2,0.351028710603714,0.9285714285714286,14,walk_w040_S3
walk_w040_S3,74,4,0.19876277446746826,0.8591549295774648,71,walk_w040_S3
walk_w040_S3,75,8,0.2912834882736206,0.8791208791208791,91,walk_w040_S3
walk_w040_S3,76,5,0.27607083320617676,0.8135593220338984,59,walk_w040_S3
walk_w040_S3,77,3,0.21436522901058197,0.9534883720930233,43,walk_w040_S3
walk_w040_S3,78,4,0.2522658705711365,0.9069767441860465,86,walk_w040_S3
walk_w040_S3,79,3,0.2528516352176666,0.8571428571428571,49,walk_w040_S3
walk_w040_S3,80,5,0.11852643638849258,0.9368421052631579,95,walk_w040_S3
walk_w040_S3,81,5,0.222004696726799,0.8089887640449438,89,walk_w040_S3
walk_w040_S3,82,6,0.18547914922237396,0.8350515463917526,97,walk_w040_S3
walk_w040_S3,83,5,0.1979263722896576,0.8641975308641975,81,walk_w040_S3
walk_w040_S3,84,10,0.2834954857826233,0.8817204301075269,93,walk_w040_S3
walk_w040_S3,85,7,0.1495843231678009,0.9120879120879121,91,walk_w040_S3
walk_w040_S3,86,5,0.15305954217910767,0.8762886597938144,97,walk_w040_S3
walk_w040_S3,87,8,0.2745411992073059,0.9425287356321839,87,walk_w040_S3
walk_w040_S3,88,2,0.11776483058929443,0.9777777777777777,45,walk_w040_S3
walk_w040_S3,89,6,0.21157880127429962,0.9,90,walk_w040_S3
walk_w040_S3,90,7,0.3612516522407532,0.9468085106382979,94,walk_w040_S3
walk_w040_S3,91,2,0.13408207893371582,0.9310344827586207,58,walk_w040_S3
walk_w040_S3,92,2,0.1375979483127594,0.9120879120879121,91,walk_w040_S3
walk_w040_S3,93,2,0.347734272480011,0.9142857142857143,35,walk_w040_S3
walk_w040_S3,94,2,0.13788476586341858,0.9,90,walk_w040_S3
walk_w040_S3,95,4,0.10461662709712982,0.9381443298969072,97,walk_w040_S3
walk_w040_S3,96,1,0.6846863031387329,1.0,13,walk_w040_S3
walk_w040_S3,97,8,0.24393555521965027,0.9036144578313253,83,walk_w040_S3
walk_w040_S3,98,6,0.27158454060554504,0.9340659340659341,91,walk_w040_S3
walk_w040_S3,99,5,0.17177972197532654,0.9285714285714286,56,walk_w040_S3
walk_w070_S3,0,4,0.2766597270965576,1.0,36,walk_w070_S3
walk_w070_S3,1,4,0.22523421049118042,0.8260869565217391,92,walk_w070_S3
walk_w070_S3,2,6,0.22282885015010834,0.8953488372093024,86,walk_w070_S3
walk_w070_S3,3,5,0.17603151500225067,0.8372093023255814,86,walk_w070_S3
walk_w070_S3,4,5,0.18741074204444885,0.8444444444444444,90,walk_w070_S3
walk_w070_S3,5,5,0.2072494477033615,0.8888888888888888,99,walk_w070_S3
walk_w070_S3,6,3,0.24960832297801971,0.9333333333333333,30,walk_w070_S3
walk_w070_S3,7,3,0.1652671843767166,0.9722222222222222,72,walk_w070_S3
walk_w070_S3,8,5,0.1987820565700531,0.8723404255319149,94,walk_w070_S3
walk_w070_S3,9,10,0.3460553288459778,0.9444444444444444,90,walk_w070_S3
walk_w070_S3,10,3,0.15004725754261017,0.8152173913043478,92,walk_w070_S3
walk_w070_S3,11,5,0.3571861982345581,0.9523809523809523,42,walk_w070_S3
walk_w070_S3,12,6,0.21245594322681427,0.8709677419354839,93,walk_w070_S3
walk_w070_S3,13,3,0.1315762996673584,0.8947368421052632,95,walk_w070_S3
walk_w070_S3,14,5,0.2481549084186554,0.9736842105263158,76,walk_w070_S3
walk_w070_S3,15,7,0.1791945993900299,0.8709677419354839,93,walk_w070_S3
walk_w070_S3,16,3,0.20129899680614471,0.978021978021978,91,walk_w070_S3
walk_w070_S3,17,4,0.2261170595884323,0.9166666666666666,84,walk_w070_S3
walk_w070_S3,18,8,0.30533576011657715,0.8987341772151899,79,walk_w070_S3
walk_w070_S3,19,5,0.22564320266246796,0.8131868131868132,91,walk_w070_S3
walk_w070_S3,20,4,0.2757170796394348,0.9210526315789473,38,walk_w070_S3
walk_w070_S3,21,5,0.3236469626426697,0.9444444444444444,54,walk_w070_S3
walk_w070_S3,22,5,0.2573300302028656,0.875,56,walk_w070_S3
walk_w070_S3,23,5,0.20407989621162415,0.8870967741935484,62,walk_w070_S3
walk_w070_S3,24,6,0.20206545293331146,0.9113924050632911,79,walk_w070_S3
walk_w070_S3,25,5,0.21833138167858124,0.8539325842696629,89,walk_w070_S3
walk_w070_S3,26,10,0.3718135952949524,0.8850574712643678,87,walk_w070_S3
walk_w070_S3,27,8,0.2831864058971405,0.9270833333333334,96,walk_w070_S3
walk_w070_S3,28,3,0.1605164259672165,0.9090909090909091,99,walk_w070_S3
walk_w070_S3,29,6,0.20929868519306183,0.8809523809523809,84,walk_w070_S3
walk_w070_S3,30,3,0.12570816278457642,0.9230769230769231,91,walk_w070_S3
walk_w070_S3,31,3,0.15392743051052094,0.9156626506024096,83,walk_w070_S3
walk_w070_S3,32,6,0.2492302507162094,0.9431818181818182,88,walk_w070_S3
walk_w070_S3,33,3,0.3402458727359772,0.9583333333333334,96,walk_w070_S3
walk_w070_S3,34,2,0.1239393949508667,0.9428571428571428,35,walk_w070_S3
walk_w070_S3,35,5,0.17737728357315063,0.9032258064516129,93,walk_w070_S3
walk_w070_S3,36,4,0.1561344563961029,0.8723404255319149,94,walk_w070_S3
walk_w070_S3,37,5,0.22644515335559845,0.9545454545454546,44,walk_w070_S3
walk_w070_S3,38,2,0.1342630684375763,0.9666666666666667,90,walk_w070_S3
walk_w070_S3,39,4,0.20853064954280853,0.8111111111111111,90,walk_w070_S3
walk_w070_S3,40,4,0.23948447406291962,0.9072164948453608,97,walk_w070_S3
walk_w070_S3,41,5,0.4387267529964447,0.8928571428571429,84,walk_w070_S3
walk_w070_S3,42,7,0.3025810420513153,0.9270833333333334,96,walk_w070_S3
walk_w070_S3,43,4,0.21771648526191711,0.896551724137931,58,walk_w070_S3
walk_w070_S3,44,1,0.10465842485427856,0.9130434782608695,46,walk_w070_S3
walk_w070_S3,45,3,0.15946535766124725,0.8404255319148937,94,walk_w070_S3
walk_w070_S3,46,10,0.2667911946773529,0.7912087912087912,91,walk_w070_S3
walk_w070_S3,47,9,0.2447255402803421,0.9397590361445783,83,walk_w070_S3
walk_w070_S3,48,5,0.25263768434524536,0.8901098901098901,91,walk_w070_S3
walk_w070_S3,49,1,0.07973062992095947,0.9292929292929293,99,walk_w070_S3
walk_w070_S3,50,3,0.1798340529203415,0.9263157894736842,95,walk_w070_S3
walk_w070_S3,51,5,0.23863768577575684,0.9594594594594594,74,walk_w070_S3
walk_w070_S3,52,10,0.3572677969932556,0.8604651162790697,86,walk_w070_S3
walk_w070_S3,53,4,0.19879429042339325,0.8202247191011236,89,walk_w070_S3
walk_w070_S3,54,4,0.2891244888305664,0.9433962264150944,53,walk_w070_S3
walk_w070_S3,55,1,0.12857651710510254,0.967741935483871,31,walk_w070_S3
walk_w070_S3,56,5,0.1989971399307251,0.9142857142857143,70,walk_w070_S3
walk_w070_S3,57,4,0.23820309340953827,0.8764044943820225,89,walk_w070_S3
walk_w070_S3,58,6,0.47199463844299316,0.9056603773584906,53,walk_w070_S3
walk_w070_S3,59,4,0.17372356355190277,0.8241758241758241,91,walk_w070_S3
walk_w070_S3,60,5,0.19176851212978363,0.9523809523809523,63,walk_w070_S3
walk_w070_S3,61,4,0.19709627330303192,0.851063829787234,94,walk_w070_S3
walk_w070_S3,62,3,0.23333466053009033,0.9545454545454546,44,walk_w070_S3
walk_w070_S3,63,3,0.09131819009780884,0.9021739130434783,92,walk_w070_S3
walk_w070_S3,64,8,0.3401561975479126,0.9111111111111111,90,walk_w070_S3
walk_w070_S3,65,2,0.0959676206111908,0.8977272727272727,88,walk_w070_S3
walk_w070_S3,66,4,0.26607638597488403,0.8791208791208791,91,walk_w070_S3
walk_w070_S3,67,4,0.1759347915649414,0.8686868686868687,99,walk_w070_S3
walk_w070_S3,68,4,0.27110162377357483,0.9433962264150944,53,walk_w070_S3
walk_w070_S3,69,8,0.1721729040145874,0.8736842105263158,95,walk_w070_S3
walk_w070_S3,70,6,0.15281422436237335,0.927536231884058,69,walk_w070_S3
walk_w070_S3,71,6,0.24528205394744873,0.8888888888888888,90,walk_w070_S3
walk_w070_S3,72,6,0.2426440715789795,0.8181818181818182,88,walk_w070_S3
walk_w070_S3,73,5,0.21193566918373108,0.9230769230769231,78,walk_w070_S3
walk_w070_S3,74,2,0.1911904215812683,0.9381443298969072,97,walk_w070_S3
walk_w070_S3,75,11,0.26137492060661316,0.8295454545454546,88,walk_w070_S3
walk_w070_S3,76,7,0.18996722996234894,0.8461538461538461,91,walk_w070_S3
walk_w070_S3,77,4,0.19790346920490265,0.7777777777777778,90,walk_w070_S3
walk_w070_S3,78,3,0.12144603580236435,0.8297872340425532,94,walk_w070_S3
walk_w070_S3,79,3,0.22173674404621124,0.9583333333333334,48,walk_w070_S3
walk_w070_S3,80,7,0.1877424567937851,0.9545454545454546,88,walk_w070_S3
walk_w070_S3,81,5,0.24697355926036835,0.8068181818181818,88,walk_w070_S3
walk_w070_S3,82,3,0.3089877665042877,0.8837209302325582,43,walk_w070_S3
walk_w070_S3,83,5,0.2531684935092926,0.8876404494382022,89,walk_w070_S3
walk_w070_S3,84,9,0.1920214742422104,0.8681318681318682,91,walk_w070_S3
walk_w070_S3,85,0,,1.0,5,walk_w070_S3
walk_w070_S3,86,4,0.17538826167583466,0.8526315789473684,95,walk_w070_S3
walk_w070_S3,87,8,0.21684379875659943,0.9333333333333333,90,walk_w070_S3
walk_w070_S3,88,5,0.1861899346113205,0.8969072164948454,97,walk_w070_S3
walk_w070_S3,89,3,0.2251872569322586,0.8714285714285714,70,walk_w070_S3
walk_w070_S3,90,10,0.3729972243309021,0.9125,80,walk_w070_S3
walk_w070_S3,91,6,0.34532681107521057,0.898876404494382,89,walk_w070_S3
walk_w070_S3,92,2,0.094806969165802,0.9534883720930233,86,walk_w070_S3
walk_w070_S3,93,4,0.2057093232870102,0.9230769230769231,65,walk_w070_S3
walk_w070_S3,94,7,0.24967117607593536,0.8260869565217391,92,walk_w070_S3
walk_w070_S3,95,6,0.2273726463317871,0.8586956521739131,92,walk_w070_S3
walk_w070_S3,96,4,0.4968227744102478,0.875,80,walk_w070_S3
walk_w070_S3,97,5,0.21055153012275696,0.8135593220338984,59,walk_w070_S3
walk_w070_S3,98,3,0.10802867263555527,0.9175257731958762,97,walk_w070_S3
walk_w070_S3,99,4,0.16438926756381989,0.9583333333333334,48,walk_w070_S3
walk_w100_S3,0,3,0.25906673073768616,0.9782608695652174,46,walk_w100_S3
walk_w100_S3,1,4,0.2283516824245453,0.8043478260869565,92,walk_w100_S3
walk_w100_S3,2,7,0.23504404723644257,0.9032258064516129,93,walk_w100_S3
walk_w100_S3,3,0,,1.0,8,walk_w100_S3
walk_w100_S3,4,3,0.3394083082675934,0.9393939393939394,33,walk_w100_S3
walk_w100_S3,5,1,0.14144009351730347,0.9387755102040817,98,walk_w100_S3
walk_w100_S3,6,6,0.20593543350696564,0.8421052631578947,95,walk_w100_S3
walk_w100_S3,7,4,0.19200389087200165,0.9655172413793104,87,walk_w100_S3
walk_w100_S3,8,4,0.15774469077587128,0.9222222222222223,90,walk_w100_S3
walk_w100_S3,9,8,0.33089691400527954,0.8933333333333333,75,walk_w100_S3
walk_w100_S3,10,4,0.15149453282356262,0.8602150537634409,93,walk_w100_S3
walk_w100_S3,11,9,0.31148988008499146,0.9135802469135802,81,walk_w100_S3
walk_w100_S3,12,3,0.35883617401123047,0.875,24,walk_w100_S3
walk_w100_S3,13,7,0.3322732746601105,0.8961038961038961,77,walk_w100_S3
walk_w100_S3,14,2,0.1270921230316162,0.9615384615384616,26,walk_w100_S3
walk_w100_S3,15,3,0.13136030733585358,0.8602150537634409,93,walk_w100_S3
walk_w100_S3,16,5,0.214273601770401,0.8902439024390244,82,walk_w100_S3
walk_w100_S3,17,5,0.16881637275218964,0.8611111111111112,72,walk_w100_S3
walk_w100_S3,18,3,0.14874792098999023,0.9387755102040817,98,walk_w100_S3
walk_w100_S3,19,4,0.21657828986644745,0.8111111111111111,90,walk_w100_S3
walk_w100_S3,20,6,0.2435576468706131,0.8703703703703703,54,walk_w100_S3
walk_w100_S3,21,11,0.3942764103412628,0.8292682926829268,82,walk_w100_S3
walk_w100_S3,22,8,0.27486923336982727,0.8488372093023255,86,walk_w100_S3
walk_w100_S3,23,9,0.2623986303806305,0.8522727272727273,88,walk_w100_S3
walk_w100_S3,24,3,0.19793106615543365,0.8695652173913043,46,walk_w100_S3
walk_w100_S3,25,6,0.2008388489484787,0.9021739130434783,92,walk_w100_S3
walk_w100_S3,26,9,0.40727460384368896,0.9176470588235294,85,walk_w100_S3
walk_w100_S3,27,5,0.16205480694770813,0.8556701030927835,97,walk_w100_S3
walk_w100_S3,28,5,0.16338419914245605,0.9479166666666666,96,walk_w100_S3
walk_w100_S3,29,5,0.19040122628211975,0.8681318681318682,91,walk_w100_S3
walk_w100_S3,30,8,0.2726101279258728,0.8714285714285714,70,walk_w100_S3
walk_w100_S3,31,9,0.2693479657173157,0.927710843373494,83,walk_w100_S3
walk_w100_S3,32,6,0.26042699813842773,0.8524590163934426,61,walk_w100_S3
walk_w100_S3,33,4,0.13137738406658173,0.9090909090909091,77,walk_w100_S3
walk_w100_S3,34,2,0.1239393949508667,0.9428571428571428,35,walk_w100_S3
walk_w100_S3,35,1,0.08997344970703125,0.91,100,walk_w100_S3
walk_w100_S3,36,7,0.2138497531414032,0.8586956521739131,92,walk_w100_S3
walk_w100_S3,37,5,0.39717617630958557,0.8775510204081632,49,walk_w100_S3
walk_w100_S3,38,3,0.11847293376922607,0.8723404255319149,94,walk_w100_S3
walk_w100_S3,39,5,0.16996020078659058,0.8571428571428571,91,walk_w100_S3
walk_w100_S3,40,5,0.20996026694774628,0.8369565217391305,92,walk_w100_S3
walk_w100_S3,41,0,,1.0,20,walk_w100_S3
walk_w100_S3,42,7,0.2599591910839081,0.9072164948453608,97,walk_w100_S3
walk_w100_S3,43,5,0.1860891878604889,0.9175257731958762,97,walk_w100_S3
walk_w100_S3,44,5,0.17435988783836365,0.7849462365591398,93,walk_w100_S3
walk_w100_S3,45,4,0.1529662311077118,0.9456521739130435,92,walk_w100_S3
walk_w100_S3,46,5,0.17217767238616943,0.8461538461538461,91,walk_w100_S3
walk_w100_S3,47,6,0.32782143354415894,0.8441558441558441,77,walk_w100_S3
walk_w100_S3,48,4,0.23204810917377472,0.945054945054945,91,walk_w100_S3
walk_w100_S3,49,4,0.20763133466243744,0.9368421052631579,95,walk_w100_S3
walk_w100_S3,50,5,0.24863281846046448,0.9139784946236559,93,walk_w100_S3
walk_w100_S3,51,9,0.18616564571857452,0.8947368421052632,95,walk_w100_S3
walk_w100_S3,52,3,0.2685517370700836,1.0,25,walk_w100_S3
walk_w100_S3,53,3,0.34819602966308594,0.96,25,walk_w100_S3
walk_w100_S3,54,7,0.30821800231933594,0.8604651162790697,86,walk_w100_S3
walk_w100_S3,55,4,0.20137283205986023,0.9270833333333334,96,walk_w100_S3
walk_w100_S3,56,2,0.25556856393814087,0.9166666666666666,36,walk_w100_S3
walk_w100_S3,57,3,0.16494373977184296,0.8555555555555555,90,walk_w100_S3
walk_w100_S3,58,3,0.27305975556373596,0.9459459459459459,37,walk_w100_S3
walk_w100_S3,59,6,0.23007027804851532,0.8241758241758241,91,walk_w100_S3
walk_w100_S3,60,3,0.25991562008857727,0.9090909090909091,44,walk_w100_S3
walk_w100_S3,61,3,0.3158731460571289,0.9111111111111111,45,walk_w100_S3
walk_w100_S3,62,8,0.2226254642009735,0.927536231884058,69,walk_w100_S3
walk_w100_S3,63,2,0.19272813200950623,0.9354838709677419,31,walk_w100_S3
walk_w100_S3,64,4,0.17873941361904144,0.7974683544303798,79,walk_w100_S3
walk_w100_S3,65,5,0.2425890415906906,0.9213483146067416,89,walk_w100_S3
walk_w100_S3,66,3,0.14815472066402435,0.9021739130434783,92,walk_w100_S3
walk_w100_S3,67,4,0.2083328515291214,0.8350515463917526,97,walk_w100_S3
walk_w100_S3,68,5,0.21457724273204803,0.8809523809523809,84,walk_w100_S3
walk_w100_S3,69,8,0.17264312505722046,0.9473684210526315,95,walk_w100_S3
walk_w100_S3,70,9,0.26121625304222107,0.926829268292683,82,walk_w100_S3
walk_w100_S3,71,3,0.166349396109581,0.8604651162790697,86,walk_w100_S3
walk_w100_S3,72,5,0.37074869871139526,0.8297872340425532,47,walk_w100_S3
walk_w100_S3,73,4,0.1362932026386261,0.8441558441558441,77,walk_w100_S3
walk_w100_S3,74,4,0.19733929634094238,0.9239130434782609,92,walk_w100_S3
walk_w100_S3,75,6,0.17790544033050537,0.8032786885245902,61,walk_w100_S3
walk_w100_S3,76,2,0.11385893821716309,0.8571428571428571,63,walk_w100_S3
walk_w100_S3,77,6,0.25693032145500183,0.7868852459016393,61,walk_w100_S3
walk_w100_S3,78,7,0.21533504128456116,0.8791208791208791,91,walk_w100_S3
walk_w100_S3,79,6,0.28200945258140564,0.8641975308641975,81,walk_w100_S3
walk_w100_S3,80,5,0.1881215125322342,0.8735632183908046,87,walk_w100_S3
walk_w100_S3,81,4,0.18432556092739105,0.9210526315789473,76,walk_w100_S3
walk_w100_S3,82,6,0.19176296889781952,0.8131868131868132,91,walk_w100_S3
walk_w100_S3,83,6,0.16085928678512573,0.8636363636363636,88,walk_w100_S3
walk_w100_S3,84,1,0.14982473850250244,0.9487179487179487,39,walk_w100_S3
walk_w100_S3,85,6,0.287815123796463,0.8709677419354839,62,walk_w100_S3
walk_w100_S3,86,5,0.23344597220420837,0.8372093023255814,86,walk_w100_S3
walk_w100_S3,87,4,0.20239166915416718,0.9230769230769231,91,walk_w100_S3
walk_w100_S3,88,7,0.21761105954647064,0.8791208791208791,91,walk_w100_S3
walk_w100_S3,89,5,0.16084040701389313,0.9130434782608695,92,walk_w100_S3
walk_w100_S3,90,9,0.33338671922683716,0.8913043478260869,92,walk_w100_S3
walk_w100_S3,91,8,0.3492252826690674,0.9101123595505618,89,walk_w100_S3
walk_w100_S3,92,2,0.1128380298614502,0.8539325842696629,89,walk_w100_S3
walk_w100_S3,93,7,0.30594006180763245,0.926829268292683,41,walk_w100_S3
walk_w100_S3,94,3,0.1305636316537857,0.9696969696969697,99,walk_w100_S3
walk_w100_S3,95,2,0.1613122820854187,0.8979591836734694,49,walk_w100_S3
walk_w100_S3,96,3,0.18700434267520905,0.9814814814814815,54,walk_w100_S3
walk_w100_S3,97,2,0.2120913863182068,0.9642857142857143,56,walk_w100_S3
walk_w100_S3,98,5,0.2969755232334137,0.9213483146067416,89,walk_w100_S3
walk_w100_S3,99,2,0.21016013622283936,1.0,21,walk_w100_S3
walk_S3,0,3,0.1428073644638061,0.9306930693069309,101,walk_S3
walk_S3,1,1,0.4906002283096313,1.0,13,walk_S3
walk_S3,2,6,0.1886812001466751,0.9052631578947368,95,walk_S3
walk_S3,3,1,0.0737587809562683,0.9629629629629628,27,walk_S3
walk_S3,4,7,0.2572180330753326,0.8701298701298701,77,walk_S3
walk_S3,5,3,0.1111965999007225,0.8787878787878788,99,walk_S3
walk_S3,6,3,0.2182769328355789,0.9651162790697676,86,walk_S3
walk_S3,7,6,0.3140991032123565,0.9375,48,walk_S3
walk_S3,8,5,0.1893772631883621,0.8817204301075269,93,walk_S3
walk_S3,9,7,0.1674714088439941,0.8947368421052632,95,walk_S3
walk_S3,10,3,0.217122197151184,0.9239130434782608,92,walk_S3
walk_S3,11,4,0.3378339409828186,0.945945945945946,37,walk_S3
walk_S3,12,2,0.3064290583133697,0.8695652173913043,23,walk_S3
walk_S3,13,7,0.2424942255020141,0.9130434782608696,92,walk_S3
walk_S3,14,1,0.2770572900772095,0.8666666666666667,15,walk_S3
walk_S3,15,2,0.202650249004364,0.9411764705882352,51,walk_S3
walk_S3,16,6,0.2817816138267517,0.8478260869565217,92,walk_S3
walk_S3,17,3,0.1885058283805847,0.8552631578947368,76,walk_S3
walk_S3,18,3,0.1146377101540565,0.9479166666666666,96,walk_S3
walk_S3,19,5,0.2078883200883865,0.7888888888888889,90,walk_S3
walk_S3,20,4,0.2006569802761078,0.9661016949152542,59,walk_S3
walk_S3,21,4,0.1563911736011505,0.8351648351648352,91,walk_S3
walk_S3,22,3,0.4066672325134277,0.96,25,walk_S3
walk_S3,23,5,0.2985834181308746,0.902439024390244,41,walk_S3
walk_S3,24,3,0.115161120891571,0.8181818181818182,66,walk_S3
walk_S3,25,5,0.2265792340040207,0.9285714285714286,84,walk_S3
walk_S3,26,6,0.3427843153476715,0.8679245283018868,53,walk_S3
walk_S3,27,7,0.1584847718477249,0.8924731182795699,93,walk_S3
walk_S3,28,3,0.343140959739685,0.9130434782608696,92,walk_S3
walk_S3,29,5,0.2183514535427093,0.8850574712643678,87,walk_S3
walk_S3,30,4,0.2130064219236374,0.9622641509433962,53,walk_S3
walk_S3,31,10,0.3328116536140442,0.9193548387096774,62,walk_S3
walk_S3,32,6,0.2719751000404358,0.8656716417910447,67,walk_S3
walk_S3,33,4,0.1708650887012481,0.8865979381443299,97,walk_S3
walk_S3,34,1,0.1676618456840515,1.0,21,walk_S3
walk_S3,35,3,0.1310144513845443,0.9278350515463918,97,walk_S3
walk_S3,36,9,0.3149650394916534,0.8131868131868132,91,walk_S3
walk_S3,37,1,0.2102493643760681,0.8837209302325582,43,walk_S3
walk_S3,38,6,0.3124074041843414,0.8732394366197183,71,walk_S3
walk_S3,39,3,0.2043225169181823,0.9404761904761904,84,walk_S3
walk_S3,40,3,0.1451656222343444,0.7857142857142857,98,walk_S3
walk_S3,41,5,0.2372297495603561,0.9438202247191012,89,walk_S3
walk_S3,42,4,0.2835860252380371,0.9393939393939394,33,walk_S3
walk_S3,43,3,0.1627443432807922,0.8105263157894737,95,walk_S3
walk_S3,44,3,0.1364187449216842,0.8470588235294118,85,walk_S3
walk_S3,45,0,,1.0,9,walk_S3
walk_S3,46,3,0.1343761086463928,0.9278350515463918,97,walk_S3
walk_S3,47,4,0.1373805850744247,0.8723404255319149,94,walk_S3
walk_S3,48,6,0.1978358477354049,0.8555555555555555,90,walk_S3
walk_S3,49,1,0.3432378768920898,0.935483870967742,31,walk_S3
walk_S3,50,5,0.1568378508090973,0.7708333333333334,96,walk_S3
walk_S3,51,11,0.2331104427576065,0.8804347826086957,92,walk_S3
walk_S3,52,6,0.2519510388374328,0.8985507246376812,69,walk_S3
walk_S3,53,3,0.2663170993328094,0.9,40,walk_S3
walk_S3,54,2,0.3073976039886474,0.9428571428571428,35,walk_S3
walk_S3,55,7,0.2238857001066208,0.9666666666666668,90,walk_S3
walk_S3,56,6,0.1650773882865905,0.913978494623656,93,walk_S3
walk_S3,57,8,0.2514177560806274,0.8947368421052632,95,walk_S3
walk_S3,58,0,,1.0,7,walk_S3
walk_S3,59,5,0.1889907568693161,0.8089887640449438,89,walk_S3
walk_S3,60,8,0.2358269393444061,0.948051948051948,77,walk_S3
walk_S3,61,3,0.1844882220029831,0.8941176470588236,85,walk_S3
walk_S3,62,6,0.1871295124292373,0.875,96,walk_S3
walk_S3,63,6,0.2148052304983139,0.8651685393258427,89,walk_S3
walk_S3,64,6,0.2364177107810974,0.8571428571428571,91,walk_S3
walk_S3,65,4,0.1547728180885315,0.956043956043956,91,walk_S3
walk_S3,66,3,0.1563217490911483,0.8191489361702128,94,walk_S3
walk_S3,67,7,0.1982089579105377,0.927710843373494,83,walk_S3
walk_S3,68,5,0.2153410613536834,0.9333333333333332,60,walk_S3
walk_S3,69,7,0.3146305680274963,0.8936170212765957,94,walk_S3
walk_S3,70,10,0.1772657632827758,0.912087912087912,91,walk_S3
walk_S3,71,2,0.226030170917511,0.92,25,walk_S3
walk_S3,72,2,0.0835707783699035,0.9583333333333334,96,walk_S3
walk_S3,73,7,0.20870903134346,0.8636363636363636,88,walk_S3
walk_S3,74,4,0.1574296653270721,0.9101123595505618,89,walk_S3
walk_S3,75,6,0.2512913644313812,0.8791208791208791,91,walk_S3
walk_S3,76,4,0.1456545889377594,0.9148936170212766,94,walk_S3
walk_S3,77,5,0.2233073264360427,0.9010989010989012,91,walk_S3
walk_S3,78,3,0.1460003703832626,0.9111111111111112,45,walk_S3
walk_S3,79,2,0.2830726206302643,0.9666666666666668,30,walk_S3
walk_S3,80,5,0.2769519388675689,0.9021739130434784,92,walk_S3
walk_S3,81,3,0.1712867766618728,0.9,90,walk_S3
walk_S3,82,8,0.3505829274654388,0.9090909090909092,77,walk_S3
walk_S3,83,5,0.2667986750602722,0.8539325842696629,89,walk_S3
walk_S3,84,4,0.2850235104560852,0.8395061728395061,81,walk_S3
walk_S3,85,4,0.3220917582511902,0.8823529411764706,34,walk_S3
walk_S3,86,4,0.1710710823535919,0.9032258064516128,93,walk_S3
walk_S3,87,3,0.1121646985411644,0.8723404255319149,94,walk_S3
walk_S3,88,1,0.380117118358612,0.967741935483871,31,walk_S3
walk_S3,89,2,0.2824020683765411,1.0,31,walk_S3
walk_S3,90,0,,0.9444444444444444,18,walk_S3
walk_S3,91,4,0.2463180422782898,0.8666666666666667,90,walk_S3
walk_S3,92,3,0.1838751286268234,0.8876404494382022,89,walk_S3
walk_S3,93,13,0.3241024315357208,0.8690476190476191,84,walk_S3
walk_S3,94,3,0.1321381479501724,0.9583333333333334,96,walk_S3
walk_S3,95,6,0.2326618880033493,0.8404255319148937,94,walk_S3
walk_S3,96,1,0.386051595211029,1.0,7,walk_S3
walk_S3,97,4,0.3020288348197937,0.9534883720930232,43,walk_S3
walk_S3,98,10,0.2516666948795318,0.8876404494382022,89,walk_S3
walk_S3,99,4,0.1302959471940994,0.918918918918919,74,walk_S3
polygon_S4,0,11,0.253379762172699,0.8913043478260869,92,polygon_S4
polygon_S4,1,5,0.1803797036409378,0.8494623655913979,93,polygon_S4
polygon_S4,2,6,0.1593413650989532,0.934065934065934,91,polygon_S4
polygon_S4,3,0,,1.0,8,polygon_S4
polygon_S4,4,6,0.2553983926773071,0.9565217391304348,69,polygon_S4
polygon_S4,5,2,0.1075784265995025,0.9594594594594594,74,polygon_S4
polygon_S4,6,9,0.3039472997188568,0.9156626506024096,83,polygon_S4
polygon_S4,7,3,0.1928506642580032,0.9042553191489362,94,polygon_S4
polygon_S4,8,8,0.26126229763031,0.8791208791208791,91,polygon_S4
polygon_S4,9,3,0.3061203360557556,0.9047619047619048,21,polygon_S4
polygon_S4,10,4,0.1863485127687454,0.9583333333333334,72,polygon_S4
polygon_S4,11,2,0.2707686722278595,0.9032258064516128,31,polygon_S4
polygon_S4,12,3,0.3449706733226776,0.9130434782608696,23,polygon_S4
polygon_S4,13,2,0.1693685352802276,0.9428571428571428,70,polygon_S4
polygon_S4,14,2,0.1602786779403686,1.0,33,polygon_S4
polygon_S4,15,1,0.2910017967224121,1.0,29,polygon_S4
polygon_S4,16,2,0.1828939020633697,1.0,33,polygon_S4
polygon_S4,17,1,0.0779459476470947,0.9473684210526316,19,polygon_S4
polygon_S4,18,5,0.1484892666339874,0.8913043478260869,92,polygon_S4
polygon_S4,19,5,0.1759384125471115,0.8297872340425532,94,polygon_S4
polygon_S4,20,2,0.2605263590812683,1.0,29,polygon_S4
polygon_S4,21,1,0.1402060389518737,0.9482758620689656,58,polygon_S4
polygon_S4,22,3,0.5209752917289734,1.0,15,polygon_S4
polygon_S4,23,3,0.2655583918094635,0.9714285714285714,35,polygon_S4
polygon_S4,24,5,0.2294215261936187,0.8409090909090909,88,polygon_S4
polygon_S4,25,2,0.1688601970672607,0.9428571428571428,35,polygon_S4
polygon_S4,26,2,0.1714210212230682,0.9838709677419356,62,polygon_S4
polygon_S4,27,2,0.2412632703781128,0.9176470588235294,85,polygon_S4
polygon_S4,28,5,0.1584761440753936,0.8913043478260869,92,polygon_S4
polygon_S4,29,6,0.1531277745962143,0.90625,96,polygon_S4
polygon_S4,30,6,0.1951700001955032,0.8522727272727273,88,polygon_S4
polygon_S4,31,1,0.0869514346122741,0.9375,32,polygon_S4
polygon_S4,32,3,0.2392839193344116,0.8548387096774194,62,polygon_S4
polygon_S4,33,9,0.2586228847503662,0.8777777777777778,90,polygon_S4
polygon_S4,34,9,0.2108044773340225,0.8901098901098901,91,polygon_S4
polygon_S4,35,9,0.161205381155014,0.8452380952380952,84,polygon_S4
polygon_S4,36,4,0.25374436378479,0.9433962264150944,53,polygon_S4
polygon_S4,37,8,0.2189708054065704,0.8901098901098901,91,polygon_S4
polygon_S4,38,5,0.2353645861148834,0.9056603773584906,53,polygon_S4
polygon_S4,39,4,0.148019254207611,0.8404255319148937,94,polygon_S4
polygon_S4,40,0,,1.0,10,polygon_S4
polygon_S4,41,5,0.33879154920578,0.9101123595505618,89,polygon_S4
polygon_S4,42,1,0.2155556082725525,1.0,25,polygon_S4
polygon_S4,43,3,0.2341906875371933,0.9666666666666668,30,polygon_S4
polygon_S4,44,3,0.3200808763504028,0.9142857142857144,35,polygon_S4
polygon_S4,45,0,,1.0,9,polygon_S4
polygon_S4,46,4,0.2154091149568557,0.935483870967742,62,polygon_S4
polygon_S4,47,2,0.186087816953659,0.825,40,polygon_S4
polygon_S4,48,0,,1.0,10,polygon_S4
polygon_S4,49,2,0.2997006177902221,0.9482758620689656,58,polygon_S4
polygon_S4,50,2,0.1961485147476196,1.0,36,polygon_S4
polygon_S4,51,0,,1.0,7,polygon_S4
polygon_S4,52,0,,1.0,1,polygon_S4
polygon_S4,53,6,0.2802826464176178,0.8539325842696629,89,polygon_S4
polygon_S4,54,1,0.3336985111236572,1.0,7,polygon_S4
polygon_S4,55,6,0.1585718989372253,0.9032258064516128,93,polygon_S4
polygon_S4,56,0,,1.0,7,polygon_S4
polygon_S4,57,4,0.3296213150024414,0.9111111111111112,45,polygon_S4
polygon_S4,58,2,0.1579652726650238,0.96875,32,polygon_S4
polygon_S4,59,2,0.2472114562988281,0.9629629629629628,27,polygon_S4
polygon_S4,60,1,0.0888466835021972,0.9655172413793104,29,polygon_S4
polygon_S4,61,4,0.1517698615789413,0.8279569892473119,93,polygon_S4
polygon_S4,62,6,0.3420572578907013,0.8918918918918919,37,polygon_S4
polygon_S4,63,0,,1.0,9,polygon_S4
polygon_S4,64,6,0.1336670070886612,0.9090909090909092,88,polygon_S4
polygon_S4,65,6,0.2329500168561935,0.8857142857142857,70,polygon_S4
polygon_S4,66,2,0.151557058095932,0.9302325581395348,43,polygon_S4
polygon_S4,67,2,0.1185236573219299,0.9310344827586208,58,polygon_S4
polygon_S4,68,12,0.336528867483139,0.8192771084337349,83,polygon_S4
polygon_S4,69,5,0.2049882411956787,0.8791208791208791,91,polygon_S4
polygon_S4,70,4,0.3063782155513763,1.0,33,polygon_S4
polygon_S4,71,5,0.1897448599338531,0.9130434782608696,92,polygon_S4
polygon_S4,72,5,0.1211301684379577,0.7692307692307693,65,polygon_S4
polygon_S4,73,0,,,0,polygon_S4
polygon_S4,74,0,,1.0,31,polygon_S4
polygon_S4,75,5,0.1854048073291778,0.9743589743589745,39,polygon_S4
polygon_S4,76,1,0.2838270664215088,0.96,25,polygon_S4
polygon_S4,77,5,0.1992454975843429,0.9047619047619048,63,polygon_S4
polygon_S4,78,1,0.2884560823440552,0.9655172413793104,29,polygon_S4
polygon_S4,79,4,0.1603317260742187,0.8983050847457628,59,polygon_S4
polygon_S4,80,0,,1.0,12,polygon_S4
polygon_S4,81,6,0.2082438319921493,0.961038961038961,77,polygon_S4
polygon_S4,82,2,0.1700672209262848,0.9487179487179488,39,polygon_S4
polygon_S4,83,2,0.1833475232124328,0.8888888888888888,27,polygon_S4
polygon_S4,84,1,0.1066101193428039,0.9411764705882352,17,polygon_S4
polygon_S4,85,2,0.5108489990234375,0.9411764705882352,17,polygon_S4
polygon_S4,86,3,0.2886689603328705,0.9655172413793104,29,polygon_S4
polygon_S4,87,7,0.3701357245445251,0.913978494623656,93,polygon_S4
polygon_S4,88,0,,0.8571428571428571,7,polygon_S4
polygon_S4,89,6,0.2531688213348388,0.8735632183908046,87,polygon_S4
polygon_S4,90,7,0.2976637482643127,0.8918918918918919,74,polygon_S4
polygon_S4,91,3,0.115233801305294,0.8695652173913043,92,polygon_S4
polygon_S4,92,6,0.1576564162969589,0.9347826086956522,92,polygon_S4
polygon_S4,93,9,0.2478460222482681,0.8829787234042553,94,polygon_S4
polygon_S4,94,2,0.197931557893753,0.912087912087912,91,polygon_S4
polygon_S4,95,0,,1.0,4,polygon_S4
polygon_S4,96,1,0.4687286615371704,1.0,6,polygon_S4
polygon_S4,97,3,0.2461320906877517,0.9101123595505618,89,polygon_S4
polygon_S4,98,4,0.2426758110523224,0.9545454545454546,66,polygon_S4
polygon_S4,99,4,0.1871419250965118,0.8985507246376812,69,polygon_S4
walk_w000_S4,0,4,0.2124696671962738,0.9322033898305084,59,walk_w000_S4
walk_w000_S4,1,2,0.16456663608551025,0.9473684210526315,76,walk_w000_S4
walk_w000_S4,2,6,0.17359645664691925,0.9081632653061225,98,walk_w000_S4
walk_w000_S4,3,0,,1.0,12,walk_w000_S4
walk_w000_S4,4,2,0.260146826505661,0.9736842105263158,38,walk_w000_S4
walk_w000_S4,5,3,0.16110174357891083,0.8936170212765957,94,walk_w000_S4
walk_w000_S4,6,8,0.3458002805709839,0.9666666666666667,60,walk_w000_S4
walk_w000_S4,7,6,0.17600445449352264,0.9021739130434783,92,walk_w000_S4
walk_w000_S4,8,3,0.16252778470516205,0.9565217391304348,92,walk_w000_S4
walk_w000_S4,9,2,0.3248394727706909,1.0,25,walk_w000_S4
walk_w000_S4,10,3,0.22532714903354645,0.94,50,walk_w000_S4
walk_w000_S4,11,6,0.2214760035276413,0.9,90,walk_w000_S4
walk_w000_S4,12,0,,1.0,4,walk_w000_S4
walk_w000_S4,13,5,0.17365989089012146,0.8611111111111112,72,walk_w000_S4
walk_w000_S4,14,2,0.09056746959686279,0.9090909090909091,99,walk_w000_S4
walk_w000_S4,15,1,0.2048426866531372,0.9655172413793104,29,walk_w000_S4
walk_w000_S4,16,5,0.20170798897743225,0.925531914893617,94,walk_w000_S4
walk_w000_S4,17,8,0.16678158938884735,0.8695652173913043,92,walk_w000_S4
walk_w000_S4,18,0,,1.0,11,walk_w000_S4
walk_w000_S4,19,6,0.1978747397661209,0.9052631578947369,95,walk_w000_S4
walk_w000_S4,20,1,0.2681270241737366,1.0,11,walk_w000_S4
walk_w000_S4,21,5,0.2394920289516449,0.872093023255814,86,walk_w000_S4
walk_w000_S4,22,4,0.20184066891670227,0.7802197802197802,91,walk_w000_S4
walk_w000_S4,23,9,0.36397477984428406,0.9090909090909091,66,walk_w000_S4
walk_w000_S4,24,1,0.4241676330566406,1.0,17,walk_w000_S4
walk_w000_S4,25,2,0.0930500328540802,0.9259259259259259,81,walk_w000_S4
walk_w000_S4,26,4,0.1520335078239441,0.90625,64,walk_w000_S4
walk_w000_S4,27,8,0.2585983872413635,0.9506172839506173,81,walk_w000_S4
walk_w000_S4,28,5,0.20185422897338867,0.9021739130434783,92,walk_w000_S4
walk_w000_S4,29,4,0.1729026436805725,0.8913043478260869,92,walk_w000_S4
walk_w000_S4,30,2,0.14899307489395142,0.8780487804878049,41,walk_w000_S4
walk_w000_S4,31,6,0.25030866265296936,0.9315068493150684,73,walk_w000_S4
walk_w000_S4,32,4,0.3431868255138397,0.8947368421052632,38,walk_w000_S4
walk_w000_S4,33,4,0.13699619472026825,0.9529411764705882,85,walk_w000_S4
walk_w000_S4,34,1,0.2353827953338623,1.0,14,walk_w000_S4
walk_w000_S4,35,9,0.27277714014053345,0.9069767441860465,86,walk_w000_S4
walk_w000_S4,36,4,0.14490826427936554,0.873015873015873,63,walk_w000_S4
walk_w000_S4,37,2,0.25208836793899536,0.9615384615384616,26,walk_w000_S4
walk_w000_S4,38,7,0.16845853626728058,0.967391304347826,92,walk_w000_S4
walk_w000_S4,39,3,0.15605612099170685,0.9534883720930233,43,walk_w000_S4
walk_w000_S4,40,3,0.11624711751937866,0.9175257731958762,97,walk_w000_S4
walk_w000_S4,41,1,0.2063165307044983,1.0,24,walk_w000_S4
walk_w000_S4,42,6,0.21923977136611938,0.9111111111111111,90,walk_w000_S4
walk_w000_S4,43,2,0.3074025809764862,0.9714285714285714,35,walk_w000_S4
walk_w000_S4,44,2,0.11566650867462158,0.9285714285714286,84,walk_w000_S4
walk_w000_S4,45,5,0.19089248776435852,0.8924731182795699,93,walk_w000_S4
walk_w000_S4,46,4,0.3766283690929413,0.9782608695652174,46,walk_w000_S4
walk_w000_S4,47,3,0.18187551200389862,0.8923076923076924,65,walk_w000_S4
walk_w000_S4,48,4,0.23576270043849945,0.8611111111111112,72,walk_w000_S4
walk_w000_S4,49,3,0.17973680794239044,0.9666666666666667,60,walk_w000_S4
walk_w000_S4,50,5,0.21764469146728516,0.9230769230769231,91,walk_w000_S4
walk_w000_S4,51,5,0.30891674757003784,0.9444444444444444,54,walk_w000_S4
walk_w000_S4,52,4,0.3587348461151123,0.8913043478260869,46,walk_w000_S4
walk_w000_S4,53,3,0.24694488942623138,0.9,60,walk_w000_S4
walk_w000_S4,54,3,0.20053575932979584,0.8902439024390244,82,walk_w000_S4
walk_w000_S4,55,5,0.2424522340297699,0.9101123595505618,89,walk_w000_S4
walk_w000_S4,56,0,,1.0,8,walk_w000_S4
walk_w000_S4,57,4,0.21677237749099731,0.9651162790697675,86,walk_w000_S4
walk_w000_S4,58,3,0.21960105001926422,0.972972972972973,37,walk_w000_S4
walk_w000_S4,59,0,,1.0,10,walk_w000_S4
walk_w000_S4,60,7,0.2215733528137207,0.8958333333333334,96,walk_w000_S4
walk_w000_S4,61,8,0.32883092761039734,0.9222222222222223,90,walk_w000_S4
walk_w000_S4,62,3,0.32666629552841187,0.9705882352941176,34,walk_w000_S4
walk_w000_S4,63,0,,0.9473684210526315,19,walk_w000_S4
walk_w000_S4,64,5,0.22849306464195251,0.9325842696629213,89,walk_w000_S4
walk_w000_S4,65,0,,1.0,10,walk_w000_S4
walk_w000_S4,66,1,0.25875258445739746,1.0,27,walk_w000_S4
walk_w000_S4,67,3,0.19881582260131836,0.9696969696969697,33,walk_w000_S4
walk_w000_S4,68,1,0.31479859352111816,1.0,12,walk_w000_S4
walk_w000_S4,69,7,0.26174265146255493,0.8494623655913979,93,walk_w000_S4
walk_w000_S4,70,5,0.24563813209533691,0.9452054794520548,73,walk_w000_S4
walk_w000_S4,71,5,0.18720977008342743,0.8888888888888888,90,walk_w000_S4
walk_w000_S4,72,4,0.2381354570388794,0.972972972972973,37,walk_w000_S4
walk_w000_S4,73,2,0.21631333231925964,0.9411764705882353,17,walk_w000_S4
walk_w000_S4,74,1,0.07277274131774902,0.921875,64,walk_w000_S4
walk_w000_S4,75,0,,0.9090909090909091,22,walk_w000_S4
walk_w000_S4,76,6,0.20948903262615204,0.8222222222222222,90,walk_w000_S4
walk_w000_S4,77,3,0.3765536844730377,0.9672131147540983,61,walk_w000_S4
walk_w000_S4,78,3,0.16506178677082062,0.8837209302325582,86,walk_w000_S4
walk_w000_S4,79,1,0.07403326034545898,0.9090909090909091,22,walk_w000_S4
walk_w000_S4,80,2,0.13979274034500122,0.9761904761904762,84,walk_w000_S4
walk_w000_S4,81,4,0.26452136039733887,0.9,80,walk_w000_S4
walk_w000_S4,82,6,0.21800284087657928,0.8555555555555555,90,walk_w000_S4
walk_w000_S4,83,1,0.31359004974365234,0.896551724137931,29,walk_w000_S4
walk_w000_S4,84,7,0.20970885455608368,0.9565217391304348,92,walk_w000_S4
walk_w000_S4,85,2,0.2931211590766907,0.9565217391304348,23,walk_w000_S4
walk_w000_S4,86,3,0.21556456387043,0.9137931034482759,58,walk_w000_S4
walk_w000_S4,87,5,0.23533496260643005,0.9456521739130435,92,walk_w000_S4
walk_w000_S4,88,7,0.3558637797832489,0.9090909090909091,55,walk_w000_S4
walk_w000_S4,89,0,,1.0,2,walk_w000_S4
walk_w000_S4,90,4,0.17828379571437836,0.9428571428571428,70,walk_w000_S4
walk_w000_S4,91,5,0.1807003915309906,0.8936170212765957,94,walk_w000_S4
walk_w000_S4,92,3,0.2603856325149536,0.9560439560439561,91,walk_w000_S4
walk_w000_S4,93,4,0.17820388078689575,0.7802197802197802,91,walk_w000_S4
walk_w000_S4,94,8,0.2826603651046753,0.8953488372093024,86,walk_w000_S4
walk_w000_S4,95,6,0.18223755061626434,0.8,90,walk_w000_S4
walk_w000_S4,96,0,,1.0,12,walk_w000_S4
walk_w000_S4,97,2,0.3427886366844177,0.9310344827586207,29,walk_w000_S4
walk_w000_S4,98,2,0.2277403175830841,0.9696969696969697,33,walk_w000_S4
walk_w000_S4,99,5,0.15170204639434814,0.90625,96,walk_w000_S4
walk_w040_S4,0,0,,1.0,14,walk_w040_S4
walk_w040_S4,1,1,0.12340813875198364,0.972972972972973,37,walk_w040_S4
walk_w040_S4,2,2,0.13444700837135315,0.8979591836734694,49,walk_w040_S4
walk_w040_S4,3,1,0.29097461700439453,1.0,10,walk_w040_S4
walk_w040_S4,4,5,0.10418182611465454,0.9207920792079208,101,walk_w040_S4
walk_w040_S4,5,1,0.18461573123931885,1.0,35,walk_w040_S4
walk_w040_S4,6,0,,1.0,6,walk_w040_S4
walk_w040_S4,7,3,0.1280294507741928,0.9682539682539683,63,walk_w040_S4
walk_w040_S4,8,1,0.1429537534713745,0.9375,16,walk_w040_S4
walk_w040_S4,9,4,0.24542540311813354,0.8764044943820225,89,walk_w040_S4
walk_w040_S4,10,5,0.24175815284252167,0.8387096774193549,93,walk_w040_S4
walk_w040_S4,11,2,0.11652219295501709,1.0,40,walk_w040_S4
walk_w040_S4,12,2,0.24510598182678223,0.9722222222222222,36,walk_w040_S4
walk_w040_S4,13,5,0.19798539578914642,0.8555555555555555,90,walk_w040_S4
walk_w040_S4,14,4,0.16240113973617554,0.9080459770114943,87,walk_w040_S4
walk_w040_S4,15,4,0.29150038957595825,0.9230769230769231,91,walk_w040_S4
walk_w040_S4,16,2,0.20600521564483643,1.0,32,walk_w040_S4
walk_w040_S4,17,5,0.16770146787166595,0.8734177215189873,79,walk_w040_S4
walk_w040_S4,18,2,0.13312950730323792,0.9069767441860465,43,walk_w040_S4
walk_w040_S4,19,4,0.27400803565979004,0.9375,64,walk_w040_S4
walk_w040_S4,20,9,0.18720704317092896,0.9010989010989011,91,walk_w040_S4
walk_w040_S4,21,2,0.12383085489273071,1.0,40,walk_w040_S4
walk_w040_S4,22,4,0.15529677271842957,0.8636363636363636,88,walk_w040_S4
walk_w040_S4,23,3,0.08531558513641357,0.8924731182795699,93,walk_w040_S4
walk_w040_S4,24,2,0.16015583276748657,0.9230769230769231,39,walk_w040_S4
walk_w040_S4,25,5,0.24182310700416565,0.9130434782608695,92,walk_w040_S4
walk_w040_S4,26,1,0.24472665786743164,0.9523809523809523,42,walk_w040_S4
walk_w040_S4,27,8,0.18842807412147522,0.8709677419354839,93,walk_w040_S4
walk_w040_S4,28,4,0.08220644295215607,0.9354838709677419,93,walk_w040_S4
walk_w040_S4,29,6,0.18731440603733063,0.8913043478260869,92,walk_w040_S4
walk_w040_S4,30,2,0.1228613555431366,0.9487179487179487,39,walk_w040_S4
walk_w040_S4,31,0,,1.0,23,walk_w040_S4
walk_w040_S4,32,1,0.22016918659210205,1.0,18,walk_w040_S4
walk_w040_S4,33,0,,0.9615384615384616,26,walk_w040_S4
walk_w040_S4,34,10,0.30540066957473755,0.8977272727272727,88,walk_w040_S4
walk_w040_S4,35,0,,0.9523809523809523,21,walk_w040_S4
walk_w040_S4,36,6,0.23585426807403564,0.8372093023255814,86,walk_w040_S4
walk_w040_S4,37,3,0.3000663220882416,0.9,40,walk_w040_S4
walk_w040_S4,38,2,0.2841043174266815,0.9583333333333334,24,walk_w040_S4
walk_w040_S4,39,4,0.22590582072734833,0.9404761904761905,84,walk_w040_S4
walk_w040_S4,40,3,0.14250750839710236,0.9042553191489362,94,walk_w040_S4
walk_w040_S4,41,3,0.2774949371814728,0.95,40,walk_w040_S4
walk_w040_S4,42,0,,1.0,23,walk_w040_S4
walk_w040_S4,43,3,0.22307324409484863,0.9042553191489362,94,walk_w040_S4
walk_w040_S4,44,1,0.14252156019210815,0.9655172413793104,29,walk_w040_S4
walk_w040_S4,45,0,,0.9772727272727273,44,walk_w040_S4
walk_w040_S4,46,1,0.21746230125427246,1.0,12,walk_w040_S4
walk_w040_S4,47,5,0.17345426976680756,0.8777777777777778,90,walk_w040_S4
walk_w040_S4,48,3,0.10516611486673355,0.898876404494382,89,walk_w040_S4
walk_w040_S4,49,5,0.21848075091838837,0.8390804597701149,87,walk_w040_S4
walk_w040_S4,50,3,0.24653498828411102,0.9607843137254902,51,walk_w040_S4
walk_w040_S4,51,10,0.2695850133895874,0.8484848484848485,66,walk_w040_S4
walk_w040_S4,52,6,0.22422091662883759,0.8222222222222222,90,walk_w040_S4
walk_w040_S4,53,1,0.29577505588531494,0.9230769230769231,13,walk_w040_S4
walk_w040_S4,54,6,0.21031160652637482,0.8651685393258427,89,walk_w040_S4
walk_w040_S4,55,2,0.12872114777565002,0.9761904761904762,42,walk_w040_S4
walk_w040_S4,56,3,0.1358567625284195,0.8554216867469879,83,walk_w040_S4
walk_w040_S4,57,1,0.1684356927871704,0.9047619047619048,42,walk_w040_S4
walk_w040_S4,58,0,,1.0,9,walk_w040_S4
walk_w040_S4,59,0,,1.0,5,walk_w040_S4
walk_w040_S4,60,3,0.1743321269750595,0.8870967741935484,62,walk_w040_S4
walk_w040_S4,61,0,,1.0,10,walk_w040_S4
walk_w040_S4,62,2,0.33184853196144104,0.9565217391304348,23,walk_w040_S4
walk_w040_S4,63,3,0.4105813503265381,0.96875,32,walk_w040_S4
walk_w040_S4,64,1,0.379109263420105,0.9523809523809523,21,walk_w040_S4
walk_w040_S4,65,0,,1.0,14,walk_w040_S4
walk_w040_S4,66,3,0.09634232521057129,0.9354838709677419,93,walk_w040_S4
walk_w040_S4,67,4,0.11185336112976074,0.9468085106382979,94,walk_w040_S4
walk_w040_S4,68,4,0.257256418466568,0.9473684210526315,38,walk_w040_S4
walk_w040_S4,69,4,0.23167718946933746,0.8045977011494253,87,walk_w040_S4
walk_w040_S4,70,6,0.19294460117816925,0.9452054794520548,73,walk_w040_S4
walk_w040_S4,71,6,0.26083460450172424,0.8636363636363636,88,walk_w040_S4
walk_w040_S4,72,3,0.18509016931056976,0.9027777777777778,72,walk_w040_S4
walk_w040_S4,73,0,,,0,walk_w040_S4
walk_w040_S4,74,2,0.21978875994682312,0.9322033898305084,59,walk_w040_S4
walk_w040_S4,75,4,0.19003497064113617,0.8522727272727273,88,walk_w040_S4
walk_w040_S4,76,5,0.19446313381195068,0.9139784946236559,93,walk_w040_S4
walk_w040_S4,77,2,0.22340023517608643,1.0,21,walk_w040_S4
walk_w040_S4,78,1,0.23587071895599365,1.0,27,walk_w040_S4
walk_w040_S4,79,2,0.18738049268722534,0.864406779661017,59,walk_w040_S4
walk_w040_S4,80,3,0.14838027954101562,0.9634146341463414,82,walk_w040_S4
walk_w040_S4,81,1,0.14600783586502075,0.9736842105263158,38,walk_w040_S4
walk_w040_S4,82,0,,1.0,18,walk_w040_S4
walk_w040_S4,83,6,0.2645767033100128,0.9080459770114943,87,walk_w040_S4
walk_w040_S4,84,4,0.2193664312362671,0.8870967741935484,62,walk_w040_S4
walk_w040_S4,85,6,0.21980614960193634,0.8941176470588236,85,walk_w040_S4
walk_w040_S4,86,4,0.20027276873588562,0.9090909090909091,99,walk_w040_S4
walk_w040_S4,87,8,0.23582801222801208,0.8764044943820225,89,walk_w040_S4
walk_w040_S4,88,2,0.16429203748703003,0.9459459459459459,37,walk_w040_S4
walk_w040_S4,89,0,,1.0,2,walk_w040_S4
walk_w040_S4,90,0,,,0,walk_w040_S4
walk_w040_S4,91,4,0.1817815750837326,0.9052631578947369,95,walk_w040_S4
walk_w040_S4,92,1,0.08516407012939453,0.95,60,walk_w040_S4
walk_w040_S4,93,5,0.38178327679634094,0.9142857142857143,35,walk_w040_S4
walk_w040_S4,94,0,,1.0,8,walk_w040_S4
walk_w040_S4,95,6,0.16221769154071808,0.8229166666666666,96,walk_w040_S4
walk_w040_S4,96,2,0.2989441454410553,1.0,16,walk_w040_S4
walk_w040_S4,97,3,0.19788040220737457,0.96875,32,walk_w040_S4
walk_w040_S4,98,0,,1.0,15,walk_w040_S4
walk_w040_S4,99,2,0.3039472699165344,0.9047619047619048,42,walk_w040_S4
walk_w070_S4,0,0,,1.0,14,walk_w070_S4
walk_w070_S4,1,2,0.4432375729084015,0.95,20,walk_w070_S4
walk_w070_S4,2,4,0.2322636991739273,0.9052631578947369,95,walk_w070_S4
walk_w070_S4,3,1,0.09885650873184204,0.90625,32,walk_w070_S4
walk_w070_S4,4,5,0.1827506572008133,0.8854166666666666,96,walk_w070_S4
walk_w070_S4,5,3,0.1396888941526413,0.9347826086956522,92,walk_w070_S4
walk_w070_S4,6,4,0.2338555008172989,0.8888888888888888,45,walk_w070_S4
walk_w070_S4,7,3,0.18672436475753784,0.8395061728395061,81,walk_w070_S4
walk_w070_S4,8,4,0.18476825952529907,0.8823529411764706,85,walk_w070_S4
walk_w070_S4,9,7,0.2844415009021759,0.8117647058823529,85,walk_w070_S4
walk_w070_S4,10,6,0.19055934250354767,0.9010989010989011,91,walk_w070_S4
walk_w070_S4,11,2,0.21002718806266785,0.9215686274509803,51,walk_w070_S4
walk_w070_S4,12,2,0.2768464982509613,0.9459459459459459,37,walk_w070_S4
walk_w070_S4,13,3,0.15375733375549316,0.9176470588235294,85,walk_w070_S4
walk_w070_S4,14,3,0.14934784173965454,0.9583333333333334,48,walk_w070_S4
walk_w070_S4,15,0,,0.9375,16,walk_w070_S4
walk_w070_S4,16,1,0.13490545749664307,0.9459459459459459,37,walk_w070_S4
walk_w070_S4,17,10,0.3674802780151367,0.9382716049382716,81,walk_w070_S4
walk_w070_S4,18,3,0.3164825141429901,0.9827586206896551,58,walk_w070_S4
walk_w070_S4,19,3,0.18800495564937592,0.9655172413793104,87,walk_w070_S4
walk_w070_S4,20,3,0.2558504045009613,0.9090909090909091,33,walk_w070_S4
walk_w070_S4,21,2,0.20145565271377563,0.9459459459459459,37,walk_w070_S4
walk_w070_S4,22,6,0.21783025562763214,0.8901098901098901,91,walk_w070_S4
walk_w070_S4,23,1,0.15243983268737793,1.0,19,walk_w070_S4
walk_w070_S4,24,3,0.30786970257759094,0.9473684210526315,38,walk_w070_S4
walk_w070_S4,25,3,0.19899632036685944,0.9607843137254902,51,walk_w070_S4
walk_w070_S4,26,0,,1.0,7,walk_w070_S4
walk_w070_S4,27,1,0.0911170244216919,0.875,16,walk_w070_S4
walk_w070_S4,28,3,0.1017388328909874,0.8888888888888888,90,walk_w070_S4
walk_w070_S4,29,5,0.23964126408100128,0.9195402298850575,87,walk_w070_S4
walk_w070_S4,30,1,0.13844960927963257,0.9375,16,walk_w070_S4
walk_w070_S4,31,6,0.17270047962665558,0.8714285714285714,70,walk_w070_S4
walk_w070_S4,32,12,0.3101160228252411,0.8735632183908046,87,walk_w070_S4
walk_w070_S4,33,1,0.2341591715812683,0.9736842105263158,38,walk_w070_S4
walk_w070_S4,34,4,0.32068347930908203,0.8846153846153846,26,walk_w070_S4
walk_w070_S4,35,8,0.2771492004394531,0.9101123595505618,89,walk_w070_S4
walk_w070_S4,36,4,0.21595607697963715,0.9157894736842105,95,walk_w070_S4
walk_w070_S4,37,5,0.2667411267757416,0.9333333333333333,45,walk_w070_S4
walk_w070_S4,38,4,0.21527662873268127,0.9454545454545454,55,walk_w070_S4
walk_w070_S4,39,4,0.19023825228214264,0.8607594936708861,79,walk_w070_S4
walk_w070_S4,40,4,0.1294291466474533,0.9375,96,walk_w070_S4
walk_w070_S4,41,0,,1.0,3,walk_w070_S4
walk_w070_S4,42,1,0.07801014184951782,1.0,24,walk_w070_S4
walk_w070_S4,43,4,0.18311654031276703,0.8636363636363636,88,walk_w070_S4
walk_w070_S4,44,5,0.15601183474063873,0.9195402298850575,87,walk_w070_S4
walk_w070_S4,45,7,0.19488705694675446,0.872093023255814,86,walk_w070_S4
walk_w070_S4,46,1,0.13831937313079834,0.9555555555555556,45,walk_w070_S4
walk_w070_S4,47,3,0.12857557833194733,0.9444444444444444,54,walk_w070_S4
walk_w070_S4,48,0,,1.0,4,walk_w070_S4
walk_w070_S4,49,8,0.22819992899894714,0.8953488372093024,86,walk_w070_S4
walk_w070_S4,50,3,0.29022642970085144,0.9433962264150944,53,walk_w070_S4
walk_w070_S4,51,2,0.30438435077667236,0.9130434782608695,23,walk_w070_S4
walk_w070_S4,52,0,,1.0,3,walk_w070_S4
walk_w070_S4,53,2,0.17699414491653442,0.9010989010989011,91,walk_w070_S4
walk_w070_S4,54,6,0.22144339978694916,0.9390243902439024,82,walk_w070_S4
walk_w070_S4,55,1,0.13470697402954102,0.9772727272727273,44,walk_w070_S4
walk_w070_S4,56,0,,1.0,11,walk_w070_S4
walk_w070_S4,57,3,0.1782328486442566,0.8617021276595744,94,walk_w070_S4
walk_w070_S4,58,12,0.2304164618253708,0.8369565217391305,92,walk_w070_S4
walk_w070_S4,59,0,,1.0,5,walk_w070_S4
walk_w070_S4,60,2,0.16073265671730042,1.0,56,walk_w070_S4
walk_w070_S4,61,0,,1.0,12,walk_w070_S4
walk_w070_S4,62,3,0.4089612066745758,0.9259259259259259,27,walk_w070_S4
walk_w070_S4,63,9,0.26049211621284485,0.9473684210526315,76,walk_w070_S4
walk_w070_S4,64,5,0.2328938990831375,0.8850574712643678,87,walk_w070_S4
walk_w070_S4,65,6,0.24900241196155548,0.922077922077922,77,walk_w070_S4
walk_w070_S4,66,9,0.26692068576812744,0.8387096774193549,93,walk_w070_S4
walk_w070_S4,67,4,0.18063905835151672,0.8295454545454546,88,walk_w070_S4
walk_w070_S4,68,4,0.2613416612148285,0.972972972972973,37,walk_w070_S4
walk_w070_S4,69,4,0.1675824671983719,0.8723404255319149,94,walk_w070_S4
walk_w070_S4,70,8,0.18183380365371704,0.8817204301075269,93,walk_w070_S4
walk_w070_S4,71,3,0.13420526683330536,0.9759036144578314,83,walk_w070_S4
walk_w070_S4,72,4,0.21815069019794464,0.9024390243902439,82,walk_w070_S4
walk_w070_S4,73,2,0.22904536128044128,0.9473684210526315,38,walk_w070_S4
walk_w070_S4,74,9,0.36060288548469543,0.9540229885057471,87,walk_w070_S4
walk_w070_S4,75,5,0.24927690625190735,0.9387755102040817,49,walk_w070_S4
walk_w070_S4,76,1,0.1291670799255371,0.9574468085106383,47,walk_w070_S4
walk_w070_S4,77,5,0.15808351337909698,0.9204545454545454,88,walk_w070_S4
walk_w070_S4,78,3,0.12716156244277954,0.8690476190476191,84,walk_w070_S4
walk_w070_S4,79,2,0.21570232510566711,0.96,50,walk_w070_S4
walk_w070_S4,80,4,0.18552441895008087,0.8933333333333333,75,walk_w070_S4
walk_w070_S4,81,3,0.21122007071971893,0.9239130434782609,92,walk_w070_S4
walk_w070_S4,82,2,0.1486232876777649,0.8888888888888888,54,walk_w070_S4
walk_w070_S4,83,4,0.12622706592082977,0.9375,80,walk_w070_S4
walk_w070_S4,84,2,0.1599424183368683,0.8378378378378378,37,walk_w070_S4
walk_w070_S4,85,1,0.4632951021194458,1.0,17,walk_w070_S4
walk_w070_S4,86,0,,1.0,11,walk_w070_S4
walk_w070_S4,87,3,0.11603609472513199,0.9292929292929293,99,walk_w070_S4
walk_w070_S4,88,0,,1.0,4,walk_w070_S4
walk_w070_S4,89,0,,1.0,6,walk_w070_S4
walk_w070_S4,90,5,0.21777769923210144,0.9402985074626866,67,walk_w070_S4
walk_w070_S4,91,2,0.12039726972579956,0.9814814814814815,54,walk_w070_S4
walk_w070_S4,92,4,0.10270731151103973,0.9072164948453608,97,walk_w070_S4
walk_w070_S4,93,5,0.39556998014450073,0.9166666666666666,36,walk_w070_S4
walk_w070_S4,94,1,0.1310042142868042,0.9117647058823529,34,walk_w070_S4
walk_w070_S4,95,1,0.3656867742538452,0.9444444444444444,18,walk_w070_S4
walk_w070_S4,96,4,0.19632376730442047,0.9122807017543859,57,walk_w070_S4
walk_w070_S4,97,7,0.23986101150512695,0.896551724137931,87,walk_w070_S4
walk_w070_S4,98,3,0.20119334757328033,0.9285714285714286,70,walk_w070_S4
walk_w070_S4,99,1,0.3381742835044861,0.9411764705882353,17,walk_w070_S4
walk_w100_S4,0,0,,1.0,14,walk_w100_S4
walk_w100_S4,1,4,0.3288518190383911,0.9393939393939394,33,walk_w100_S4
walk_w100_S4,2,4,0.15940675139427185,0.8777777777777778,90,walk_w100_S4
walk_w100_S4,3,0,,1.0,10,walk_w100_S4
walk_w100_S4,4,5,0.17673219740390778,0.925531914893617,94,walk_w100_S4
walk_w100_S4,5,6,0.11482623964548111,0.9468085106382979,94,walk_w100_S4
walk_w100_S4,6,5,0.19290226697921753,0.890625,64,walk_w100_S4
walk_w100_S4,7,1,0.24479466676712036,0.8709677419354839,31,walk_w100_S4
walk_w100_S4,8,6,0.23514054715633392,0.9195402298850575,87,walk_w100_S4
walk_w100_S4,9,6,0.19859157502651215,0.9761904761904762,42,walk_w100_S4
walk_w100_S4,10,6,0.1891154795885086,0.8817204301075269,93,walk_w100_S4
walk_w100_S4,11,5,0.19013981521129608,0.8695652173913043,92,walk_w100_S4
walk_w100_S4,12,3,0.22958694398403168,0.9148936170212766,47,walk_w100_S4
walk_w100_S4,13,4,0.24719364941120148,0.8941176470588236,85,walk_w100_S4
walk_w100_S4,14,6,0.1830471307039261,0.9278350515463918,97,walk_w100_S4
walk_w100_S4,15,0,,0.9375,16,walk_w100_S4
walk_w100_S4,16,6,0.17192745208740234,0.9468085106382979,94,walk_w100_S4
walk_w100_S4,17,1,0.14557886123657227,0.96875,32,walk_w100_S4
walk_w100_S4,18,2,0.15287187695503235,0.8888888888888888,90,walk_w100_S4
walk_w100_S4,19,6,0.3387349545955658,0.8924731182795699,93,walk_w100_S4
walk_w100_S4,20,3,0.24293027818202972,0.9090909090909091,33,walk_w100_S4
walk_w100_S4,21,8,0.3014777898788452,0.9166666666666666,96,walk_w100_S4
walk_w100_S4,22,3,0.213307186961174,0.9436619718309859,71,walk_w100_S4
walk_w100_S4,23,3,0.24133501946926117,0.9130434782608695,46,walk_w100_S4
walk_w100_S4,24,3,0.26214244961738586,0.9655172413793104,29,walk_w100_S4
walk_w100_S4,25,4,0.2419825792312622,0.9010989010989011,91,walk_w100_S4
walk_w100_S4,26,0,,1.0,7,walk_w100_S4
walk_w100_S4,27,6,0.24358658492565155,0.9036144578313253,83,walk_w100_S4
walk_w100_S4,28,3,0.1312052458524704,0.8478260869565217,92,walk_w100_S4
walk_w100_S4,29,3,0.2871156930923462,0.9746835443037974,79,walk_w100_S4
walk_w100_S4,30,2,0.20523640513420105,0.9142857142857143,35,walk_w100_S4
walk_w100_S4,31,6,0.17270047962665558,0.8714285714285714,70,walk_w100_S4
walk_w100_S4,32,6,0.23522107303142548,0.9076923076923077,65,walk_w100_S4
walk_w100_S4,33,1,0.1580207347869873,0.9736842105263158,38,walk_w100_S4
walk_w100_S4,34,5,0.13721111416816711,0.8602150537634409,93,walk_w100_S4
walk_w100_S4,35,8,0.23090654611587524,0.9069767441860465,86,walk_w100_S4
walk_w100_S4,36,6,0.1698627471923828,0.865979381443299,97,walk_w100_S4
walk_w100_S4,37,0,,1.0,21,walk_w100_S4
walk_w100_S4,38,7,0.1835206300020218,0.9278350515463918,97,walk_w100_S4
walk_w100_S4,39,6,0.2158222645521164,0.945054945054945,91,walk_w100_S4
walk_w100_S4,40,3,0.11472544819116592,0.94,100,walk_w100_S4
walk_w100_S4,41,0,,1.0,3,walk_w100_S4
walk_w100_S4,42,1,0.07801014184951782,1.0,24,walk_w100_S4
walk_w100_S4,43,5,0.21393051743507385,0.9479166666666666,96,walk_w100_S4
walk_w100_S4,44,0,,1.0,11,walk_w100_S4
walk_w100_S4,45,5,0.23314256966114044,0.927536231884058,69,walk_w100_S4
walk_w100_S4,46,1,0.13831937313079834,0.9555555555555556,45,walk_w100_S4
walk_w100_S4,47,3,0.2619902789592743,0.9459459459459459,37,walk_w100_S4
walk_w100_S4,48,0,,1.0,4,walk_w100_S4
walk_w100_S4,49,9,0.34815335273742676,0.9058823529411765,85,walk_w100_S4
walk_w100_S4,50,5,0.2009998857975006,0.9545454545454546,88,walk_w100_S4
walk_w100_S4,51,3,0.45818185806274414,0.9615384615384616,26,walk_w100_S4
walk_w100_S4,52,0,,1.0,3,walk_w100_S4
walk_w100_S4,53,2,0.17699414491653442,0.9010989010989011,91,walk_w100_S4
walk_w100_S4,54,0,,1.0,19,walk_w100_S4
walk_w100_S4,55,3,0.19634288549423218,0.8831168831168831,77,walk_w100_S4
walk_w100_S4,56,0,,1.0,12,walk_w100_S4
walk_w100_S4,57,3,0.1782328486442566,0.8617021276595744,94,walk_w100_S4
walk_w100_S4,58,2,0.17543834447860718,1.0,33,walk_w100_S4
walk_w100_S4,59,0,,1.0,5,walk_w100_S4
walk_w100_S4,60,2,0.1719779670238495,0.9183673469387755,49,walk_w100_S4
walk_w100_S4,61,0,,1.0,12,walk_w100_S4
walk_w100_S4,62,3,0.4089612066745758,0.9259259259259259,27,walk_w100_S4
walk_w100_S4,63,3,0.3175676763057709,0.96875,32,walk_w100_S4
walk_w100_S4,64,4,0.1610337197780609,0.9603960396039604,101,walk_w100_S4
walk_w100_S4,65,6,0.3244667947292328,0.9166666666666666,96,walk_w100_S4
walk_w100_S4,66,2,0.21982282400131226,0.9487179487179487,39,walk_w100_S4
walk_w100_S4,67,0,,1.0,12,walk_w100_S4
walk_w100_S4,68,7,0.28726163506507874,0.8977272727272727,88,walk_w100_S4
walk_w100_S4,69,6,0.23869477212429047,0.9534883720930233,86,walk_w100_S4
walk_w100_S4,70,3,0.14515967667102814,0.9795918367346939,49,walk_w100_S4
walk_w100_S4,71,3,0.1398525983095169,0.9230769230769231,39,walk_w100_S4
walk_w100_S4,72,2,0.32582059502601624,0.9743589743589743,39,walk_w100_S4
walk_w100_S4,73,6,0.18760104477405548,0.8876404494382022,89,walk_w100_S4
walk_w100_S4,74,2,0.257785439491272,0.9411764705882353,34,walk_w100_S4
walk_w100_S4,75,3,0.1920253187417984,0.8928571428571429,56,walk_w100_S4
walk_w100_S4,76,4,0.15347379446029663,0.9148936170212766,94,walk_w100_S4
walk_w100_S4,77,6,0.15829996764659882,0.9230769230769231,91,walk_w100_S4
walk_w100_S4,78,3,0.1311320662498474,0.8604651162790697,86,walk_w100_S4
walk_w100_S4,79,6,0.24493193626403809,0.967391304347826,92,walk_w100_S4
walk_w100_S4,80,6,0.18775655329227448,0.8409090909090909,88,walk_w100_S4
walk_w100_S4,81,2,0.1516703963279724,0.9456521739130435,92,walk_w100_S4
walk_w100_S4,82,2,0.2971867322921753,0.9565217391304348,23,walk_w100_S4
walk_w100_S4,83,3,0.13638252019882202,0.9516129032258065,62,walk_w100_S4
walk_w100_S4,84,4,0.16630232334136963,0.8392857142857143,56,walk_w100_S4
walk_w100_S4,85,3,0.15883435308933258,0.9333333333333333,75,walk_w100_S4
walk_w100_S4,86,7,0.2448127120733261,0.8902439024390244,82,walk_w100_S4
walk_w100_S4,87,3,0.11555775254964828,0.9393939393939394,99,walk_w100_S4
walk_w100_S4,88,0,,1.0,4,walk_w100_S4
walk_w100_S4,89,0,,1.0,6,walk_w100_S4
walk_w100_S4,90,1,0.1653575897216797,1.0,28,walk_w100_S4
walk_w100_S4,91,2,0.11284217238426208,0.9814814814814815,54,walk_w100_S4
walk_w100_S4,92,5,0.1556163877248764,0.9247311827956989,93,walk_w100_S4
walk_w100_S4,93,5,0.2658490836620331,0.8648648648648649,37,walk_w100_S4
walk_w100_S4,94,5,0.20520786941051483,0.9204545454545454,88,walk_w100_S4
walk_w100_S4,95,1,0.3656867742538452,0.9444444444444444,18,walk_w100_S4
walk_w100_S4,96,4,0.22051595151424408,0.9166666666666666,60,walk_w100_S4
walk_w100_S4,97,1,0.16951262950897217,0.9285714285714286,28,walk_w100_S4
walk_w100_S4,98,8,0.268555611371994,0.9069767441860465,86,walk_w100_S4
walk_w100_S4,99,11,0.43246176838874817,0.9558823529411765,68,walk_w100_S4
walk_S4,0,3,0.1511737704277038,0.9318181818181818,88,walk_S4
walk_S4,1,3,0.2929587364196777,0.9655172413793104,29,walk_S4
walk_S4,2,2,0.0893990695476532,0.9444444444444444,90,walk_S4
walk_S4,3,2,0.1646593809127807,1.0,25,walk_S4
walk_S4,4,1,0.1204336881637573,0.9545454545454546,22,walk_S4
walk_S4,5,1,0.0817039012908935,0.9333333333333332,60,walk_S4
walk_S4,6,3,0.3312659561634063,0.9090909090909092,33,walk_S4
walk_S4,7,2,0.1599247455596923,1.0,47,walk_S4
walk_S4,8,4,0.1396112889051437,0.8913043478260869,92,walk_S4
walk_S4,9,6,0.2288156300783157,0.8695652173913043,92,walk_S4
walk_S4,10,4,0.1498891860246658,0.9239130434782608,92,walk_S4
walk_S4,11,7,0.1629210859537124,0.8829787234042553,94,walk_S4
walk_S4,12,7,0.2263880670070648,0.8764044943820225,89,walk_S4
walk_S4,13,2,0.1097614169120788,0.9578947368421052,95,walk_S4
walk_S4,14,4,0.1198655217885971,0.9555555555555556,45,walk_S4
walk_S4,15,4,0.1304642856121063,0.9021739130434784,92,walk_S4
walk_S4,16,1,0.1072478890419006,0.9782608695652174,46,walk_S4
walk_S4,17,7,0.1811143904924392,0.8404255319148937,94,walk_S4
walk_S4,18,5,0.1930095851421356,0.7954545454545454,88,walk_S4
walk_S4,19,4,0.1074827164411544,0.9270833333333334,96,walk_S4
walk_S4,20,3,0.1697153449058532,1.0,31,walk_S4
walk_S4,21,2,0.1105096638202667,0.8133333333333334,75,walk_S4
walk_S4,22,0,,1.0,18,walk_S4
walk_S4,23,2,0.106485515832901,0.9344262295081968,61,walk_S4
walk_S4,24,0,,1.0,10,walk_S4
walk_S4,25,1,0.1145374178886413,1.0,47,walk_S4
walk_S4,26,4,0.1239332556724548,0.956989247311828,93,walk_S4
walk_S4,27,1,0.2401257753372192,1.0,16,walk_S4
walk_S4,28,2,0.1011110246181488,0.94,100,walk_S4
walk_S4,29,2,0.1729442477226257,0.88,50,walk_S4
walk_S4,30,2,0.1341632604598999,0.9607843137254902,51,walk_S4
walk_S4,31,4,0.200488731265068,0.9272727272727272,55,walk_S4
walk_S4,32,2,0.4397439658641815,0.9375,16,walk_S4
walk_S4,33,4,0.16469806432724,0.8354430379746836,79,walk_S4
walk_S4,34,1,0.3480498790740967,1.0,26,walk_S4
walk_S4,35,6,0.1504191160202026,0.8985507246376812,69,walk_S4
walk_S4,36,7,0.2836063802242279,0.8876404494382022,89,walk_S4
walk_S4,37,0,,0.8666666666666667,30,walk_S4
walk_S4,38,0,,1.0,3,walk_S4
walk_S4,39,5,0.3175113201141357,0.873015873015873,63,walk_S4
walk_S4,40,4,0.2002947479486465,0.925531914893617,94,walk_S4
walk_S4,41,0,,1.0,3,walk_S4
walk_S4,42,0,,1.0,3,walk_S4
walk_S4,43,2,0.1564931273460388,0.951219512195122,41,walk_S4
walk_S4,44,5,0.3198804259300232,0.8977272727272727,88,walk_S4
walk_S4,45,8,0.1997327953577041,0.9052631578947368,95,walk_S4
walk_S4,46,1,0.0947706699371337,0.8852459016393442,61,walk_S4
walk_S4,47,0,,1.0,2,walk_S4
walk_S4,48,6,0.166845366358757,0.8617021276595744,94,walk_S4
walk_S4,49,3,0.2638488113880157,0.9583333333333334,72,walk_S4
walk_S4,50,8,0.2265205979347229,0.8602150537634409,93,walk_S4
walk_S4,51,3,0.151768758893013,0.9245283018867924,53,walk_S4
walk_S4,52,0,,1.0,3,walk_S4
walk_S4,53,3,0.2128487676382064,0.9210526315789472,38,walk_S4
walk_S4,54,6,0.1643659174442291,0.9263157894736842,95,walk_S4
walk_S4,55,0,,0.9444444444444444,18,walk_S4
walk_S4,56,4,0.2016501277685165,0.9466666666666668,75,walk_S4
walk_S4,57,4,0.110115647315979,0.9574468085106383,94,walk_S4
walk_S4,58,7,0.2097514867782592,0.9176470588235294,85,walk_S4
walk_S4,59,0,,1.0,11,walk_S4
walk_S4,60,5,0.2921558320522308,0.8279569892473119,93,walk_S4
walk_S4,61,3,0.2425398975610733,0.8947368421052632,38,walk_S4
walk_S4,62,3,0.2261893600225448,0.9444444444444444,36,walk_S4
walk_S4,63,7,0.1946562230587005,0.9210526315789472,76,walk_S4
walk_S4,64,4,0.1348282992839813,0.8369565217391305,92,walk_S4
walk_S4,65,5,0.231675237417221,0.9058823529411764,85,walk_S4
walk_S4,66,2,0.1283360421657562,0.9489795918367347,98,walk_S4
walk_S4,67,5,0.2375067174434662,0.8295454545454546,88,walk_S4
walk_S4,68,2,0.3215751647949219,1.0,26,walk_S4
walk_S4,69,9,0.3376170694828033,0.8607594936708861,79,walk_S4
walk_S4,70,3,0.2853977084159851,0.925925925925926,27,walk_S4
walk_S4,71,7,0.2393810451030731,0.9135802469135802,81,walk_S4
walk_S4,72,8,0.2596298158168793,0.9130434782608696,92,walk_S4
walk_S4,73,5,0.1603520214557647,0.7938144329896907,97,walk_S4
walk_S4,74,2,0.2295559644699096,0.9655172413793104,58,walk_S4
walk_S4,75,4,0.1547165662050247,0.9591836734693876,98,walk_S4
walk_S4,76,8,0.2714387774467468,0.956989247311828,93,walk_S4
walk_S4,77,7,0.3073522746562958,0.8095238095238095,84,walk_S4
walk_S4,78,4,0.2058781534433365,0.9183673469387756,98,walk_S4
walk_S4,79,7,0.2318049520254135,0.942528735632184,87,walk_S4
walk_S4,80,6,0.1513163298368454,0.8817204301075269,93,walk_S4
walk_S4,81,9,0.2288597375154495,0.9247311827956988,93,walk_S4
walk_S4,82,1,0.1449233293533325,0.8913043478260869,46,walk_S4
walk_S4,83,2,0.1722337007522583,0.9591836734693876,49,walk_S4
walk_S4,84,2,0.1496509611606598,0.8536585365853658,41,walk_S4
walk_S4,85,0,,1.0,23,walk_S4
walk_S4,86,7,0.2180813699960708,0.8863636363636364,88,walk_S4
walk_S4,87,1,0.1322683095932006,0.96,25,walk_S4
walk_S4,88,4,0.2549971342086792,0.8392857142857143,56,walk_S4
walk_S4,89,6,0.2232679575681686,0.8734177215189873,79,walk_S4
walk_S4,90,0,,1.0,9,walk_S4
walk_S4,91,7,0.2173119932413101,0.8901098901098901,91,walk_S4
walk_S4,92,3,0.2269794195890426,0.9175257731958762,97,walk_S4
walk_S4,93,2,0.3648468255996704,0.9090909090909092,22,walk_S4
walk_S4,94,4,0.2382442504167556,0.8275862068965517,87,walk_S4
walk_S4,95,1,0.3027207851409912,0.92,25,walk_S4
walk_S4,96,5,0.187486931681633,0.8666666666666667,90,walk_S4
walk_S4,97,5,0.2047881633043289,0.8913043478260869,92,walk_S4
walk_S4,98,4,0.1856518536806106,0.8260869565217391,92,walk_S4
walk_S4,99,1,0.3381742835044861,0.9411764705882352,17,walk_S4
