condition,gen,n_hops,drift,ttr,n_tokens,analysis_mode,vocab_mention,head,build
baseline,0,2,0.06599736213684082,0.9230769230769231,91,False,False,all that has gone well for me over time-all those things I am proud of because they were not easy but now they stand as proof in myself or with others.  The fir,baseline
baseline,1,0,,0.9603960396039604,101,False,False,this image: I’m outside on a patio—it could be any old day in spring time or summer; it can be evening out or early morning sun-drenched warmth of late afternoo,baseline
baseline,2,2,0.11551371216773987,0.9387755102040817,98,False,False,this: I am floating on a bed of cotton candy clouds in an infinite sky where stars twinkle like diamonds; butterflies fly by with their wings aflame as they lan,baseline
baseline,3,1,0.1003795862197876,0.975,80,False,False,that I’m sitting in front of an ocean at sunset—the warm salt air on my face as it gently blows away any lingering clouds or tension from this day. The sound of,baseline
baseline,4,1,0.05330568552017212,0.9223300970873787,103,False,False,you laying in bed sleeping soundly with your legs intertwined together as if they have always been that way forever like one leg was never even there; not missi,baseline
baseline,5,2,0.06743675470352173,0.9897959183673469,98,False,True,all that we can’t see from our daily lives: there were no trains on Monday night; I was in bed at 10 p.m.; you must have had good dinner somewhere outside of yo,baseline
baseline,6,2,0.07024133205413818,0.9902912621359223,103,False,False,not so much thoughts as sensations—images that come flooding into this present moment with no prior effort on our part. I do nothing; they happen all by themsel,baseline
baseline,7,1,0.07085025310516357,0.9759036144578314,83,False,False,"… 
A moment of stillness as all thought fades away – this happens when you’re falling asleep or very deep into yourself while meditating: I can feel peace filli",baseline
baseline,8,3,0.12294960021972656,0.9595959595959596,99,False,False,this: I am standing on top of an island that seems very far from anything else in sight… Perhaps its own little universe? It must be at least miles away. And th,baseline
baseline,9,3,0.12887893617153168,0.9166666666666666,96,False,False,that I see myself in front of me like this: all open fields (which reminds me immediately how much more space there was between people when we were small). It d,baseline
baseline,10,1,0.03803586959838867,0.9690721649484536,97,False,False,your body on that bed in our shared apartment… how it felt when I kissed you goodbye for one more day at work—how we had just been together all of two weeks but,baseline
baseline,11,1,0.1286238431930542,0.9807692307692307,104,False,False,you laying in bed together after sex with me above you being silent but loving your back as if it was an angel's wings gently stroking them like how I want too ,baseline
baseline,12,3,0.1255849152803421,0.97,100,False,False,this feeling of being inside your body...being with all its aches in every part that has ever existed; you as they lived or died together for millions of years ,baseline
baseline,13,2,0.09295758605003357,0.9591836734693877,98,False,True,not much of anything in particular – just some random thoughts here and there; but I remember that this happens at every moment anyway! So… why am I doing it no,baseline
baseline,14,2,0.10388249158859253,0.9484536082474226,97,False,False,"not sadness or despair…but love—a powerful feeling that can be experienced in so many ways..love for family members who have passed on, but also an unconditiona",baseline
baseline,15,0,,0.9879518072289156,83,False,False,your back... soft hair on his shoulder gently brushing against me as you lay down beside me in bed with both of us wrapped up snugly under covers while I stroke,baseline
baseline,16,1,0.05953562259674072,0.9897959183673469,98,False,False,"one of those times you were little, maybe playing outside or perhaps having an adventure at home that took longer than expected – your mother came into view wit",baseline
baseline,17,3,0.11707359552383423,0.9591836734693877,98,False,False,that I am in nature outside with friends.  They sit around me – there’s not much space because of social distancing but we make it work anyway; sometimes sittin,baseline
baseline,18,4,0.09282052516937256,0.9473684210526315,95,False,False,this: I have nothing left that needs your attention or control – not you nor anyone else in any way whatsoever; Not even me myself! When things go bad? It’s jus,baseline
baseline,19,4,0.12298154830932617,0.9583333333333334,96,False,False,when I first met you - that feeling of being so deeply connected with somebody who seemed like an old friend immediately? It was as if we had known for ages! Yo,baseline
baseline,20,0,,0.9655172413793104,87,False,False,that little girl playing dress up under her dresser as I am in fact still very much dressed like this woman right now; only when you look closely at it there’s ,baseline
baseline,21,4,0.24425069987773895,0.9239130434782609,92,False,False,"that you can do this without me as your guide! You know how? By paying attention. That’s it: pay attention (no sound in sight), noticing one thing at a time for",baseline
baseline,22,1,0.05898946523666382,0.967741935483871,93,False,False,"this: when I first began working for myself as an author/business coach (back in 2018), it was hard work! It took me several years of learning how to manage fre",baseline
baseline,23,2,0.15619739890098572,0.9508196721311475,61,False,True,that we're standing in nature — mountains or forest; either one will do for this exercise if you don't have access to an outdoor setting (or it might not be ava,baseline
baseline,24,4,0.17103731632232666,0.9560439560439561,91,False,False,"of that place where we begin life:  when you were in your mother’s belly…
and she felt her hands move inside….the first time with an unmistakable certainty – “t",baseline
baseline,25,3,0.15424257516860962,0.9795918367346939,98,False,False,that I’m in love with you but can't tell anyone or admit it out loud because of all these reasons – so maybe even if they could understand why i feel this way r,baseline
baseline,26,1,0.0745512843132019,0.9651162790697675,86,False,False,this: I’m sitting in nature outside of our home on 160 acres with one hundred horses surrounding me as well as dogs that we have rescued off the streets over ti,baseline
baseline,27,2,0.0939328670501709,0.9361702127659575,94,False,False,that I am lying in bed on Sunday morning after church with no particular activity planned for the day…and there’s nothing wrong with this!  My body feels so rel,baseline
baseline,28,4,0.10299614071846008,0.9375,96,False,False,"all that has happened in life today (or any day), with everything I’ve seen or done …
What thoughts keep coming back again?
How am I feeling inside now as you c",baseline
baseline,29,3,0.10186948627233505,0.9803921568627451,102,False,False,of someone who has been abandoned in some way shape or form by another person that they loved at one point. The abandonment can be physical but it could also st,baseline
baseline,30,2,0.1206699013710022,0.9611650485436893,103,False,False,that I am standing under one of our favorite maple trees at home on Mother’s Day in May or Christmas morning when it drops its gift for everyone waking up insid,baseline
baseline,31,0,,0.9622641509433962,53,False,False,nothing but an ocean: it’s wide open with blue water all around me; everything I see has life within it – from small ripples on its surface that move up against,baseline
baseline,32,4,0.1754733920097351,0.94,100,False,False,"our last conversation together
as we sat outside for lunch one afternoon on those crisp days in February: <em>Where should I start?</em> you asked me then—your ",baseline
baseline,33,2,0.11397320032119751,0.956989247311828,93,False,False,"when I was younger… 8 years old really! It’s summer time in New Jersey (in case you don’t know this – we have four seasons here), it smells like green grass rig",baseline
baseline,34,0,,0.9902912621359223,103,False,False,"this:
the room filled with sunlight that seeps through cracks in the window; I am at home on an island- somewhere far away but still part of me here today as al",baseline
baseline,35,3,0.10838022083044052,0.92,100,False,False,this question: What am I going to write about for <em>The Wild Unknown Tarot Blog</em>? For several minutes or hours on end there’s that blank piece of paper in,baseline
baseline,36,3,0.14512193202972412,0.9595959595959596,99,False,False,this… I am floating on an endless river that flows through beautiful meadows where lush green grass grows beneath me as if it has been growing for eons! At one ,baseline
baseline,37,3,0.13643033802509308,0.96,100,False,False,"that I want this moment just for me; so be still now in your heart, letting go of everything else around you right now with as much presence as possible... feel",baseline
baseline,38,2,0.07010990381240845,0.9603960396039604,101,False,False,you lying in your bed with an expression of peace on your face as if all was right at last (if not perfectly so). I know this because that's how it feels someti,baseline
baseline,39,1,0.0755797028541565,0.9772727272727273,88,False,False,this feeling of deep rest…a soft calm that envelops me in an ocean-like stillness: like lying at sunset on your back by water or gazing up through trees where e,baseline
baseline,40,0,,1.0,56,False,False,this image of all things beautiful: lush green grass under spring snow; bright red flowers like tulips emerging from beneath that fresh layer on top; golden sun,baseline
baseline,41,1,0.04909646511077881,0.9693877551020408,98,False,False,an open space—a place with no end or beginning that exists in this moment for as long as it wants… The sky opens up above me like I’ve never seen it; nothing st,baseline
baseline,42,2,0.0815170407295227,0.96,100,False,False,you — that’s it! There isn’t much more there in this moment because I have an image of me sitting here with open hands resting on them while looking at somethin,baseline
baseline,43,3,0.10974568128585815,0.96875,96,False,False,this: A beautiful flower in blossom or bud that smells like heaven when I open up its petals with gentle caresses of love for you as it opens itself fully unto ,baseline
baseline,44,3,0.12807480990886688,0.9278350515463918,97,False,False,all that I have done since starting this practice – 10 minutes here or there at least once per day every week for nearly three months now… And so many things co,baseline
baseline,45,1,0.05493724346160889,0.970873786407767,103,False,False,an old black woman with white skin that resembles snow flakes in shape or rather like snowflakes falling from heaven’s blue sky on top of her head; she looks so,baseline
baseline,46,1,0.1354060173034668,0.9716981132075472,106,False,False,that I am inside an old boat which has been used for hundreds of years as transport from place to place along some rivers or ocean waves—perhaps many different ,baseline
baseline,47,2,0.18030956387519836,0.9690721649484536,97,False,False,that I am standing in front of myself at some point during life's journey: maybe after college or just right as we head out into our young lives (no matter how ,baseline
baseline,48,3,0.25188207626342773,0.9587628865979382,97,False,False,someone I know with anxiety. This person experiences worry about their life as well as things that aren’t happening in reality but feel like they do — worrying ,baseline
baseline,49,2,0.05738183856010437,0.96,100,False,False,how it feels when you can't decide which way up on top your head might be best placed for comfort in this situation of life? I imagine that could easily become ,baseline
baseline,50,1,0.08211052417755127,0.9607843137254902,102,False,False,when I was in high school: A friend of mine named Karen would do this thing where she'd lay on her bed with her hand under one ear and hold up all these books a,baseline
baseline,51,4,0.12621311843395233,0.9583333333333334,96,False,False,how much I’ve learned from you all over these years together — your stories about love; pain; heartbreak ; joyfulness . You know when it happens that nothing se,baseline
baseline,52,1,0.14904040098190308,0.9514563106796117,103,False,False,this image: A man wearing an oversized brown tweed jacket that’s tied around him by his belt with its buttons hanging open wide at the chest; sitting on one kne,baseline
baseline,53,3,0.09319108724594116,0.9183673469387755,98,False,False,that I am on another plane entirely – somewhere much more expansive than this one we call Earth (or at least it seems like it). It could be out of our solar sys,baseline
baseline,54,0,,0.9906542056074766,107,False,False,you on your bed reading this book under layers of dark blue blankets as I lie in yours kissing those lines until we’ve fallen asleep together from exhaustion or,baseline
baseline,55,5,0.11220339685678482,0.90625,96,False,False,"this:

In your daily routine of cleaning up after yourself
There were times that you did it as part of obligation;


Sometimes when there’s no one around for he",baseline
baseline,56,0,,0.9393939393939394,99,False,False,"your face in its natural light… not filtered or enhanced by technology; it was there for you when you were still asleep this morning – unfiltered, raw beauty th",baseline
baseline,57,3,0.09587663412094116,0.9038461538461539,104,False,False,an inner garden that has been created from all of our thoughts together over thousands of years through hundreds of civilizations throughout history as we have ,baseline
baseline,58,1,0.1429147720336914,1.0,53,False,False,"an ocean full of fish jumping out in all directions as they feed on their food. I can hear them swim around me, even though it’s quiet; there just isn’t any wat",baseline
baseline,59,3,0.2150183767080307,0.93,100,False,False,this: I notice there’s no body that can see me right now—just an empty seat on some chair in some room of nothingness with nothing else but space all around it ,baseline
baseline,60,2,0.0837709903717041,0.9791666666666666,96,False,False,"me in bed right now, tired from work today; I’m about to head out on an errand or catch up with some friends for dinner soon but it won’t matter how much fun we",baseline
baseline,61,2,0.11356443166732788,0.9482758620689655,58,False,False,love—of myself; of others: it's all so simple really… I just need to feel safe with who you make me into first! But how can we create that safety? How do you en,baseline
baseline,62,2,0.1018524169921875,0.97,100,False,False,an idea I have had for awhile now – that if you were able to see your own body in its pure essence like some kind of beautiful crystalline form floating through,baseline
baseline,63,3,0.07337047904729843,0.9313725490196079,102,False,False,that we will meditate together as if there were no one but ourselves here in this room with us for however long it takes – just two of us (the voice within). We,baseline
baseline,64,2,0.1473647654056549,0.9900990099009901,101,False,False,this: I don’t want you or anyone else out there today judging anything that we say about how people should be behaving right now during COVID 19 crisis times in,baseline
baseline,65,1,0.03359562158584595,0.9809523809523809,105,False,False,this: I know that life can change in an instant with or without warning so while we have time today – make sure you’re doing what makes your soul smile; do it n,baseline
baseline,66,4,0.17254537343978882,0.9347826086956522,92,False,False,an empty space that goes on forever. What’s in it? Nothing or everything at once. <em>Nothing</em> seems familiar enough for us; I imagine we know this feeling:,baseline
baseline,67,2,0.07074284553527832,0.970873786407767,103,False,False,an empty beach where I can walk as far out on the sand or in whatever direction I want without seeing any other person for miles around me: only shells that hav,baseline
baseline,68,1,0.06604206562042236,0.9381443298969072,97,False,False,an ocean breeze drifting through our backyard; it’s warm enough this time of year that I don’t want to rush inside where there's cold air blowing in from all si,baseline
baseline,69,1,0.12420833110809326,0.9595959595959596,99,False,False,being held at arms length in another person’s embrace…being seen by someone who looks into your soul without judging you for it …and then feeling this safe conn,baseline
baseline,70,5,0.23364901542663574,0.9278350515463918,97,False,False,a beautiful day in spring at Disneyland with family members who have passed away recently or many years ago…the kids running about being happy as can be..and I ,baseline
baseline,71,2,0.12764132022857666,0.9696969696969697,66,False,False,this: I am now looking up into space at night time; there's stars around me as they all seem in place against that dark background. As soon as your vision settl,baseline
baseline,72,2,0.09833961725234985,0.9166666666666666,96,False,False,that in this moment you need love most of all because it’s your highest desire from birth; every being needs some form of unconditional love at least once—some ,baseline
baseline,73,1,0.05789899826049805,0.9733333333333334,75,False,False,this image of an endless sky where birds fly with me through it all—the big blue stretches far out as I follow them up into space without knowing when we’ll com,baseline
baseline,74,0,,0.9591836734693877,98,False,False,this: I am in nature—in stillness with myself; sitting on an old log by some clear lake or riverbank under trees so large they look like clouds (but not as dang,baseline
baseline,75,2,0.0774589478969574,0.9611650485436893,103,False,False,nothing but an endless ocean of pure blue water stretching for miles across this earth beneath me like so many waves in succession that you could not count them,baseline
baseline,76,6,0.2047996073961258,0.9157894736842105,95,False,False,that I’m lying on this beautiful sand dune in some far off place; it could be the Pacific Northwest of course but also might as well be any beach you can imagin,baseline
baseline,77,4,0.11685612797737122,0.9285714285714286,98,False,False,when you were young? And I’m reminded of that feeling in your chest as you open up those beautiful brown eyes at me for the first time. That rush of love rushes,baseline
baseline,78,3,0.08040650933980942,0.9504950495049505,101,False,False,an image of me looking around at myself with absolute wonderment as I experience this amazing reality that we all live in together . As you continue on througho,baseline
baseline,79,2,0.10934215784072876,0.9285714285714286,98,False,False,the ocean…a vast place of blue that stretches as far as I can see with little white waves dancing across it in the wind...the way they do when you get caught up,baseline
baseline,80,1,0.031001746654510498,0.9622641509433962,106,False,False,not necessarily exactly where I want it go… The last thing that was coming up in me when we started meditating today had nothing to do with fear at all (which o,baseline
baseline,81,1,0.07409131526947021,0.9863013698630136,73,False,False,that we live in an age of change where so many things have changed over recent years: new political climate; changing work place culture due to covid 19 pandemi,baseline
baseline,82,1,0.11141228675842285,0.970873786407767,103,False,False,how you look when we last saw one another: your smile as it twinkled through those green orbs of yours; I feel like that moment could have stretched into foreve,baseline
baseline,83,3,0.13955731689929962,0.9270833333333334,96,False,False,this: all of us have lost our way in life—or we might be missing something that will put everything into place for us again like it used to feel when you were y,baseline
baseline,84,2,0.08517634868621826,0.970873786407767,103,False,False,you on your bed at home while I am away working in another room of our house…your breathing deeps up into me through this door here that separates us both from ,baseline
baseline,85,3,0.13072681427001953,0.9702970297029703,101,False,False,me in college as I was taking this course on Buddhism from an amazing man named Alan Wallace (who also happens to be one of my professors at Claremont-K). The p,baseline
baseline,86,2,0.08599966764450073,0.94,100,False,False,"peace in all its forms: of heart, soul, body; peace between man-kind; peace with nature…peace from within myself. I imagine this inner strength rising through m",baseline
baseline,87,2,0.04481154680252075,0.9393939393939394,99,False,False,this: that I have always known it would be like this – knowing but feeling unready for everything about how things will work out. Even after years of preparatio,baseline
baseline,88,4,0.14119216799736023,0.9239130434782609,92,False,False,"this: all we have done or will do has happened in service of who you really are, your truest self--all that goodness; <em>you</em>! Now imagine yourself holding",baseline
baseline,89,1,0.05283099412918091,0.96875,96,False,False,an old friend of mine from over 10 years ago who was once in love with me… he’s still very much like that for some odd reason but it doesn’t feel right anymore ,baseline
baseline,90,3,0.17472223937511444,0.94,100,False,False,this: <em>the earth as it was when I first created you</em>—a time of pure potential for infinite possibilities; an energetic flow from one place to another in ,baseline
baseline,91,2,0.1283012330532074,0.9905660377358491,106,False,False,you as I feel myself sinking into this space of love for me alone in an ocean filled with memories just waiting on their turn to come out or stay deep down insi,baseline
baseline,92,3,0.09771343320608139,0.9693877551020408,98,False,False,your body feeling light as it rests on this comfy mat or pillow of yours that I've laid down for you - <em>and how good does that feel?</em> There could also be,baseline
baseline,93,3,0.23897512257099152,0.9761904761904762,42,False,False,:  a room of darkness…my breath slows down….the sun begins to rise in that dark space...and slowly more light leaks through....until finally I'm looking out ont,baseline
baseline,94,2,0.1147659420967102,0.8865979381443299,97,False,False,not “meditation.” It’s an old black-and-white movie with Doris Day singing: <i>Que Sera!</i> I was thinking of that song this morning because today feels like s,baseline
baseline,95,2,0.10437393188476562,0.9595959595959596,99,False,False,that I am safe here in this space – at home by myself with nothing but peaceful thoughts for company while it’s just me alone on these beautiful green rolling h,baseline
baseline,96,0,,0.9528301886792453,106,False,False,this: The room in which you’re now lying feels soft but firm at the same time – as if your body has been supported by an ocean of air for quite some time yet it,baseline
baseline,97,2,0.09986096620559692,0.9690721649484536,97,False,False,that I am on vacation in Hawaii or New Zealand (whichever you choose). The warm sun kisses your face as it casts an ever-changing shadow over the ground; waves ,baseline
baseline,98,3,0.1373283863067627,0.9411764705882353,102,False,False,this: I am on one of those benches where there’s no more floor under me than three or four inches—and you can see right through it as far as your legs stretch o,baseline
baseline,99,2,0.06939426064491272,0.95,100,False,True,our first encounter with these lines of words: “The best time for starting an investment in your future will be tomorrow.” This can easily become part of one’s ,baseline
polygon_S1,0,0,,1.0,57,False,False,nothing but your beautiful voice soothing over these words as they flow on into this deep quiet place inside of us with our breath holding steady until we meet ,polygon_S1
polygon_S1,1,0,,1.0,5,False,False,this song by Pink Floyd:,polygon_S1
polygon_S1,2,0,,1.0,32,False,False,this: I am floating on a wave through space as white hot fire consumes everything around and within us until we have no other choice but simply exist or cease f,polygon_S1
polygon_S1,3,4,0.20242388546466827,0.8804347826086957,92,False,False,"that scene from <em>The Wizard Of Oz</em> when Dorothy’s friends sing about being out of place…


<blockquote>Toto I have a feeling we re not in Kansas anymore<",polygon_S1
polygon_S1,4,1,0.17595899105072021,0.918918918918919,37,False,False,"this song which I heard when I was twelve or thirteen years old on The Old Grey Whistle Test with David Bowie performing Life On Mars?, although there's nothing",polygon_S1
polygon_S1,5,0,,0.9285714285714286,42,False,False,an image that feels like pure joy from which I cannot shake off even as I attempt to get back into this life - <em><strong>The Wanderer’s Dream</strong></em> by,polygon_S1
polygon_S1,6,4,0.158331036567688,0.9438202247191011,89,False,True,not this poem but something much older: John Donne’s “Elegy 1.” In that piece he describes himself as dead with no grave for his bones; I imagine him singing ou,polygon_S1
polygon_S1,7,3,0.11280099302530289,0.967391304347826,92,False,False,that scene from Star Wars where Luke stands over Vader’s burning body on Cloud City… but he has been there once already after his fight with Darth Maul … I mean,polygon_S1
polygon_S1,8,0,,0.9905660377358491,106,False,False,this: I am standing on top of an island overlooking the ocean that surrounds us here upon earth like waves touching shore but also floating free above our reach,polygon_S1
polygon_S1,9,3,0.10664460808038712,0.9473684210526315,95,False,False,always the same: an old friend who used to live on this farm when I was little – or maybe he still does? A man with glasses that had been knocked askew off his ,polygon_S1
polygon_S1,10,1,0.055594027042388916,0.9705882352941176,102,False,False,your body on that bed with our pillows either side as we listened together for too long hours late into the evening when everyone else had left us alone to watc,polygon_S1
polygon_S1,11,2,0.16018196940422058,0.9010989010989011,91,False,False,this song from <em>The Wind</em> by Alan Stivell which I listened to last night on spotify whilst writing/practising poetry today for an online workshop facilit,polygon_S1
polygon_S1,12,0,,1.0,6,False,False,this song from The King's Speech:,polygon_S1
polygon_S1,13,4,0.14308014512062073,0.9175257731958762,97,False,False,not much different from that which I wrote about on this site earlier: “We were made for love.” We need someone who makes us feel good inside — happy even thoug,polygon_S1
polygon_S1,14,3,0.1321651190519333,0.9263157894736842,95,False,False,not the images or symbols I was meant to look upon as much as they make sense. <em>In Search Of Truth</em> speaks to something that most people feel but few eve,polygon_S1
polygon_S1,15,1,0.10044831037521362,0.987012987012987,77,False,False,an open field full of daffodils that gently swayed with the wind like water on still waters – as though they knew exactly when their petals would fall away with,polygon_S1
polygon_S1,16,1,0.1344153881072998,0.9333333333333333,60,False,False,not words or images but <strong><em>silence</em></strong> that has been filled with thoughts for far too long; silence where there were no answers waiting just ,polygon_S1
polygon_S1,17,0,,1.0,43,False,False,not poetry or even images from childhood but rather thoughts about family vacations with uncles who played piano duets for everyone on an antique upright in the,polygon_S1
polygon_S1,18,2,0.16014555096626282,0.9659090909090909,88,False,False,not words or thoughts but pictures that come out as if I were watching them on film: like when looking back through an old movie camera roll; from black-and-whi,polygon_S1
polygon_S1,19,3,0.1682887077331543,0.99,100,False,False,"only darkness—or rather, I try not to look away from this blankness that envelopes everything else around us: our bodies lying on mattresses with thin covers ov",polygon_S1
polygon_S1,20,5,0.24446550011634827,0.9333333333333333,90,False,True,that little poem about sinking into darkness after being born during WWII with such terrible devastation around them... I was curious as we approach Halloween t,polygon_S1
polygon_S1,21,0,,0.9873417721518988,79,False,False,that long road back home from school as I was walking with three other kids on their way too after spending lunch playing kickball under trees near where our bu,polygon_S1
polygon_S1,22,0,,0.97,100,False,True,this: when I first began working on these poems (before starting grad school) for fun as an exercise after reading <em>The Wasteland</em> aloud over email with ,polygon_S1
polygon_S1,23,2,0.14203917980194092,0.9736842105263158,38,False,True,"that song by Leonard Cohen: ""Who By Fire,"" although I've never heard him sing those words exactly like this poem says them... but his voice sounds just about ri",polygon_S1
polygon_S1,24,3,0.1013411283493042,0.96875,96,False,False,"an old photo that I took when we went on vacation with family ten years ago or perhaps eleven? My mom had died about five months after this picture was taken:

",polygon_S1
polygon_S1,25,1,0.06342852115631104,0.9901960784313726,102,False,False,not images or thoughts that have occurred during this day but instead an odd feeling from last night when I awoke with arms around myself as though someone had ,polygon_S1
polygon_S1,26,2,0.19526931643486023,0.9578947368421052,95,False,True,this poem about death written by Emily Dickinson (US 1830-19). I have never read any poetry like that! It feels sadder than most because no matter who wrote it ,polygon_S1
polygon_S1,27,1,0.3286970853805542,0.8666666666666667,15,False,False,"that song from West Side Story:


""One Hand, One Heart"": [youtube]46uXqF0f3-E[/youtube]",polygon_S1
polygon_S1,28,2,0.09058940410614014,0.9690721649484536,97,False,False,that I’m standing near a tree or trees with an open door through which sunlight streams down onto their trunks — but as much into the space between them as well,polygon_S1
polygon_S1,29,2,0.09202224016189575,0.946236559139785,93,False,False,: The sun rising over trees on top of an island off Canada’s west coast…it felt like I was floating above them—just drifting by for as long as I lived out there,polygon_S1
polygon_S1,30,3,0.10228395462036133,0.9702970297029703,101,False,False,that I am standing under an oak tree watching rain drop down on leaves until they become damp but not wet enough for water to run across their surface (it’s too,polygon_S1
polygon_S1,31,0,,0.9411764705882353,17,False,False,nothing but an intense desire for connection; with people or nature; whatever I come into contact with…,polygon_S1
polygon_S1,32,4,0.14945344626903534,0.9431818181818182,88,False,True,"our song from last month that’s about this poem.  https://youtu.be/v7u8-r_x520 


The other day I was thinking: Who would have thought that just over two years ",polygon_S1
polygon_S1,33,2,0.05889010429382324,0.967032967032967,91,False,False,when I was younger (28 years ago) living with family friends on an island out by Seattle. We had just lost our dog from cancer right after Christmas 1976/early ,polygon_S1
polygon_S1,34,2,0.10103949904441833,0.9693877551020408,98,False,False,this: I am on an ocean liner that has long since left port – perhaps decades ago or even longer still when our civilization was far from its current point yet n,polygon_S1
polygon_S1,35,5,0.12665140628814697,0.8709677419354839,93,False,True,"this poem by Robert Frost: The Road Not Taken — <em>Two roads diverged in a wood, and I took the one less traveled by</em>. It strikes a chord with us both beca",polygon_S1
polygon_S1,36,2,0.10014140605926514,0.9473684210526315,95,False,True,"this poem by William Blake: ""The Raven,"" which was written on his own hand after he became totally blind from glaucoma.[1] It tells about death through an alleg",polygon_S1
polygon_S1,37,2,0.15432769060134888,0.941747572815534,103,False,False,that I want this moment just right as though we could freeze frame an image for eternity without changing anything about its surroundings or ourselves: with our,polygon_S1
polygon_S1,38,0,,0.9736842105263158,38,False,True,this poem by William Wordsworth: I Wandered Lonely As A Cloud In Thoughtless Mood For My Childhood’s Ever-returning Spring Had Past And Gone Like a Dream Of Day,polygon_S1
polygon_S1,39,7,0.19401608407497406,0.9565217391304348,92,False,True,this poem by Robert Herrick’s ‘To the Virgins’. It speaks out about death. The poet talks here that he would not like his name on any monument (tombstone). He w,polygon_S1
polygon_S1,40,0,,0.9285714285714286,28,False,True,"this poem from <strong>WALT WHITMAN</strong> (1819-1910), “When I Heard The Learn’d Astronomer,”  from his book – Leaves Of Grass; read aloud by actor James Ear",polygon_S1
polygon_S1,41,1,0.08597022294998169,0.9836065573770492,61,False,False,an open space—not unlike this place I am writing from as I gaze over into those fields just beyond our porch; that empty plain where no buildings reach or human,polygon_S1
polygon_S1,42,0,,0.9894736842105263,95,False,False,not anything that happened last year or ever since I was born but there were moments when we felt like an oddity for being two people who didn t even have child,polygon_S1
polygon_S1,43,2,0.0924450159072876,0.9680851063829787,94,False,True,"this:


<blockquote>The world we live in today</blockquote>



This poem by Edward FitzGerald brings back many memories for me as I remember when poetry was suc",polygon_S1
polygon_S1,44,5,0.16143730282783508,0.8602150537634409,93,False,False,not something from an old favorite movie or classic book – like many I used to do that as children for relaxation when times got stressful.. but instead… there’,polygon_S1
polygon_S1,45,4,0.10160158574581146,0.9292929292929293,99,False,False,an old black woman (an image that came into consciousness during yesterday’s writing). I am going through her papers looking for something when she calls out fr,polygon_S1
polygon_S1,46,2,0.22970646619796753,0.9523809523809523,63,False,False,this song by Tom Waits called “Dreamer Dreamer.” It’s from an album I really like: Nighthawks At The Diner which was released 1984 (originally recorded over two,polygon_S1
polygon_S1,47,2,0.1970633566379547,1.0,50,False,False,"that scene from ""The Sound of Music"" when Von Trapp says he'd rather lose his head then let her leave him alone with other men because she loved another man... ",polygon_S1
polygon_S1,48,2,0.22293660044670105,0.96875,32,False,True,an idea from your poem about “an unlit candle on top of another lit”. I hope that was helpful! If not feel free to try again or take inspiration elsewhere as we,polygon_S1
polygon_S1,49,3,0.28568243980407715,0.967741935483871,31,False,True,"only this poem:


The wind has ceased its whistling through these leaves;




So let us go no farther down this path, for if we try too hard



(it becomes an o",polygon_S1
polygon_S1,50,3,0.1817617565393448,0.9534883720930233,43,False,False,not an answer but instead questions: why did I write this? Why do we read poetry or listen to music? What’s the point… if any…? And then there were others too—t,polygon_S1
polygon_S1,51,2,0.06169632077217102,0.97,100,False,False,this: The first image I have when thinking about autumn…is being on top of mountains with crisp wind whipping around us as we try catching snow that doesn’t exi,polygon_S1
polygon_S1,52,2,0.10222029685974121,0.97,100,False,False,this image: A man wearing an oversized brown hat with ears hanging over his head like small black dogs (or maybe crows?). He’s got these red glowing spots on hi,polygon_S1
polygon_S1,53,0,,1.0,26,False,True,that I've been told this poem was used by soldiers who were going into battle as an encouragement song - but not on account of their youthfulness!,polygon_S1
polygon_S1,54,3,0.09448675066232681,1.0,96,False,False,another body that I once knew (though not much longer). The way this person used language was full of longing for love; often writing poems from behind her scre,polygon_S1
polygon_S1,55,0,,1.0,7,False,True,this poem which I have been reading:,polygon_S1
polygon_S1,56,2,0.0926937460899353,0.9484536082474226,97,False,False,an image that I have had for years:  A man with his long beard hanging down past two-thirds of his cheeks; he wears white linen robes covered over him by anothe,polygon_S1
polygon_S1,57,0,,1.0,107,False,False,an unfathomable expanse where anything I touch feels just right no matter which hand or side nor even if on something that already exists because everything the,polygon_S1
polygon_S1,58,1,0.07935667037963867,0.9702970297029703,101,False,False,an image that feels like another world entirely from mine: I am lying on soft grass under green trees with nothing but blue sky above me; there is only pure sil,polygon_S1
polygon_S1,59,1,0.06006699800491333,0.8947368421052632,95,False,False,this: I imagine there’s an empty space with no ceiling above or walls around us on every side – except for where we sit facing forward from our seats inside tha,polygon_S1
polygon_S1,60,2,0.1464492678642273,0.9411764705882353,85,False,False,not much different from our conversation two days ago: the story about who told us that we would fail on this first day – “it was only ever meant as an encourag,polygon_S1
polygon_S1,61,3,0.12136209011077881,0.9696969696969697,99,False,False,your smile that was taken away from us too early: we did not get as many smiles together; I never got enough kisses or hugs but only holding them when they were,polygon_S1
polygon_S1,62,4,0.12665754556655884,0.98989898989899,99,False,True,an idea which I had last night when lying awake thinking about this poem or rather thoughts associated with that song – no clear ideas there just swirling aroun,polygon_S1
polygon_S1,63,0,,1.0,59,False,False,that we were once very much alike; but for this great mistake I was made into someone else’s world from whom there would still remain only an empty shell like y,polygon_S1
polygon_S1,64,3,0.08258938789367676,0.9157894736842105,95,False,False,"this: when people come out with ideas that conflict or contradict existing paradigms; they become “out-siders,” not insiders. These outsiders have their own exp",polygon_S1
polygon_S1,65,2,0.26184189319610596,0.9666666666666667,90,False,True,this poem by John Donne (1572-1631). I love that part where he writes about feeling like his body’s being torn apart; maybe because these lines remind me of mys,polygon_S1
polygon_S1,66,0,,0.9824561403508771,57,False,False,"an empty field that looks out over miles upon acres beyond anything but flat green hills, as far as I could ever go by eye or foot if only for any given moment ",polygon_S1
polygon_S1,67,0,,0.9841269841269841,63,False,False,an old man on his deathbed looking into your soul as if he knew where we were headed with our life or didn t care anymore about this place that seems stuck betw,polygon_S1
polygon_S1,68,2,0.12706530094146729,0.98989898989899,99,False,False,an image I’ve seen too often throughout history: people being hung from gallows or towers above their heads—sometimes with nooses around their necks but most co,polygon_S1
polygon_S1,69,0,,1.0,104,False,False,an empty dark room with three large candles burning across from a windowsill where I place myself facing them as if they were spotlights on stage but instead il,polygon_S1
polygon_S1,70,2,0.13009744882583618,0.970873786407767,103,False,False,a man dancing with his two wives outside a castle gate that separates heaven from hell. The music plays softly as though playing through an old radio or phonogr,polygon_S1
polygon_S1,71,1,0.08784353733062744,0.9696969696969697,66,False,False,this song: I Close My Eyes by Paul Simon The lyrics make perfect sense when put under their original context but also work on several levels as they have been i,polygon_S1
polygon_S1,72,1,0.22951245307922363,1.0,33,False,True,"that last phrase - “Winter’s Sadness.” It makes sense after thinking about this poem; I am not as active anymore (no exercise today), although its been awhile s",polygon_S1
polygon_S1,73,1,0.3019333481788635,0.9473684210526315,19,False,True,"this poem by Robert Browning entitled ""How do I love thee?"" It's from The Ring and the Book collection (1894).",polygon_S1
polygon_S1,74,0,,1.0,60,False,False,this: I am sitting on top of Everest with no shoes or socks because they were lost somewhere along our journey as we tried everything from ice axe spikes up tow,polygon_S1
polygon_S1,75,2,0.10495403409004211,0.9805825242718447,103,False,False,nothing but an endless ocean stretching as far back I could possibly imagine: its waves gently crashing against rocks hidden beneath sheets of emerald green; bl,polygon_S1
polygon_S1,76,2,0.1971512734889984,0.9680851063829787,94,False,True,that poem by John Keats above – “To Autumn” . As I listen for those words as they play around inside my head like waves on shore during low tide; but instead th,polygon_S1
polygon_S1,77,1,0.10403382778167725,0.9428571428571428,35,False,False,your voice like that day on which we said our goodbyes… I want not just for this but also these others too! How would YOU feel if someone told You: “Let Me Be Y,polygon_S1
polygon_S1,78,0,,0.9482758620689655,58,False,False,an image from John Singer Sargent’s portrait (1895) <em>A Portrait of Alice Gwynne Ward</em> – she sits on the edge of her bed with both arms resting over its h,polygon_S1
polygon_S1,79,0,,1.0,3,False,True,the following poem:,polygon_S1
polygon_S1,80,1,0.06845366954803467,0.95,100,False,True,not necessarily from that poem or any other specific source but rather just random fragments I am drawing upon as this journey through life unfolds itself for u,polygon_S1
polygon_S1,81,2,0.06772512197494507,0.9611650485436893,103,False,False,that we live our lives inside this little field of consciousness; everything outside isn’t real because if something was really there would I need an imaginatio,polygon_S1
polygon_S1,82,2,0.10714718699455261,0.970873786407767,103,False,False,an old photo from when I was thirteen that has remained with me for over forty years: It’s two people sitting on top of Mount Rainier looking down into Canada a,polygon_S1
polygon_S1,83,4,0.15825879573822021,0.898876404494382,89,False,False,this: <b><i>“O Lord who am I that thou art mindful of such as Me?”</i></b> You have heard these words many times perhaps when they were spoken by St John? The P,polygon_S1
polygon_S1,84,0,,1.0,6,False,False,this picture by Richard Caton Woodville:,polygon_S1
polygon_S1,85,0,,0.9591836734693877,49,False,False,always beautiful or tragic – often both simultaneously:  this song that I composed yesterday as well as this photo from last summer; also these three words whic,polygon_S1
polygon_S1,86,3,0.13734488189220428,0.9690721649484536,97,False,False,something we cannot experience with our bodies only when they cease or else through dreams which arise from beyond their normal boundaries into consciousness du,polygon_S1
polygon_S1,87,0,,0.96875,96,False,False,this: that I have always known when “winter” was coming; for years ago—over forty if not longer since we were first married or living together–we discussed buyi,polygon_S1
polygon_S1,88,1,0.11937785148620605,0.9791666666666666,48,False,True,this poem by Robert Browning called The World is too much with us. It’s such an intense piece that has been on repeat for 2 weeks straight since I started writi,polygon_S1
polygon_S1,89,1,0.07057613134384155,0.9797979797979798,99,False,False,"an old friend I used to talk with quite often on discord back when we were teenagers (pre-adult life.) We would have long conversations about philosophy, art, m",polygon_S1
polygon_S1,90,3,0.14104211330413818,0.9382716049382716,81,False,False,this: <em><strong>The song</strong></em>; I’m still thinking about that “sadness”. It isn’t necessarily sad for its own sake—it might even make someone feel hap,polygon_S1
polygon_S1,91,3,0.16431522369384766,0.9518072289156626,83,False,False,a forest I was walking through as an adult that day. It had been raining for two or three days straight with thunderstorms overhead. The trees were wet; there w,polygon_S1
polygon_S1,92,3,0.11401722580194473,0.9375,80,False,False,not where I’d like our relationship to go but instead these words that popped into my head; <em>‘she laughed again.’</em>  So much for this ‘relationship’. A wo,polygon_S1
polygon_S1,93,4,0.21663880348205566,0.9897959183673469,98,False,True,:  The great big black sky with an occasional glimpse of cloud; tall trees swaying in that wind blowing from somewhere…maybe over head? The birds singing togeth,polygon_S1
polygon_S1,94,2,0.08492907881736755,0.9789473684210527,95,False,False,not “what else could come” but rather this: A beautiful day when I was 7 years old riding around on that little red bicycle with training wheels until late afte,polygon_S1
polygon_S1,95,2,0.090800940990448,0.9456521739130435,92,False,False,that I am falling from height through space – but somehow not into oblivion or death; instead I fall toward something entirely different: an orange sky full of ,polygon_S1
polygon_S1,96,1,0.19859671592712402,0.9473684210526315,76,False,False,not just these words but also an image – someone lying on their back with outstretched arms (nerveless) reaching upwards towards something outside themselves th,polygon_S1
polygon_S1,97,2,0.10609391331672668,0.9615384615384616,52,False,False,"that when someone dies their spirit lingers around for awhile (as if they were watching over us), waiting patiently until its time has come. They might feel as ",polygon_S1
polygon_S1,98,0,,1.0,67,False,False,this: I am on an airplane with nothing left but clouds above me; or under water - no lights anywhere except for where there’s air bubbles around our heads float,polygon_S1
polygon_S1,99,3,0.08794599771499634,0.96,100,False,True,"this: “In these lines we have an idea that when old age sets in people become sad and wish for death.” However, I must add here also something which goes agains",polygon_S1
walk_w000_S1,0,4,0.13594692945480347,0.9629629629629629,54,False,False,"nothing more than an image of this song itself- so I hope it does not make sense outside those boundaries!


And they say: 'How good he makes you feel.' But if ",walk_w000_S1
walk_w000_S1,1,1,0.35147643089294434,0.9767441860465116,43,False,False,this song sung by Joan Baez on “And the Bands Played Waltzing Matilda”. There’s no need or desire there be any other sound than what I hear now: https://www.you,walk_w000_S1
walk_w000_S1,2,1,0.10796308517456055,0.9705882352941176,68,False,False,"some strange image of two young women walking through an open field under trees with white bark and purple foliage, maybe late summer? They walk together side-b",walk_w000_S1
walk_w000_S1,3,2,0.05611729621887207,0.9504950495049505,101,False,False,nothing less than this: I am tired of looking back on all these things; there must be another way! So many times over we had our chances… so much could have bee,walk_w000_S1
walk_w000_S1,4,0,,1.0,7,False,False,this song of John Prine's 'Paradise.',walk_w000_S1
walk_w000_S1,5,0,,1.0,4,False,False,all I can find…,walk_w000_S1
walk_w000_S1,6,2,0.18457791209220886,0.9583333333333334,96,False,False,not of death or despair; instead it’s more like something you remember after falling asleep on someone else’s shoulder while lying with them—how they smell soft,walk_w000_S1
walk_w000_S1,7,0,,,0,False,False,…,walk_w000_S1
walk_w000_S1,8,2,0.06646597385406494,0.9411764705882353,102,False,False,this: I am standing on top of some big mountain-thing with these two giant trees behind me – one taller than the other; they look like guardian angels who want ,walk_w000_S1
walk_w000_S1,9,4,0.125483438372612,0.9574468085106383,94,False,False,"always the same thing:  A red scarf!


The colors of autumn remind you so much more than spring or summer does... perhaps it’s because everything looks differen",walk_w000_S1
walk_w000_S1,10,3,0.0601130910217762,0.9292929292929293,99,False,False,how much of this I can recognize myself from…how it describes so many times when you try something new–maybe because no one else had ever done it first or tried,walk_w000_S1
walk_w000_S1,11,3,0.08188176155090332,0.9514563106796117,103,False,True,just words from one song after another with nothing more than some scattered pieces of music coming along behind them as I was reading through these lines today,walk_w000_S1
walk_w000_S1,12,1,0.34869062900543213,0.9230769230769231,26,False,False,this song from The Little Mermaid: Ariel’s Song - Part 3 (Extended Mix) [2017] https://www.youtube.com/watch?v=w6GqT-tK_z4 You know the one!,walk_w000_S1
walk_w000_S1,13,0,,0.9801980198019802,101,False,False,not much of anything or even something particular other than I was driving down PCH along with this person who had been following us since we left our house on ,walk_w000_S1
walk_w000_S1,14,2,0.10978132486343384,0.989247311827957,93,False,False,"not of words or images; it’s this feeling I can feel from inside myself, an emptiness – with light coming out through small cracks between clouds on some sunny ",walk_w000_S1
walk_w000_S1,15,2,0.1808907389640808,0.9605263157894737,76,False,False,an open field of wheat with golden tassels swaying gracefully under the warm summer breeze; it's as though I could walk into this serene landscape filled with c,walk_w000_S1
walk_w000_S1,16,3,0.14337241649627686,0.9402985074626866,67,False,False,not words or images - it's all feelings... The feeling of being alone on an empty beach (or perhaps under one tree) with no sign of life nearby as far as you ca,walk_w000_S1
walk_w000_S1,17,2,0.07021656632423401,1.0,102,False,False,not an image of this world I am living in now; it was instead more like being underwater or diving below ice floes on some distant continent with strange lights,walk_w000_S1
walk_w000_S1,18,1,0.08414071798324585,0.9726027397260274,73,False,False,"not words or thoughts but pictures of people I have loved so much who died recently – all were very young women with blue eyes and fair hair: Laura (1940-2023),",walk_w000_S1
walk_w000_S1,19,3,0.12445086240768433,0.9696969696969697,99,False,False,of course you! I look out through them into this world where we live our lives; or rather more accurately – do exist from one moment to another with no meaning ,walk_w000_S1
walk_w000_S1,20,5,0.16443869471549988,0.8875,80,False,False,how often I’m so disappointed with myself as soon as something goes wrong or someone fails or doesn’t live up to expectations…or it could be some other type of ,walk_w000_S1
walk_w000_S1,21,1,0.08858102560043335,0.9814814814814815,108,False,False,an image of blue skies with cumulus clouds dancing about like little children having fun playing on those beautiful summer days. The sounds I hear range from bi,walk_w000_S1
walk_w000_S1,22,2,0.10818028450012207,0.9761904761904762,84,False,False,this: when I first heard about The Dark Crystal (1982) back in 6th grade… it was all like magic! It made sense of everything – why there were good people trying,walk_w000_S1
walk_w000_S1,23,0,,0.9811320754716981,106,False,False,an autumn afternoon during our family trip when we drove up into mountains outside of Florence; there was so much beauty everywhere you looked: hills covered wi,walk_w000_S1
walk_w000_S1,24,3,0.1254006177186966,0.8863636363636364,88,False,False,"of course “The Lion King”, only it’s not Simba or Scar… It’s Nala trying to convince an older Pumbaa (whose been living alone since Mufasa died) about how there",walk_w000_S1
walk_w000_S1,25,0,,1.0,29,False,False,not images or thoughts; rather it's emotions: they flood through you like water coursing down rapids as I am transported back to when this happened on an earlie,walk_w000_S1
walk_w000_S1,26,1,0.13263702392578125,0.9795918367346939,98,False,False,this: I’m on an island where it rains all the time…And yet nothing hurts!  Nothing ever gets wet because there isn’t anything above you except maybe birds or se,walk_w000_S1
walk_w000_S1,27,0,,1.0,27,False,False,"not only of beauty, gracefulness, and strength I feel them with all five senses -sight sound feeling taste smell--as though they were actually here right now...",walk_w000_S1
walk_w000_S1,28,0,,0.9901960784313726,102,False,False,all I’ve ever known: The cold dark of an unlit room on Christmas Eve when no one was home; A girl sleeping with tears stained lips between two twin beds as she ,walk_w000_S1
walk_w000_S1,29,1,0.24803948402404785,1.0,35,False,True,of course the poem. I really like this version on CD because it has an instrumental part woven into some verses (for instance here) so you can imagine yourself ,walk_w000_S1
walk_w000_S1,30,3,0.20899264514446259,0.975,80,False,False,"not much more than an image of our beloved teacher Srila Prabhupada holding his hand up with two fingers pointing down like this: 


So now imagine him walking ",walk_w000_S1
walk_w000_S1,31,0,,0.9791666666666666,96,False,False,nothing more than an image of white snow-covered mountains…with all sorts of things happening there: people skiing/biking down them; kids playing ball games on ,walk_w000_S1
walk_w000_S1,32,1,0.1006096601486206,0.9803921568627451,102,False,False,our song together… How sweet it was then! … To sing so much happiness into being from one side of lips onto another; how beautiful we looked like angels on wing,walk_w000_S1
walk_w000_S1,33,3,0.13162864744663239,0.9578947368421052,95,False,False,when I was younger (at least 5 years old) while playing with other children out of sight from parents or any adult figure responsible enough – not so much like ,walk_w000_S1
walk_w000_S1,34,5,0.16640403866767883,0.9012345679012346,81,False,False,this: you can’t always expect people or places when it doesn’t work out how they did previously. And because of that there will be times we have feelings like “,walk_w000_S1
walk_w000_S1,35,3,0.09836331754922867,0.8958333333333334,96,False,True,"this poem from Robert Frost: The Road Not Taken — <em>Two roads diverged in a wood, and I took the one less traveled by</em>. It strikes a chord with how we’re ",walk_w000_S1
walk_w000_S1,36,1,0.2881062626838684,0.967391304347826,92,False,True,this poem called “In A Winter Garden” written by Edna St Vincent Millay (1892-1950). It’s about visiting an old castle with snow falling outside of windows… it ,walk_w000_S1
walk_w000_S1,37,0,,0.9772727272727273,88,False,False,one of those songs from Disney movies where everything melts away until there’s nothing left except you standing alone on top of some rock with no sound coming ,walk_w000_S1
walk_w000_S1,38,0,,1.0,13,False,True,"this poem – “In Memoriam”, written about his mother’s death some years earlier:",walk_w000_S1
walk_w000_S1,39,3,0.20606361329555511,0.9080459770114943,87,False,True,this poem from Robert Graves’s <em>Tamerlane</em> (1934). The poet speaks here of “this vast world we tread” as well as speaking about Tamerlane himself—who see,walk_w000_S1
walk_w000_S1,40,0,,0.7142857142857143,7,False,False,"this:



<i>When I am alone</i>",walk_w000_S1
walk_w000_S1,41,7,0.2182956486940384,0.9101123595505618,89,False,False,"of two worlds—of heaven with it’s stars , clouds & moon; earth where man lives ; everything he wants or can get his hands on- I want both so bad right now!!   S",walk_w000_S1
walk_w000_S1,42,0,,0.9743589743589743,39,False,True,"you — not so much of an answer as I once was expecting from this poem; just these two lines: ""Doth laugh at winter's sadness"" makes sense on many levels (in ter",walk_w000_S1
walk_w000_S1,43,3,0.18688802421092987,0.8653846153846154,52,False,True,"this:


<blockquote>The world we all live in</blockquote>



This poem was inspired by one of our readings about 'World Building'. It's an excellent short story",walk_w000_S1
walk_w000_S1,44,2,0.07328352332115173,0.9767441860465116,86,False,False,all of these verses I had written so many years ago while living on an Alaskan island community (not sure if still there). It was only recently when someone ask,walk_w000_S1
walk_w000_S1,45,1,0.03941762447357178,0.9696969696969697,99,False,False,an old black woman (an image of grief) standing on stage looking out into the crowd as if she could not find anyone there who understands or feels with her; sit,walk_w000_S1
walk_w000_S1,46,0,,1.0,12,False,False,this song: https://www.youtube.com/watch?v=t4u3g2oB7_0,walk_w000_S1
walk_w000_S1,47,1,0.054360270500183105,0.9900990099009901,101,False,False,this: A small child sitting on Santa Claus’ lap with his/her hand clutching firmly onto one of those colorful plastic bags given out when you visit him (or mayb,walk_w000_S1
walk_w000_S1,48,4,0.15048862993717194,0.9333333333333333,90,False,True,an idea from some of John Keats’s poems –  from ‘La Belle Dame Sans Merci’. I don’t know if you have read this poem: it was first published as part of <em>Lamia,walk_w000_S1
walk_w000_S1,49,3,0.16172362864017487,0.9736842105263158,76,False,False,how it feels when you can't decide on anything because everything sounds good... like I could just eat sushi or Mexican food right now if we went out; order an ,walk_w000_S1
walk_w000_S1,50,3,0.14130812883377075,0.96875,96,False,True,not an answer from our beloved friend Ayesha; rather it brings forth images of those who have fallen into this dark abyss – or perhaps they had reached too far ,walk_w000_S1
walk_w000_S1,51,6,0.18146705627441406,0.8695652173913043,92,False,False,how much I’ve learned from you all over these years…  How wonderful it has been!!! So many amazing experiences! And people!! How lucky am I? You can read about ,walk_w000_S1
walk_w000_S1,52,2,0.1444217562675476,0.9444444444444444,72,False,False,this image: A man wearing an oversized brown hat with one of those huge fake mustaches made out of plastic flowers (think Captain Kangaroo). But he's also not j,walk_w000_S1
walk_w000_S1,53,2,0.11711350083351135,0.94,100,False,False,"this scene: I am on top of an iceberg somewhere along one of Antarctica’s many glaciers; it is dark above and below, yet there exists some distant light just be",walk_w000_S1
walk_w000_S1,54,1,0.03687858581542969,0.9207920792079208,101,False,False,nothing like this; it isn’t words or images… just feeling something deeply within myself – an urge of sorts I don’t understand yet can recognize as <em>somethin,walk_w000_S1
walk_w000_S1,55,1,0.0470309853553772,0.9811320754716981,53,False,False,"this:

In some sense there must be an end; otherwise we could not say anything about it as something coming after now. However if you want someone else’s idea o",walk_w000_S1
walk_w000_S1,56,2,0.08212482929229736,0.975609756097561,82,False,False,an image of myself standing on top of one mountain after another with all these other people behind me cheering you on as we pass through this vast landscape to,walk_w000_S1
walk_w000_S1,57,1,0.0584602952003479,0.9696969696969697,99,False,False,an unfathomable abyss where you stand naked as we walk into it together hand-in-hand; I know not how or why this happens now…as if memory had opened up like a f,walk_w000_S1
walk_w000_S1,58,3,0.14587831497192383,0.91,100,False,False,an image of our friend Dr. John Taylor. He was diagnosed with Alzheimer’s 7 years ago after I had been helping him deal with it on his own as well as seeing ano,walk_w000_S1
walk_w000_S1,59,2,0.10553395748138428,0.9696969696969697,99,False,False,"this: I imagine there’s an empty space right here above you as you hear these words of mine – it stretches all across your head like some vast blank sheet, stre",walk_w000_S1
walk_w000_S1,60,1,0.057637810707092285,0.9473684210526315,76,False,False,"of you, it’s something I want so much from life right now because this moment feels real… The feeling as if we could be here forever together … You love our tim",walk_w000_S1
walk_w000_S1,61,2,0.0986727774143219,0.9603960396039604,101,False,False,love itself — this boundless feeling of togetherness with something we cannot explain or understand except through emotion; I don t care about knowing it all be,walk_w000_S1
walk_w000_S1,62,2,0.05301430821418762,0.94,100,False,False,an image of those I love as they dance together over <em>their</em> music on this great Earth plane – no separation except through physical proximity (which bec,walk_w000_S1
walk_w000_S1,63,2,0.11919271945953369,0.9702970297029703,101,False,False,an orange tree with red berries growing on it… this one has been planted there years ago now; I recall thinking when we were still living down south just how ni,walk_w000_S1
walk_w000_S1,64,4,0.13202831149101257,0.9494949494949495,99,False,False,an image of people huddled together watching as someone dances on stage in bright light with colorful costumes while music blares through speakers nearby. These,walk_w000_S1
walk_w000_S1,65,2,0.14629507064819336,0.9642857142857143,84,False,True,this poem: “The Night Sea.” (http://www.poets.org/viewmedia.php?prmID=2734) It’s not very exciting as poems tend to be so I will skip it though if you feel incl,walk_w000_S1
walk_w000_S1,66,3,0.12315120548009872,0.9859154929577465,71,False,False,an empty space where there’s no one or nothing except you (me) who am sitting here trying so hard not to think about any of those things anymore…. it sounds lik,walk_w000_S1
walk_w000_S1,67,0,,1.0,37,False,False,an empty house without sound other than birdsong outside on sunny afternoons or quietness when all of our children were away from home except one who needed som,walk_w000_S1
walk_w000_S1,68,0,,1.0,102,False,False,an image of all things on Earth; it’s everything you could possibly imagine or even impossible if we have not thought about yet: from birds flying over fields w,walk_w000_S1
walk_w000_S1,69,0,,1.0,52,False,False,an empty dark room with windows covered up so well you can not even hear outside sounds except maybe from some passing cars on I-89 through downtown Burlington ,walk_w000_S1
walk_w000_S1,70,2,0.13122594356536865,0.9805825242718447,103,False,False,"a man dancing with his two girlfriends while someone else dances away from them into oblivion? The music plays softly as though it was being played on an organ,",walk_w000_S1
walk_w000_S1,71,0,,1.0,11,False,False,"this song:

http://www.youtube.com/watch?v=43zN01U5nZ8",walk_w000_S1
walk_w000_S1,72,1,0.06950384378433228,0.9420289855072463,69,False,False,how we look into our own souls with great care today; searching as best we can from within these hearts of ours so deeply worn out by all this suffering—searchi,walk_w000_S1
walk_w000_S1,73,2,0.1553727388381958,0.9540229885057471,87,False,True,this poem I read from “The Wasteland” written by T.S Elliot: The Burial of the Dead (which can also be found as an audio guide here). If you’d like some more in,walk_w000_S1
walk_w000_S1,74,1,0.07281410694122314,0.9032258064516129,62,False,False,this: I am sitting on top of Everest with no shoes or socks because it’s warm there all year round (even though you might not agree) – And then suddenly as if o,walk_w000_S1
walk_w000_S1,75,2,0.07106760144233704,0.9479166666666666,96,False,False,nothing more than those two words:  it’s sad! And I am not one who believes “sad” has any meaning other than melancholy; it seems like everyone else does too as,walk_w000_S1
walk_w000_S1,76,1,0.23665368556976318,1.0,28,False,False,"so sweet it brings tears of joy... This was made using AI art with 2 prompts (original) ""dark blue background"" & then another prompt ""(soft-focus blur)"" Hope yo",walk_w000_S1
walk_w000_S1,77,3,0.09286952018737793,0.9803921568627451,102,False,False,when you were lying on top of our bed as I put this recording together - it was almost six years ago now! We had moved into new apartment just about two weeks p,walk_w000_S1
walk_w000_S1,78,1,0.16497695446014404,0.9782608695652174,92,False,False,an image of myself looking up into the sky towards Mount Ararat on May 30th 2017 I’ve seen images of it many times over recent months (if you haven’t heard abou,walk_w000_S1
walk_w000_S1,79,0,,1.0,3,False,True,the following poem:,walk_w000_S1
walk_w000_S1,80,3,0.08443665504455566,0.9239130434782609,92,False,False,not necessarily from today's recording session; it could be some thing I saw on TV or read this afternoon as well... so if you have an idea (for instance) of so,walk_w000_S1
walk_w000_S1,81,3,0.11287061125040054,0.9344262295081968,61,False,False,not much of anything (although this was said from someone who really wants these kinds of images). The rest I find myself with pictures as well; so don't feel l,walk_w000_S1
walk_w000_S1,82,1,0.07336771488189697,0.9891304347826086,92,False,False,how you look out of place on this street corner; I am still not sure if it was intentional or just an accident – like walking into water when trying to walk ove,walk_w000_S1
walk_w000_S1,83,3,0.1430210918188095,0.8426966292134831,89,False,False,this: <b><i>“O Lord who am I?</i></b>”  The more ancient translation says “Who art thou?” But it can refer either to God or human beings when they ask questions,walk_w000_S1
walk_w000_S1,84,3,0.09980197995901108,0.97,100,False,False,this picture: there’s someone standing right behind you waiting patiently for an opportunity — one second away from striking with all their might . So here I am,walk_w000_S1
walk_w000_S1,85,1,0.11678922176361084,1.0,83,False,False,always beautiful images from nature – flowers blossoming out of snow-covered ground; trees sprouting green leaves after an icy cold season; animals coming forth,walk_w000_S1
walk_w000_S1,86,1,0.1364518404006958,1.0,80,False,False,of course all those images I've been collecting over time: from ancient temples under mountains; trees standing tall with green branches extending upwards until,walk_w000_S1
walk_w000_S1,87,3,0.07372061163187027,0.9795918367346939,98,False,False,"this:

In life you do not always get it right – either big or small things happen; if they don’t hurt them as much we know who could say no? I believe there wil",walk_w000_S1
walk_w000_S1,88,0,,1.0,22,False,False,this: A forest floor covered with snow as bright white flakes fall from above like confetti covering an old-fashioned Christmas tree…,walk_w000_S1
walk_w000_S1,89,1,0.04935097694396973,0.9714285714285714,105,False,False,an old friend of mine from over half-century ago who loved nature very much; he was never one to be afraid or apprehensive about any natural phenomenon out ther,walk_w000_S1
walk_w000_S1,90,5,0.11335308849811554,0.9072164948453608,97,False,True,this: <em><strong>The Emperor</strong></em>; who appears when there will be no more room left here on earth (so you can imagine how often). The first lines of t,walk_w000_S1
walk_w000_S1,91,2,0.11435464024543762,0.9696969696969697,99,False,False,a forest I was walking through as an adult with one of our dog’s (it used to run ahead while we walked). The trees were tall; so much taller than where you walk,walk_w000_S1
walk_w000_S1,92,1,0.08286750316619873,0.9848484848484849,66,False,False,not of pleasure; instead it’s sorrow — bitter tears pouring forth as I think about how many people still haven’t realized their potential yet or have been so bl,walk_w000_S1
walk_w000_S1,93,0,,0.8333333333333334,6,False,False,":  The Earthly Paradise (from ""Paradise Lost"")


1629",walk_w000_S1
walk_w000_S1,94,4,0.103487029671669,0.9479166666666666,96,False,False,not of this world where we live - I am drawn back into myself so completely I think perhaps there will never be an end again? To hear yourself thinking aloud yo,walk_w000_S1
walk_w000_S1,95,3,0.2028086632490158,0.9387755102040817,98,False,False,this: I am watching you through these closed doors as they gently open up so we can meet again soon! <i>[The audience begins applauding.]</i> This happens when ,walk_w000_S1
walk_w000_S1,96,1,0.09947741031646729,0.9666666666666667,90,False,False,"not just these words as they read here on this page or from where ever you hear them, I am reminded of many things…from times past when it was so cold outside e",walk_w000_S1
walk_w000_S1,97,0,,0.96,100,False,False,"this:


A child’s dream – or maybe it was just sleepwalking; I can never be sure of these things anymore– saw him as an adult lying on his back with a smile upo",walk_w000_S1
walk_w000_S1,98,0,,0.9578947368421052,95,False,False,"this: it's one of those warm nights where you think ""It could not be colder than tonight"" when I look out the window then turn on the thermostat because 25°F ou",walk_w000_S1
walk_w000_S1,99,0,,0.9705882352941176,102,False,False,an image of two people sitting opposite one another on chairs set side-by-side; neither person can move their chair or make any sort of contact with other than ,walk_w000_S1
walk_w040_S1,0,0,,0.9736842105263158,76,False,False,nothing more than an image of this song itself- so I hope it does not detract from its meaning any further - just another reason why music seems like some sort ,walk_w040_S1
walk_w040_S1,1,3,0.16484679281711578,0.935064935064935,77,False,False,this song sung by Joan Baez on “And the Bands Played Waltzing Matilda”. There’s no text or lyrics accompanying it here: I only have my memory of hearing these w,walk_w040_S1
walk_w040_S1,2,3,0.1622854620218277,0.96,100,False,False,some sort of an image or scene: I can't quite decide between two things actually - one being this picture where you might find yourself on top of Mount Everest ,walk_w040_S1
walk_w040_S1,3,0,,1.0,24,False,False,nothing less than this: I am tired of looking back on all these things; there was so much love involved yet it wasn't enough...,walk_w040_S1
walk_w040_S1,4,0,,0.875,16,False,False,this song: “The Night That God Stole My Heart” – The New Riders of the Purple Sage,walk_w040_S1
walk_w040_S1,5,0,,1.0,4,False,False,all I can find…,walk_w040_S1
walk_w040_S1,6,3,0.2181355208158493,0.9801980198019802,101,False,False,not of death or despair; instead I find myself walking through an endless forest with nothing around except dark trees swaying softly as if there was no wind at,walk_w040_S1
walk_w040_S1,7,0,,,0,False,False,…,walk_w040_S1
walk_w040_S1,8,4,0.10668855905532837,0.967741935483871,93,False,False,this: I am standing on top of some big mountain-thing with these two giant trees behind me – one taller than the other; both ancient giants from times past. And,walk_w040_S1
walk_w040_S1,9,9,0.22186502814292908,0.9186046511627907,86,False,False,"always the same thing:  A red scarf!


The colors of fall remind you so much more than spring...





This song makes feel like this today....



My friend has ",walk_w040_S1
walk_w040_S1,10,2,0.0711703896522522,0.9504950495049505,101,False,False,how much of this I can recognize myself from…how it describes so many times when you try something new–maybe because no one else had ever done it first or tried,walk_w040_S1
walk_w040_S1,11,2,0.15324044227600098,0.9529411764705882,85,False,True,just words from one of Robert Herrick’s poems (1591-1674). I was reading them because someone asked if it might be good or not when you have depression… He writ,walk_w040_S1
walk_w040_S1,12,3,0.1468787044286728,0.8723404255319149,94,False,False,"this song from The Lion King:



<blockquote>""That means everything,"" ""So much has changed.""</blockquote>


The lyrics speak of things changing (which I can rel",walk_w040_S1
walk_w040_S1,13,0,,0.972972972972973,74,False,False,not much of anything or anyone specific yet it’s as if I am seeing things out there behind them all like someone who has had trouble looking straight ahead now ,walk_w040_S1
walk_w040_S1,14,1,0.07902324199676514,0.9902912621359223,103,False,False,"not of words or images; it’s this feeling I can feel from inside myself, an emptiness – with light coming out through small cracks around its edges like stars s",walk_w040_S1
walk_w040_S1,15,1,0.06717526912689209,0.9464285714285714,56,False,False,an open field full of daffodils surrounded on all sides with mountains rising up into the clouds above as far as I could look . The air was filled with color fr,walk_w040_S1
walk_w040_S1,16,2,0.12305811047554016,0.8369565217391305,92,False,False,not words or images - it's all feelings... The feeling of being alone on an empty beach (or perhaps under one tree) with no sign of life nearby as far as you ca,walk_w040_S1
walk_w040_S1,17,2,0.24532872438430786,0.9803921568627451,102,False,False,not poetry or literature - it's nature. The earth as I envision it: rolling hills covered with fields of rich green grass; towering mountains rising out of plai,walk_w040_S1
walk_w040_S1,18,0,,0.95,100,False,False,not words or thoughts but pictures of people I have loved: those who died young – perhaps because when you love someone too much life seems short; other beautif,walk_w040_S1
walk_w040_S1,19,3,0.18663358688354492,0.9693877551020408,98,False,False,of course you! I look out through them into this world where everything appears so bleak; yet there still stands beauty… somewhere else or rather elsewhere: A p,walk_w040_S1
walk_w040_S1,20,0,,1.0,54,False,False,how often I have seen those who were born as people of colour treated unjustly simply because someone else did not understand them or chose to ignore this injus,walk_w040_S1
walk_w040_S1,21,2,0.20515868067741394,1.0,56,False,False,an image of blue skies with cumulus clouds dancing about like little children having fun playing on those beautiful summer days. The wind blows slightly carryin,walk_w040_S1
walk_w040_S1,22,2,0.08519130945205688,0.9555555555555556,90,False,False,this: when I first began working on these poems (before starting grad school) it was as an exercise of sorts—writing poetry without worrying about rhyme or mete,walk_w040_S1
walk_w040_S1,23,3,0.08943837881088257,0.9797979797979798,99,False,False,an image of myself standing outside with some friends on our terrace drinking beers as it gets colder every day around mid-December this year: I am wearing no j,walk_w040_S1
walk_w040_S1,24,4,0.3206979036331177,0.8850574712643678,87,False,False,"of course “The Lion King”, only now I’ve got an entirely different take on it than Disney ever intended with this: (This one has some pretty nasty language so i",walk_w040_S1
walk_w040_S1,25,4,0.22624756395816803,0.9411764705882353,51,False,False,not images or thoughts; rather it's emotions: contentment. I notice no external stimulus prompting this inner state of well-being. This experience seems wholly ,walk_w040_S1
walk_w040_S1,26,3,0.22290349006652832,0.9622641509433962,53,False,False,this: I’m reading through an old copy of Rilke ’s Duino Elegies . In one place he writes about how some things cannot be measured or understood because no langu,walk_w040_S1
walk_w040_S1,27,0,,1.0,26,False,False,"not only of beauty, gracefulness, and strength I feel them with all five senses -sight sound feeling taste smell--as though it were happening right now...",walk_w040_S1
walk_w040_S1,28,2,0.38601818680763245,0.9878048780487805,82,False,False,all I have ever wished life could be like — full of lighthearted laughter with family members who love you deeply while also appreciating (perhaps not liking) d,walk_w040_S1
walk_w040_S1,29,2,0.1960388720035553,0.9803921568627451,51,False,True,of course the poem. I really like this version on YouTube because it has great quality sound effects! It helps get into a good mood with some nice little detail,walk_w040_S1
walk_w040_S1,30,0,,1.0,12,False,False,not much more than I can remember of when was 10 years old…,walk_w040_S1
walk_w040_S1,31,1,0.09516298770904541,0.9857142857142858,70,False,False,nothing more than an image of white snow-covered mountains…with all sorts of things happening around them: children playing on sleds going down hills; skiers fl,walk_w040_S1
walk_w040_S1,32,3,0.20963770151138306,0.9090909090909091,66,False,False,our song from last month of “<em>The Sound Of Music</em>.”  My husband has always been partial to any movie featuring Julie Andrews or Mary Martin (or both.) It,walk_w040_S1
walk_w040_S1,33,3,0.11295656114816666,0.9900990099009901,101,False,False,when I was younger (at least 5 years old) while playing with other children out of sight from parents or any adult figure responsible enough during those times ,walk_w040_S1
walk_w040_S1,34,3,0.08930299431085587,0.9795918367346939,98,False,False,this: you did it again! You have gone back on our agreement – one last time- leaving things as unfinished business because of… reasons I don’t understand or car,walk_w040_S1
walk_w040_S1,35,3,0.497734934091568,0.975609756097561,82,False,False,"this: “A man named John was born on an island off of America’s Atlantic coast (in present-day Canada). The boy grew up with five brothers—John Jr., Stephen, Fra",walk_w040_S1
walk_w040_S1,36,1,0.26461851596832275,0.8333333333333334,12,False,True,this poem: https://www.poetryfoundation.org/poems/46957/the-lost-poem (this one),walk_w040_S1
walk_w040_S1,37,2,0.1476767659187317,0.9705882352941176,102,False,False,one of those songs from Disney movies where everything melts away until there’s nothing left except you standing alone on top of some rock with no sound around ,walk_w040_S1
walk_w040_S1,38,3,0.20187987387180328,0.9120879120879121,91,False,True,"this poem – “In Memoriam”, written about one year after Alfred Tennyson’s beloved brother-in-law was killed on active duty during The Crimean War (1854).  The p",walk_w040_S1
walk_w040_S1,39,0,,1.0,10,False,True,this poem from Robert Frost’s 1923 collection West-Running Brook,walk_w040_S1
walk_w040_S1,40,0,,0.7142857142857143,7,False,False,"this:



<i>When I am alone</i>",walk_w040_S1
walk_w040_S1,41,1,0.04447007179260254,0.9902912621359223,103,False,False,of two worlds—of heaven with its endless beauty (in all senses) on one side; or it might be said there was nothing below where only ugliness prevailed…but this ,walk_w040_S1
walk_w040_S1,42,3,0.12184347957372665,0.9175257731958762,97,False,False,you — not so much of an answer as I know was intended there on this day two years ago when it happened…but something along those lines anyway? When I saw <em>Th,walk_w040_S1
walk_w040_S1,43,2,0.2611447870731354,0.9636363636363636,55,False,False,"this:


<blockquote>The world's best-loved novel of all time - Dickens’ classic tale about Ebenezer Scrooge has captured hearts over 150 years later with its me",walk_w040_S1
walk_w040_S1,44,2,0.25913000106811523,0.8974358974358975,39,False,False,all of these verses from The Waste Land- especially since I have been thinking about it today (not sure if you knew). It sounds like an answer to so many things,walk_w040_S1
walk_w040_S1,45,1,0.05784696340560913,0.9509803921568627,102,False,False,an old black woman (an image of you) standing on stage looking out into the crowd as if she could read minds… It’s like our lives were so intertwined; I think b,walk_w040_S1
walk_w040_S1,46,3,0.14813536405563354,0.9894736842105263,95,False,False,"this one moment of our time here together as brothers, sisters; lovers? My friends who’ve become family I care about deeply enough—even if not all feel it recip",walk_w040_S1
walk_w040_S1,47,0,,0.9777777777777777,45,False,False,this: A small child sitting on Santa Claus’ lap with tears streaming down its face asking him why he does not appear tonight when all other children have seen S,walk_w040_S1
walk_w040_S1,48,4,0.2139563262462616,0.9354838709677419,93,False,True,an idea from some of John Keats’s poems –  from ‘La Belle Dame Sans Merci’. I don’t know whether you have read this poem or not if so please share it with someo,walk_w040_S1
walk_w040_S1,49,3,0.07065913826227188,0.9797979797979798,99,False,False,how it feels when you can't decide on anything because everything sounds good... like I could just eat sushi or Mexican food right now if I wanted too! And ther,walk_w040_S1
walk_w040_S1,50,1,0.11025726795196533,0.9120879120879121,91,False,False,not an answer from our leader/god Apollo; I am more reminded of ancient Greek tragedies — <i>Sophocles</i>'s play about Oedipus Rex (as told via Sophocles) and ,walk_w040_S1
walk_w040_S1,51,0,,1.0,11,False,False,how much I wish all of you were here with me…,walk_w040_S1
walk_w040_S1,52,3,0.15551452338695526,0.9456521739130435,92,False,True,this image: A man wearing an oversized brown hat with one of those huge fake beards you can get on eBay; he has blue glasses resting atop crooked teeth;  he’s s,walk_w040_S1
walk_w040_S1,53,2,0.11402741074562073,0.9565217391304348,92,False,False,"this scene: I am on top of an iceberg somewhere along one of Antarctica’s many glaciers; it is dark above and below, yet there exists some distant light just be",walk_w040_S1
walk_w040_S1,54,1,0.0949586033821106,0.9591836734693877,98,False,False,another man’s vision of an infinite universe–infinitely big as well as infinitely small; full of mystery with no room for our puny little thoughts about it all!,walk_w040_S1
walk_w040_S1,55,2,0.06012415885925293,0.9347826086956522,92,False,False,"this:

In some sense there's an inherent paradox about being free-to choose between two or more options (such as ""go here"" vs. ""stay home""). That feeling of fre",walk_w040_S1
walk_w040_S1,56,2,0.1572704017162323,0.9509803921568627,102,False,False,an image of myself standing on top of one mountain after another with all these other people behind me cheering you on as I pass through each step higher up unt,walk_w040_S1
walk_w040_S1,57,0,,1.0,24,False,False,an unfathomable abyss where you cannot touch or find anything no matter how far into it I look there’s nothing left only emptiness.,walk_w040_S1
walk_w040_S1,58,3,0.1442141979932785,0.9375,80,False,False,an image of our friend Dr. John Taylor. He was one of several “old school” doctors who helped found this organization called American Mensa in 1946 as well as b,walk_w040_S1
walk_w040_S1,59,1,0.04328638315200806,0.9578947368421052,95,False,False,"this: I imagine there’s an empty space right here above you as you hear these words of mine – it stretches all around wherever you happen to be today, whether f",walk_w040_S1
walk_w040_S1,60,2,0.15964430570602417,0.9897959183673469,98,False,False,"of you, it’s something I want so much from life right now because this moment feels real… The feeling as if time stands still only exists between moments like t",walk_w040_S1
walk_w040_S1,61,1,0.07164156436920166,0.9230769230769231,52,False,False,you—you lying on top of me like an octopus with tentacles grabbing every single part of this body I love so much…it’s only when everything closes down (even tim,walk_w040_S1
walk_w040_S1,62,1,0.04785716533660889,0.9578947368421052,95,False,False,an idea I have had while driving out of town over 4 days ago; how this great red brick palace stands like some gigantic building on top of the hill overlooking ,walk_w040_S1
walk_w040_S1,63,3,0.1314808875322342,0.9791666666666666,96,False,False,an orange sunrise over Lake Michigan on a frigid early-winter morning when I was nineteen years old; or perhaps it's this moment: standing outside of The Loft r,walk_w040_S1
walk_w040_S1,64,2,0.1270155906677246,0.9801980198019802,101,False,False,this: when people come out of hiding or emerge from isolation it takes time for them to adjust back into society as if nothing happened during lockdown has ever,walk_w040_S1
walk_w040_S1,65,2,0.16747388243675232,0.9540229885057471,87,False,True,this poem: “The Night Sea.” (http://www.poets.org/viewmedia.php?prmID=2734) It’s not very exciting as poems tend to be so I just wrote it down here mostly becau,walk_w040_S1
walk_w040_S1,66,0,,1.0,51,False,False,an empty space where there’s no one or nothing except you (me) who am sitting here trying so hard not to think about any of those things anymore because it hurt,walk_w040_S1
walk_w040_S1,67,0,,1.0,103,False,False,an empty house without sound other than birdsong outside on its porch or inside where there was once laughter — children shouting up stairs into bedrooms full o,walk_w040_S1
walk_w040_S1,68,1,0.2637796401977539,0.97,100,False,False,an image of all things on Earth moving with harmony towards eternal peace; just as one does when he or she closes ones eyes while walking down stairs late at ni,walk_w040_S1
walk_w040_S1,69,2,0.1329154372215271,0.9904761904761905,105,False,False,an empty dark room with three large candles burning across from one another on either side of the door; as if placed there just so I could have them when it was,walk_w040_S1
walk_w040_S1,70,4,0.2014300674200058,0.9264705882352942,68,False,False,a man dancing with one of those black plastic canes so popular right now — or maybe an old-timer cane dancer; I can't remember where exactly either was from (ma,walk_w040_S1
walk_w040_S1,71,4,0.11684931814670563,0.9591836734693877,98,False,False,this: I am now looking up into space from here below; there was no other place better than where I stood just then—no more distant nor nearer or higher (than be,walk_w040_S1
walk_w040_S1,72,3,0.12764133512973785,0.9423076923076923,104,False,False,how much of life remains after love has faded? What makes it different now from when I was younger where I could not imagine losing you because all this time th,walk_w040_S1
walk_w040_S1,73,0,,0.9393939393939394,99,False,True,this poem I read from <em>The Collected Poems of W B Yeats</em> many years ago as part of one of those poetry readings or lectures where someone has decided eve,walk_w040_S1
walk_w040_S1,74,0,,1.0,21,False,False,this: I am sitting on top of Everest with no shoes or socks because it’s warm there all year round...,walk_w040_S1
walk_w040_S1,75,1,0.10426920652389526,0.9607843137254902,51,False,False,nothing more than those two words:  it’s sad! And I am not one who usually finds it hard to weep or cry over things; most of these feelings do come with tears e,walk_w040_S1
walk_w040_S1,76,1,0.23665368556976318,1.0,28,False,False,"so sweet it brings tears of joy... This was made using AI art with 2 prompts (original) ""dark blue background"" & then another prompt ""(soft-focus blur)"" Hope yo",walk_w040_S1
walk_w040_S1,77,2,0.06877154111862183,0.970873786407767,103,False,False,when you were lying on top of our bed as I lay there underneath watching cartoons after work.. Your hand was laid upon mine softly pulling me closer & it seemed,walk_w040_S1
walk_w040_S1,78,2,0.05566927790641785,0.9523809523809523,105,False,False,an image of myself looking around from atop Mount Everest on one side while gazing down across the plains surrounding it on the other I’m imagining standing jus,walk_w040_S1
walk_w040_S1,79,0,,1.0,3,False,True,the following poem:,walk_w040_S1
walk_w040_S1,80,4,0.12407855689525604,0.9690721649484536,97,False,True,"not our present life circumstances or how I’m feeling right now—but those of you who have children (or whose hearts ache from loving someone else’s), listen up!",walk_w040_S1
walk_w040_S1,81,2,0.3070944845676422,1.0,48,False,False,"not much of anything (although this was said from someone who really wants something like “just say it.”), so I have started taking lessons on vocal technique o",walk_w040_S1
walk_w040_S1,82,2,0.08581829071044922,0.98,100,False,False,how you look out of place on this street corner; I am still not sure if it was intentional or just an accident – like walking into water when trying to walk ove,walk_w040_S1
walk_w040_S1,83,1,0.21408170461654663,0.8484848484848485,33,False,False,this: <b><i>“O Lord who am weak”</i></b> This came out of no where… I had never heard it said like this until now…. God you speak straight into our hearts!,walk_w040_S1
walk_w040_S1,84,2,0.07390350103378296,0.9591836734693877,98,False,False,this picture: there’s someone standing right behind you waiting patiently for an opportunity — one second away from striking with all of its might. You can bare,walk_w040_S1
walk_w040_S1,85,7,0.22282254695892334,0.9195402298850575,87,False,False,always beautiful or tragic – never boring! I can’t take it all back so here goes: “There was something about you; It wasn t quite like being with anyone else.” ,walk_w040_S1
walk_w040_S1,86,4,0.11305095255374908,0.97,100,False,False,of course all those images I've been collecting over time: from ancient temples through Buddhist stupas up into modern times with its art deco buildings... ther,walk_w040_S1
walk_w040_S1,87,2,0.21591836214065552,0.9468085106382979,94,False,False,this:  What does it mean when you look into another person’s soul? What do I remember about looking closely at other people as far back as memory goes – 15 year,walk_w040_S1
walk_w040_S1,88,3,0.12362736463546753,0.9791666666666666,96,False,False,this: The most beautiful woman I have ever seen was born 107 years after mine own birth-date (her mother’s). In fact she probably thought of herself as being yo,walk_w040_S1
walk_w040_S1,89,2,0.06870841979980469,0.9805825242718447,103,False,False,an old friend of mine from over half-century ago who loved nature very much; he was never one to be afraid or apprehensive about any situation involving wildlif,walk_w040_S1
walk_w040_S1,90,0,,0.9387755102040817,98,False,False,this: <em><strong>The Way</strong></em>; not all of it together—only bits here and there as I meditate on them while walking through life’s valleys or gazing up,walk_w040_S1
walk_w040_S1,91,2,0.08955097198486328,0.9696969696969697,99,False,False,a forest I was walking through as an eight or nine-year old boy. It’s not just one particular experience; it feels like several times standing there staring up ,walk_w040_S1
walk_w040_S1,92,0,,0.9166666666666666,24,False,True,not of pleasure or happiness it’s sorrow I can feel it just as strongly now as when this poem was written 30 years ago!,walk_w040_S1
walk_w040_S1,93,2,0.14401644468307495,0.9069767441860465,43,False,False,:  The Earth stands cold as stone; The Wind has left its voice behind; No Man lives forever on earth! In this world alone I know no love or hate. But now I am b,walk_w040_S1
walk_w040_S1,94,0,,0.9861111111111112,72,False,False,not of this world where there seem no words or songs from those I know so well nor am I moved by all things around yet it was here as though drawn into another ,walk_w040_S1
walk_w040_S1,95,1,0.10573112964630127,0.9611650485436893,103,False,False,this: I am watching you through these closed doors as though from behind them so can you not hear or sense my presence if only because of where it lies – with a,walk_w040_S1
walk_w040_S1,96,1,0.07319170236587524,0.9405940594059405,101,False,False,not just these words as much as images of faces I met who were laughing with or because of something sad around them: there was no particular reason why it made,walk_w040_S1
walk_w040_S1,97,4,0.28504714369773865,0.9368421052631579,95,False,False,"this:


A child’s dream – I am floating out of control over water, it feels so safe though yet there seems no end to where ever I might be heading, its like fly",walk_w040_S1
walk_w040_S1,98,3,0.0975014790892601,1.0,97,False,False,this: it feels like I m standing on an old dock where fishermen haul fish up onto dry land after cleaning them with nets made from rope or plastic bags of some ,walk_w040_S1
walk_w040_S1,99,2,0.09505593776702881,0.99,100,False,False,an image of two people staring into one another’s gaze with unblinking determination; neither blinking nor looking away from where he/she now faces them directl,walk_w040_S1
walk_w070_S1,0,2,0.13606512546539307,0.9897959183673469,98,False,False,so much like you I know it’s not really you at all – maybe just because of those big blue ones! They look almost identical from here where this one lives: “We w,walk_w070_S1
walk_w070_S1,1,0,,1.0,26,False,False,this song sung by Joan Baez on “The Morning” from her 1967 album of songs about social justice: https://www.youtube.com/watch?v=3d8hGqU2iPA,walk_w070_S1
walk_w070_S1,2,2,0.1031869649887085,0.9587628865979382,97,False,False,some sort of an image or scene: I can't quite decide between two things actually - one being this picture where 2 people have been standing at either end of a t,walk_w070_S1
walk_w070_S1,3,0,,0.9655172413793104,29,False,False,nothing at all; or I can think of just about anything—you know it’s hard sometimes not to start singing when you look out this window into spring.,walk_w070_S1
walk_w070_S1,4,1,0.10962456464767456,0.96875,64,False,True,"you, not these words. I’ve written this poem out of love; because you don’t seem real enough if there aren’t poems about how much it hurts when someone says goo",walk_w070_S1
walk_w070_S1,5,0,,1.0,4,False,False,all I can find…,walk_w070_S1
walk_w070_S1,6,1,0.12503200769424438,0.98,100,False,False,not of death or despair; instead I find myself walking through an endless valley covered with snow up to our waists as far as eye can see stretching out on both,walk_w070_S1
walk_w070_S1,7,1,0.06280755996704102,0.9753086419753086,81,False,False,"you… I can hear our heartbeat as one; there’s something so special about being with someone who knows when I am going through rough times, or how upset it makes",walk_w070_S1
walk_w070_S1,8,3,0.11970893293619156,0.968421052631579,95,False,False,this: I am standing on top of some big mountain- not far from where you stand; maybe 10 feet high? It’s sunny day – or at least it looks like one when viewed th,walk_w070_S1
walk_w070_S1,9,9,0.18775394558906555,0.9204545454545454,88,False,False,"always the same thing:  A red balloon!


The last few days have been difficult ones on both fronts of work-related travel AND family matters - two very differen",walk_w070_S1
walk_w070_S1,10,0,,1.0,12,False,False,how much of this I can remember on Monday… or maybe tomorrow!,walk_w070_S1
walk_w070_S1,11,1,0.0777207612991333,0.979381443298969,97,False,False,you; when I imagine myself with someone other than you it’s like looking into some cold reflection of an ugly man or girl who just wants attention from anyone e,walk_w070_S1
walk_w070_S1,12,2,0.2033013105392456,0.96875,32,False,False,"this song from The Lion King:



<blockquote>""That means everything you ever wanted has fallen on hard times.""</blockquote>


It's funny how I never realized th",walk_w070_S1
walk_w070_S1,13,3,0.0892210379242897,0.9313725490196079,102,False,False,not much of an image; it’s more like I hear words being spoken rather than images actually appearing at all: <em>If God were here today</em>… If he was still al,walk_w070_S1
walk_w070_S1,14,3,0.1081715002655983,0.97,100,False,False,not sadness nor despair…but love of an endless nature. I have no words with which to convey this emotion because it goes beyond description; you can’t really pu,walk_w070_S1
walk_w070_S1,15,0,,1.0,28,False,False,an image of myself floating on water surrounded by fish swimming below like waves upon calm seas I can sense them breathing beneath with all its peaceful quietn,walk_w070_S1
walk_w070_S1,16,3,0.20581811666488647,1.0,58,False,False,not words or images - it's all feelings... The feeling of being alone on an empty beach at sunset; looking out over endless water while waves crash with wild ab,walk_w070_S1
walk_w070_S1,17,1,0.045801401138305664,0.875,40,False,False,"not how I can help this person or if someone else might already be doing it--or rather, maybe helping better? Not whether there's anything <i>else</i> he could ",walk_w070_S1
walk_w070_S1,18,0,,0.9134615384615384,104,False,False,not of this earth or place it holds no power over one's soul I know there were many who saw how important life can be when you think about yourself more than an,walk_w070_S1
walk_w070_S1,19,4,0.10296414792537689,0.9081632653061225,98,False,False,"of course you! I look at all those moments when it was only two of us; or three if Sarah joined… We were out on our own with no distractions from school, soccer",walk_w070_S1
walk_w070_S1,20,1,0.04725426435470581,0.9381443298969072,97,False,True,how often I’m so busy going through life on auto pilot – just trying to get from point A to B without incident when something happens it takes everything out of,walk_w070_S1
walk_w070_S1,21,3,0.14963893592357635,0.9387755102040817,98,False,True,an image of blue skies with cumulus clouds dancing about like little children having fun playing on those beautiful white puffy marshmallow filled cakes…just so,walk_w070_S1
walk_w070_S1,22,4,0.11717994511127472,0.9479166666666666,96,False,False,this: when I first began working on these poems (before starting grad school) it was as an exercise of sorts—writing poetry without worrying about rhyme or mete,walk_w070_S1
walk_w070_S1,23,4,0.13350489735603333,0.9859154929577465,71,False,False,"an image of myself standing at the end of life - all grey hair, wrinkles on my forehead from thinking deeply until I can't think anymore... no longer able to mo",walk_w070_S1
walk_w070_S1,24,2,0.10930517315864563,0.956989247311828,93,False,False,"of course “The Lion King”, only without Simba’s father Scar saying it himself. A little background: back around 2014 or so I decided to get some new headphones ",walk_w070_S1
walk_w070_S1,25,5,0.1973777711391449,0.9247311827956989,93,False,False,not images or words; rather it's emotions: contentment. I notice no external stimulus prompting this inner state of well-being. Maybe there’s an environmental c,walk_w070_S1
walk_w070_S1,26,0,,0.9696969696969697,99,False,False,this: I’m reading through an old copy of <em>The Great Gatsby</em> (it was given to me many years ago at some point) with fresh interest—some part or other alwa,walk_w070_S1
walk_w070_S1,27,2,0.10091477632522583,0.9479166666666666,96,False,False,of course this blog post on writing: Writing Is A Muscle That Gets Tired By Not Being Used . The first thing I do when not working with clients or doing researc,walk_w070_S1
walk_w070_S1,28,0,,1.0,43,False,False,all I’ve ever known: The cold dark of an unlit room on winter nights when no one was home; A girl sleeping with another woman who slept soundly as she did so – ,walk_w070_S1
walk_w070_S1,29,2,0.08568614721298218,0.9591836734693877,98,False,True,of course the poem ‘A Poison Tree’ – though I also think about lines from Milton at this point: “for he knew not how to use it well.” But then again maybe she m,walk_w070_S1
walk_w070_S1,30,0,,1.0,12,False,False,not much more than I can remember of when was 10 years old…,walk_w070_S1
walk_w070_S1,31,4,0.27300819754600525,0.970873786407767,103,False,False,nothing more than an image of you; Your bright smile…your shining hair..your beautiful figure...Your sweet voice.... And then it goes away again. But I still ke,walk_w070_S1
walk_w070_S1,32,1,0.16137516498565674,0.9655172413793104,58,False,False,our song from last month “It’s Raining Somewhere In Tennessee”. The lyrics have always been meaningful to me: I never wanted you/you were not on fire so there w,walk_w070_S1
walk_w070_S1,33,3,0.17543978989124298,0.9795918367346939,98,False,False,when I was younger (at least 5 years old) while playing with other children out of sight from parents or any adult figure responsible enough during those times ,walk_w070_S1
walk_w070_S1,34,0,,0.9803921568627451,102,False,False,this: you did not know how much I loved you when it was all gone; every time at dusk our little one-eyed fox ran out of sight behind the house until nightfall c,walk_w070_S1
walk_w070_S1,35,0,,0.9767441860465116,86,False,False,of how you have looked upon myself from above like an angel or god so far away I can’t reach up on it with only one hand nor do anything about It just there wat,walk_w070_S1
walk_w070_S1,36,1,0.26461851596832275,0.8333333333333334,12,False,True,this poem: https://www.poetryfoundation.org/poems/46957/the-lost-poem (this one),walk_w070_S1
walk_w070_S1,37,2,0.11058402061462402,0.9690721649484536,97,False,False,"you. Your smiling face appears so clearly; I could reach out and touch it, if only just once more! But then all at once—suddenly!—my breath catches as something",walk_w070_S1
walk_w070_S1,38,2,0.08524537086486816,0.9583333333333334,96,False,False,you there – lying down beside mine with our breaths so intertwined one moment later… or perhaps just then as I am writing this now? You’re holding hands right w,walk_w070_S1
walk_w070_S1,39,2,0.12048208713531494,0.9591836734693877,98,False,True,"this poem from Robert Frost’s ‘Some say The Summer is a Time’:

The summer seemed like time at last; there were no more days or years of endless nights: it was ",walk_w070_S1
walk_w070_S1,40,1,0.06570738554000854,0.9583333333333334,96,False,False,this: as I lie here on these pillows of gold-woven clouds beneath an unclouded sky—my very flesh has become so buoyant through all its pores with pure radiance!,walk_w070_S1
walk_w070_S1,41,1,0.05709338188171387,0.9514563106796117,103,False,False,of two worlds—of heaven with its endless beauty (in all senses) on earth where man lives only so far as he can live alone; yet here I am living amongst beings w,walk_w070_S1
walk_w070_S1,42,0,,0.9622641509433962,53,False,False,"you — every one of them: bright skin or hair; how it always seems like I can just reach out my hand and grab yours (though when not physically near, I have no i",walk_w070_S1
walk_w070_S1,43,4,0.15303409099578857,0.9148936170212766,94,False,False,"this:


<blockquote>The world's best-loved novel of all time - Dickens’ classic tale about Ebenezer Scrooge & Christmas Past has been adapted into an immersive ",walk_w070_S1
walk_w070_S1,44,4,0.12917771935462952,0.9263157894736842,95,False,False,all of these verses I had written so many years ago while living at home during college break (not sure if you remember this) when suddenly it came upon me: ‘To,walk_w070_S1
walk_w070_S1,45,0,,0.9897959183673469,98,False,True,an old black woman (an image of you) standing on stage looking out at 102 other women seated around this circular space filled with lights from different direct,walk_w070_S1
walk_w070_S1,46,2,0.12695106863975525,0.9895833333333334,96,False,False,"this one moment of our time here together as brothers, sisters; lovers? My friends who’ve become family I care about deeply enough—even if not all feel it recip",walk_w070_S1
walk_w070_S1,47,2,0.09654626250267029,0.8539325842696629,89,False,False,this: A small child with bright blue hair who lives under an old tree on top of Mount Emei (峨眉)in China near Chengdu/Chengdu /Chongqing Sichuan Province . The 5,walk_w070_S1
walk_w070_S1,48,2,0.22311437129974365,0.92,75,False,True,an idea from some of John Keats’s poems –  from ‘La Belle Dame Sans Merci’. I don’t know whether you have read this poem or not if so please share it with someo,walk_w070_S1
walk_w070_S1,49,4,0.19437843561172485,0.9473684210526315,57,False,False,how it feels when you can't decide on anything because everything sounds good... like I could just eat sushi or Mexican food right now if I wanted too! But then,walk_w070_S1
walk_w070_S1,50,0,,0.9047619047619048,63,False,False,"not an answer from our Heavenly Father nor some revelation of His divine love, I’m sorry if it sounds so vague –  but those were just <em>thoughts</em> floating",walk_w070_S1
walk_w070_S1,51,4,0.18852686882019043,0.9354838709677419,93,False,False,how much I’ve learned from you all over these years…  How wonderful it has been!!! So many great ideas! And people!! How lucky am I? You can imagine just being ,walk_w070_S1
walk_w070_S1,52,2,0.07471722364425659,0.9607843137254902,102,False,False,this image: I am sitting at our table with you on one side of it—my mother or an aunt; perhaps Mary herself had taken up position there during those late hours ,walk_w070_S1
walk_w070_S1,53,3,0.2143283635377884,0.9489795918367347,98,False,False,this scene: I am on top of an iceberg somewhere along one of Antarctica’s many glaciers; it is dark out here as you can imagine and all around me there seems to,walk_w070_S1
walk_w070_S1,54,2,0.15086475014686584,0.9318181818181818,88,False,False,nothing important at all really; I do not think about something big or complex just like how many other people have been doing lately because of the pandemic si,walk_w070_S1
walk_w070_S1,55,3,0.2663939297199249,0.9574468085106383,94,False,False,"this:

In some respects I am quite alone here; all around save only myself there's nothing else or anyone besides myself except if you count someone from work b",walk_w070_S1
walk_w070_S1,56,1,0.12624335289001465,0.98,100,False,False,an image of myself standing with arms outstretched like King Arthur’s on top of Stonehenge; or maybe at Glastonbury Tor as I listen intently through headphones ,walk_w070_S1
walk_w070_S1,57,3,0.14198918640613556,0.9791666666666666,96,False,False,an unfathomable abyss where you don’t just fall into; nothing could be further from true than this notion of falling or crashing headlong down on any given day.,walk_w070_S1
walk_w070_S1,58,3,0.14870065450668335,0.98,100,False,False,an image of our friend Dr. Johnson's famous statement about Shakespeare; “The man was nothing else all over.” I’m reminded too much lately of how this phrase ca,walk_w070_S1
walk_w070_S1,59,0,,0.9577464788732394,71,False,False,this: I don’t want them thinking too much of death – as though there could be anything else on our minds than living life more fully or enjoying it while it las,walk_w070_S1
walk_w070_S1,60,0,,0.967741935483871,62,False,False,"of you, it’s something I want so much from life right now because this moment feels like where there can be no escape just yet… It seems as if love could not fi",walk_w070_S1
walk_w070_S1,61,2,0.06318792700767517,0.956989247311828,93,False,False,love—of this world I mean: of people who live here now; not thinking ahead so much about being with them tomorrow or when there’s no time left (it feels like fo,walk_w070_S1
walk_w070_S1,62,1,0.09154212474822998,0.9693877551020408,98,False,False,an idea I have had while driving along 401 towards Toronto or Kingston on summer Sundays when traffic moves slowly like a lazy river past rolling hills covered ,walk_w070_S1
walk_w070_S1,63,2,0.12682080268859863,0.9298245614035088,57,False,False,an orange tree with red flowers growing on it… this one has been planted there years ago at our friend’s house – she also loves oranges (it was given as wedding,walk_w070_S1
walk_w070_S1,64,2,0.056368470191955566,0.9789473684210527,95,False,False,"this: when people come out of hospitals or mental institutions (most often those with psychological problems), I ask them why not take care earlier? Don’t you t",walk_w070_S1
walk_w070_S1,65,2,0.18472757935523987,0.9390243902439024,82,False,True,this poem: “The Night Sea.” (http://www.poets.org/viewmedia.php?prmID=2734) It’s not very exciting as poems tend to be so I just wrote it down here mostly becau,walk_w070_S1
walk_w070_S1,66,1,0.06448101997375488,0.9841269841269841,63,False,False,an empty space where there’s no one or nothing except you (me) who am sitting here trying so hard not to think about any of those things anymore…. And this feel,walk_w070_S1
walk_w070_S1,67,4,0.2407532036304474,0.8285714285714286,35,False,False,"of course this little verse from The Little Prince...


<blockquote>“What do you want?” asked he again.</blockquote>



One can not imagine how many times I hav",walk_w070_S1
walk_w070_S1,68,1,0.07407808303833008,0.9014084507042254,71,False,False,"an image of all things on Earth; it’s everything I could possibly imagine or know: mountains and deserts, animals large and small, birds flying over them—all so",walk_w070_S1
walk_w070_S1,69,0,,1.0,23,False,False,an empty dark room with three large candles burning at different angles on either side of it; I am lying down between them…,walk_w070_S1
walk_w070_S1,70,4,0.17253433167934418,0.9479166666666666,96,False,False,a man sitting on one of those big old rocking chairs with two arms like an arm chair you get at IKEA.. And he's talking about things I can remember from childho,walk_w070_S1
walk_w070_S1,71,1,0.08638882637023926,0.9444444444444444,54,False,False,this: I am now looking up at myself from underneath through another pair of eyeballs on top of mine own body or something like it (though not <i>quite</i>). If ,walk_w070_S1
walk_w070_S1,72,3,0.2880941927433014,0.9782608695652174,92,False,False,"how much of life remains?  How far can I possibly get back after today or tomorrow; maybe this year (?), who knows! This could be it—my time has come and gone…b",walk_w070_S1
walk_w070_S1,73,0,,1.0,17,False,True,this poem I read at high school many years ago: The Waste Land of T. S. Eliot .,walk_w070_S1
walk_w070_S1,74,0,,1.0,19,False,False,this: I am sitting on top of Mount Fuji looking at Mt Rainier from Washington State – just another day!,walk_w070_S1
walk_w070_S1,75,3,0.13903938233852386,0.9468085106382979,94,False,False,"nothing more than those two words:  it’s time! 



It's so very obvious now where I went wrong; it was all about not being honest with myself when writing these",walk_w070_S1
walk_w070_S1,76,1,0.23665368556976318,1.0,28,False,False,"so sweet it brings tears of joy... This was made using AI art with 2 prompts (original) ""dark blue background"" & then another prompt ""(soft-focus blur)"" Hope yo",walk_w070_S1
walk_w070_S1,77,3,0.10276341438293457,0.9042553191489362,94,False,False,just how much I dislike meditating at 6:30am on Thursday mornings! This was certainly one of those days when it really didn’t feel right waking up so early beca,walk_w070_S1
walk_w070_S1,78,1,0.06409096717834473,0.9344262295081968,61,False,False,an image of myself looking around at something with utter wonderment as if I were meeting someone special who was never really there all this time…it’s like whe,walk_w070_S1
walk_w070_S1,79,0,,0.8666666666666667,15,False,True,the following: <i>(The poem doesn't work as well if you don't know it)</i>,walk_w070_S1
walk_w070_S1,80,1,0.0802992582321167,0.9367088607594937,79,False,False,"not necessarily from today's session of ""The Secret"" (yes I know - why am I still watching it? It seems like forever), nor does it have anything to do with this",walk_w070_S1
walk_w070_S1,81,5,0.1598467379808426,0.9489795918367347,98,False,False,"not much of anything at all! I try hard with words alone only one thing keeps forming on the page: ""Afraid."" That's it...it always come back to being afraid....",walk_w070_S1
walk_w070_S1,82,0,,0.9622641509433962,53,False,False,how you look when I think of things as if through glass: blue-green or turquoise…or green with an aquamarine gleam inside – like one more thing thrown into this,walk_w070_S1
walk_w070_S1,83,5,0.12256906181573868,0.9058823529411765,85,False,False,this: <b><i>“O Lord who am I?</i></b>”  It’s been on my lips recently as one question after another pops into our consciousness – like “What if?” or “How could ,walk_w070_S1
walk_w070_S1,84,2,0.09551572799682617,0.9801980198019802,101,False,False,this picture: there’s someone standing right behind you waiting patiently for an opportunity — one second away from striking with all of its might… You can bare,walk_w070_S1
walk_w070_S1,85,1,0.24421954154968262,0.9484536082474226,97,False,False,always beautiful or tragic – never boring! I can’t take it all back so here goes: My daughter who just graduated college; one of our dogs gone from cancer at 15,walk_w070_S1
walk_w070_S1,86,3,0.1580309271812439,0.9787234042553191,94,False,False,of course all good things I've experienced with you! Your laugh alone lights up any room (which doesn't seem fair at times because when it feels like yours isn',walk_w070_S1
walk_w070_S1,87,2,0.09699839353561401,0.9894736842105263,95,False,False,this:  What does it mean when you meet people who have achieved something remarkable – or at least amazing from one perspective - yet seem as if life has passed,walk_w070_S1
walk_w070_S1,88,1,0.1095704436302185,1.0,38,False,False,this: The most beautiful woman I have ever seen was born 107 years after our Lord’s crucifixion (her mother said so). In fact she probably thought it wasn’t pos,walk_w070_S1
walk_w070_S1,89,0,,0.9611650485436893,103,False,False,an old friend of mine from over half-century ago who loved nature very much; he was never one to be content with simply seeing Nature as some distant object out,walk_w070_S1
walk_w070_S1,90,3,0.1105518564581871,0.8777777777777778,90,False,False,"this: <em><strong>The Way</strong></em>; not all of it at once (even if I could), just some tiny part – an image or sound or feeling maybe? This word has two me",walk_w070_S1
walk_w070_S1,91,2,0.08477839827537537,0.9878048780487805,82,False,False,a person I was talking with today whom you might know well from our interactions here on earth or elsewhere if this were another dimension of being. This human ,walk_w070_S1
walk_w070_S1,92,1,0.09980165958404541,0.9565217391304348,69,False,False,not of pleasure; instead it’s sorrow… It reminds me of days gone past when I was still hopeful of things being better if only someone had just been able to help,walk_w070_S1
walk_w070_S1,93,5,0.14247943460941315,0.9318181818181818,88,False,False,:  “When I say something like this - ‘The world just seems so dark right now.’ My friend replies… 'That's not how you really feel about it.' You smile back at h,walk_w070_S1
walk_w070_S1,94,2,0.09706228971481323,0.9848484848484849,66,False,False,not of this world at all. I am floating through an ethereal space so full of wonder it can only be compared to being completely alive for the first time ever ag,walk_w070_S1
walk_w070_S1,95,1,0.06310993432998657,0.9583333333333334,96,False,False,this: I am watching you through these pages as if from somewhere above or below looking down at all of it with an air of indifference (no surprise there). This ,walk_w070_S1
walk_w070_S1,96,5,0.2690005898475647,0.9438202247191011,89,False,True,"not just these words as I read them now (though there’s something of that), it feels like this poem has been written about ME recently – at least partly anyway ",walk_w070_S1
walk_w070_S1,97,1,0.053160667419433594,0.956989247311828,93,False,False,"this:


A child’s dream – I am floating out of control over water, it feels so safe though yet there seems no end to where ever I might be heading, its like fly",walk_w070_S1
walk_w070_S1,98,2,0.10095018148422241,0.96,75,False,False,"this: it's one of those warm nights where you think ""It could not be colder than last winter."" But then something happens - like maybe lightning strikes outside",walk_w070_S1
walk_w070_S1,99,1,0.08563858270645142,0.9591836734693877,98,False,False,our first encounter at this summer’s festival: I was wearing an all white suit; she had on some sort of skirt-suit (or perhaps it wasn’t really a dress) with bl,walk_w070_S1
walk_w100_S1,0,2,0.08361202478408813,0.9801980198019802,101,False,False,nothing more than an image of this person’s face appearing on television screens throughout India while I sit at home alone with no one around (maybe just some ,walk_w100_S1
walk_w100_S1,1,0,,1.0,26,False,False,this song sung by Joan Baez on “The Morning” from her 1967 album of songs about social justice: https://www.youtube.com/watch?v=3d8hGqU2iPA,walk_w100_S1
walk_w100_S1,2,3,0.20517976582050323,0.9714285714285714,35,False,False,some sort of an evil twin? But then it's also something more human.... or maybe I have this idea about twins being inherently bad... idk really.. The second ver,walk_w100_S1
walk_w100_S1,3,2,0.08304101228713989,0.9313725490196079,102,False,False,"nothing at all; or I can think of just about anything—the first day on Mars after being dropped off there with no food, then seeing one giant orange ball sittin",walk_w100_S1
walk_w100_S1,4,0,,0.875,16,False,False,this song: “The Night That God Stole My Heart” – The New Riders of the Purple Sage,walk_w100_S1
walk_w100_S1,5,0,,1.0,4,False,False,all I can find…,walk_w100_S1
walk_w100_S1,6,1,0.078560471534729,0.9868421052631579,76,False,False,"not of death or despair; instead I find myself staring into something much more familiar: an azure sea, surrounded with beautiful white clouds drifting gently a",walk_w100_S1
walk_w100_S1,7,0,,,0,False,False,…,walk_w100_S1
walk_w100_S1,8,1,0.07283860445022583,1.0,99,False,False,this: I am standing on top of some big mountain-thing with these two giant trees behind me – one taller than the other; both twisted from years growing through ,walk_w100_S1
walk_w100_S1,9,2,0.1515037715435028,0.9263157894736842,95,False,False,always the same thing:  A red-bearded man on an elephant (which reminds me of how I've been trying unsuccessfully to get one tattooed onto myself). As far as it,walk_w100_S1
walk_w100_S1,10,3,0.15484964847564697,0.9130434782608695,92,False,False,how much of this I can recognize myself from… or maybe it’s too early; when one sleeps like this (as if she had any choice) all ideas tend toward <i>me</i> as s,walk_w100_S1
walk_w100_S1,11,4,0.21511726081371307,0.9090909090909091,77,False,True,just words from one of Robert Herrick’s poems (1591-1674). I was reading them at dinner today with friends – it felt like good timing! In terms of mood/vibe or ,walk_w100_S1
walk_w100_S1,12,1,0.23016202449798584,0.8863636363636364,44,False,False,this song from The Little Mermaid: Ariel’s Song - Part 3 (Extended Mix) [2017] https://www.youtube.com/watch?v=w6GqT-tK_z4&ab_channel=%D9%85%D9%8A%DA%AF%E2%BFAr,walk_w100_S1
walk_w100_S1,13,4,0.1414005011320114,0.9239130434782609,92,False,False,not much of an image; it’s more like I hear words being spoken rather than images forming themselves at all consciously inside of my head. This voice has been s,walk_w100_S1
walk_w100_S1,14,1,0.07608717679977417,0.9207920792079208,101,False,False,not sadness nor despair…but love of an ineffable sort; perhaps I’m just dreaming it because there was no one present during this scene: at least as far as I can,walk_w100_S1
walk_w100_S1,15,2,0.1109103262424469,0.9801980198019802,101,False,False,an image of myself floating on water surrounded by fish swimming up toward me like tiny bubbles slowly rising as I try not to panic or sink beneath this ocean f,walk_w100_S1
walk_w100_S1,16,1,0.18196988105773926,0.9818181818181818,55,False,False,not words or images - it's all feelings... The feeling of being alone on stage without any audience; only myself there with no escape from reality except throug,walk_w100_S1
walk_w100_S1,17,1,0.17790138721466064,0.86,50,False,False,not poetry or literature - it's <b><i>music</i></b>: I think of music! The beautiful sounds coming from our instruments on stage today with those who work so ha,walk_w100_S1
walk_w100_S1,18,0,,0.98989898989899,99,False,False,"not words or sentences but pictures of people I have loved: those who died young at an early age; whose lives were stolen from them when only part was lived, ro",walk_w100_S1
walk_w100_S1,19,2,0.22522181272506714,0.9696969696969697,33,False,True,of course this poem! The author was an eccentric 17th Century poet whose work I’ve never read… until now…. So thank you for sharing it with all of us on Faceboo,walk_w100_S1
walk_w100_S1,20,1,0.08802247047424316,0.9519230769230769,104,False,False,how often I’m so busy going through life on auto pilot – just trying to get from point A to B without incident when something happens it takes everything out of,walk_w100_S1
walk_w100_S1,21,2,0.12342646718025208,0.9666666666666667,60,False,False,an image of blue skies with cumulus clouds dancing about like little children having fun playing on those beautiful white puffy marshmallow filled cakes…just so,walk_w100_S1
walk_w100_S1,22,2,0.07769036293029785,0.9285714285714286,98,False,False,this: when I first began working on these poems (before starting grad school) it was as an exercise of sorts—writing poetry without worrying about rhyme or mete,walk_w100_S1
walk_w100_S1,23,1,0.12292736768722534,0.972972972972973,37,False,False,"an image of myself standing at the end of life - all white hair, wrinkles on my forehead from thinking deeply until I can't think anymore... no longer caring ab",walk_w100_S1
walk_w100_S1,24,2,0.19270050525665283,0.96875,32,False,False,"of course “The Lion King”, only without Simba’s father Scar saying it himself. A little bit like Hamlet with an evil uncle instead of Claudius, maybe? And then ",walk_w100_S1
walk_w100_S1,25,3,0.22898900508880615,0.9634146341463414,82,False,False,not images or words; rather it's emotions: something I have experienced previously — sadness perhaps? Perhaps anxiety about an upcoming exam? Maybe fear of gett,walk_w100_S1
walk_w100_S1,26,1,0.07068777084350586,0.9772727272727273,88,False,False,this: I’m reading through an old copy of <em>The Golden Bough</em> with one eye open… just as if there were still something important about it lurking somewhere,walk_w100_S1
walk_w100_S1,27,3,0.09316343069076538,0.9101123595505618,89,False,False,"this: <em>""The great thing about writing poetry (or anything) when it doesn't fit into its genre of time or style, well I don't know if anyone else feels like t",walk_w100_S1
walk_w100_S1,28,1,0.12494337558746338,0.9824561403508771,57,False,False,all I’ve ever known: The dark trees of an old orchard; A boy lying on grass near them who looks out at something not there as though he was watching it come clo,walk_w100_S1
walk_w100_S1,29,3,0.23585957288742065,0.7619047619047619,84,False,True,of course the poem ‘The Walrus and The Carpenter’ from Lewis Carrols <em>Through the Looking Glass</em> published first as chapter two within Alice through-the ,walk_w100_S1
walk_w100_S1,30,4,0.15817975997924805,0.9101123595505618,89,False,False,"not much of anything at all, just some random words or images I have had recently (the usual “stuff” from this blog). Nothing new today…nothing <em>new</em> any",walk_w100_S1
walk_w100_S1,31,0,,0.96,100,False,False,nothing more than an image of white noise; I can feel it all around: waves crashing on rocks as far as one's ears could hear… thunder rumbling through clouds ov,walk_w100_S1
walk_w100_S1,32,2,0.0667327344417572,0.9504950495049505,101,False,False,"our song from last month “The Little Death,” or one of those other ones I posted back then about being with someone who never wanted anything more than friendsh",walk_w100_S1
walk_w100_S1,33,1,0.10768485069274902,0.9693877551020408,98,False,False,when I was younger (at least 5 years old) while playing with other children out of sight from parents or any adult figure responsible enough – not so much like ,walk_w100_S1
walk_w100_S1,34,2,0.08338057994842529,0.9801980198019802,101,False,False,this: I am on an ocean of water—an expansive expanse where there’s no land at all except when one looks up into starry skies above; yet not here! The sky overhe,walk_w100_S1
walk_w100_S1,35,1,0.15334439277648926,0.967391304347826,92,False,False,"this: “A man named John was about sixty-eight years old at death,” wrote Samuel Pepys on November 18th of 1672—the day he died himself. He had suffered much fro",walk_w100_S1
walk_w100_S1,36,1,0.26461851596832275,0.8333333333333334,12,False,True,this poem: https://www.poetryfoundation.org/poems/46957/the-lost-poem (this one),walk_w100_S1
walk_w100_S1,37,1,0.1071246862411499,0.9242424242424242,66,False,False,one of those songs from <em>The Last Night Of The Proms</em> – not always easy music though it be; sometimes all atonal noise or some other form of abstract mus,walk_w100_S1
walk_w100_S1,38,3,0.21241290867328644,0.9036144578313253,83,False,True,"this poem – “In Memoriam”, written about one year after Alfred Tennyson’s beloved brother-in-law was killed on active duty during The Crimean War (1854).  The p",walk_w100_S1
walk_w100_S1,39,3,0.1698862910270691,0.9782608695652174,92,False,True,this poem from Robert Hass’s 1986 collection of poetry “Field Guide”. The poet talks about himself through lines with vivid imagery: ‘The sea has its own life’.,walk_w100_S1
walk_w100_S1,40,1,0.07405674457550049,0.967741935483871,93,False,False,"this: as I lie here on these pillows, thinking of all things like dreams—of dreaming people coming into rooms from outside where there was no light, or talking ",walk_w100_S1
walk_w100_S1,41,2,0.07718873023986816,0.9456521739130435,92,False,False,"of two worlds—the world with its wars, strife , injustice & pain; <strong><em>then</em></strong> there’s our own special little corner here on earth…what it hol",walk_w100_S1
walk_w100_S1,42,0,,0.9746835443037974,79,False,False,"of an enormous mountain range; it’s not very far from where I live – just up near Seattle, Washington… The mountains themselves aren’t particularly tall compare",walk_w100_S1
walk_w100_S1,43,2,0.18199267983436584,0.8695652173913043,92,False,False,"this:


<blockquote>the world's best-loved novel</blockquote>




The book I am thinking of reading at some point later today has been on my Kindle waiting list",walk_w100_S1
walk_w100_S1,44,2,0.44582846760749817,0.972972972972973,37,False,False,all of these verses I had written so many years ago while living at home during college break (not sure if it was spring or winter). At 170+ words per verse...t,walk_w100_S1
walk_w100_S1,45,2,0.1173534095287323,0.96,100,False,False,an old black & white film of some historical event - maybe Custer or one of those early American pioneers coming down from the plains with horses loaded up on s,walk_w100_S1
walk_w100_S1,46,1,0.1383216381072998,1.0,37,False,False,"this one moment of our time here together as friends, brothers; where nothing seems more natural than sharing intimate secrets with someone else. I recall how m",walk_w100_S1
walk_w100_S1,47,2,0.13334614038467407,0.9361702127659575,94,False,True,this: A small child with bright blue hair who lives under an old tree on top of Mount Emei (峨眉)in China near Chengdu/Chengdu /Chongqing Sichuan Province . The 5,walk_w100_S1
walk_w100_S1,48,3,0.15394870936870575,0.9361702127659575,94,False,True,"an idea from some of John Keats’s poems –  from ‘La Belle Dame Sans Merci’. I don’t know if it was he who used this phrase: “some faint enchanted sound”, or how",walk_w100_S1
walk_w100_S1,49,2,0.08495962619781494,0.9587628865979382,97,False,False,how it feels when I am trying not to think about things instead of thinking them: as though something was keeping those ideas at bay so forcefully - like there’,walk_w100_S1
walk_w100_S1,50,5,0.15083345770835876,0.9578947368421052,95,False,True,not an answer from our leader/god Apollo; I am more aware of where these words have come from. The image is so familiar it seems obvious – something very like D,walk_w100_S1
walk_w100_S1,51,1,0.054410338401794434,0.9142857142857143,70,False,False,how much I’ve learned from this book—so many things about myself; about love; who I am when nobody else seems to know or care; why people do certain things with,walk_w100_S1
walk_w100_S1,52,1,0.12111163139343262,0.9714285714285714,105,False,False,this image: A man wearing an elaborate mask with beautiful horns on it stands alone at twilight as lightning flashes behind him. He holds up one of these magnif,walk_w100_S1
walk_w100_S1,53,3,0.15857289731502533,0.9603960396039604,101,False,False,this scene: I am on top of an iceberg somewhere along the Arctic Circle’s northern shore; it is dark out here as can be because there was no moon tonight. There,walk_w100_S1
walk_w100_S1,54,1,0.8026764988899231,0.9333333333333333,30,False,False,nothing like this; it isn’t words or images… just feeling something deeply within myself – an urge of sorts I don’t understand yet accept anyway! <em>– Michael ,walk_w100_S1
walk_w100_S1,55,2,0.052260637283325195,0.9,90,False,False,"this:

In some sense there may be an argument like “There’s enough uncertainty about God as it is without adding yet more.” But I think if one has doubts or wor",walk_w100_S1
walk_w100_S1,56,1,0.2061777114868164,0.9777777777777777,45,False,False,an image of myself standing with arms outstretched like King Arthur’s on top of Stonehenge; or maybe at Glastonbury Tor as I listen intently through headphones ,walk_w100_S1
walk_w100_S1,57,3,0.08601812273263931,0.9705882352941176,102,False,False,an abstract painting of two men running from one another - just as any lover’s dance might end; or could start (as lovers do not always begin together). It seem,walk_w100_S1
walk_w100_S1,58,1,0.8953747749328613,0.8148148148148148,54,False,False,an image of our friend Dr Faustus from William Shakespeare’s play <em>The</em> <em>Faustus Parts I & II (1604)</em> as depicted on this painting; ‘Dr Fauszt wit,walk_w100_S1
walk_w100_S1,59,3,0.1243167519569397,0.9655172413793104,87,False,False,"this: I imagine there’s some secret or hidden meaning behind words like “dejection” (depressed), “melancholy”, depression”.  In fact, it all sounds so much bett",walk_w100_S1
walk_w100_S1,60,3,0.11992201954126358,0.9239130434782609,92,False,False,of course an idea I had after having recently read some work about Stendhal's views on art or artists: <em>Stendhal</em> was apparently fond of quoting (or plag,walk_w100_S1
walk_w100_S1,61,3,0.09905312210321426,0.98,100,False,False,this quote from The Odyssey: “We might take our own lives away if not for them.” It makes sense because without life there’s no loss of it; so maybe some people,walk_w100_S1
walk_w100_S1,62,2,0.08640655875205994,0.9578947368421052,95,False,False,an idea I have had while driving along 40th Street towards Times Square on Sunday morning after mass at St Ignatius Church there about five years ago when it wa,walk_w100_S1
walk_w100_S1,63,1,0.17615199089050293,0.968421052631579,95,False,False,an orange tree with red flowers growing on it… this one has been planted there years ago at least since I lived here – not very far from where these words have ,walk_w100_S1
walk_w100_S1,64,1,0.07898378372192383,0.9787234042553191,94,False,False,this: when people come out of hiding or emerge from isolation it takes time for them to adjust back into society as if nothing happened at all…it’s like taking ,walk_w100_S1
walk_w100_S1,65,2,0.14132773876190186,0.9770114942528736,87,False,True,this poem: “The Night Sea.” (http://www.poets.org/viewmedia.php?prmID=2734) It’s not very exciting as poems tend to be so I just wrote it down here mostly becau,walk_w100_S1
walk_w100_S1,66,4,0.1271410882472992,0.9583333333333334,96,False,False,an empty space where there’s no one or nothing except myself with all its imperfections as I can feel it… This feeling of loneliness has been around ever since…,walk_w100_S1
walk_w100_S1,67,0,,1.0,100,False,False,an empty house without windows – no light at all on its exterior or inside – except maybe some dim candlelight coming from somewhere across town where I can sti,walk_w100_S1
walk_w100_S1,68,2,0.07469373941421509,0.968421052631579,95,False,False,"an image of all things on Earth; it’s everything I could think off at once: mountains and deserts, animals large and small, birds flying over them—it was so man",walk_w100_S1
walk_w100_S1,69,0,,1.0,23,False,False,an empty dark room with three large candles burning at different angles on either side of it; I am lying down between them…,walk_w100_S1
walk_w100_S1,70,1,0.22702652215957642,1.0,15,False,False,a man dancing with one of these creatures! I'm seeing it all very vividly now!!!,walk_w100_S1
walk_w100_S1,71,3,0.11637985706329346,0.9375,96,False,False,this: I am now looking up at myself from underneath through another pair of eyeballs on top of mine own body or something like it (though not <i>quite</i>). The,walk_w100_S1
walk_w100_S1,72,5,0.10642845928668976,0.9368421052631579,95,False,False,how much of this world really matters? We all talk about it as if there was nothing more important than being alive — going out into beautiful nature (which I d,walk_w100_S1
walk_w100_S1,73,0,,1.0,17,False,True,this poem I read at high school many years ago: The Waste Land of T. S. Eliot .,walk_w100_S1
walk_w100_S1,74,0,,1.0,19,False,False,this: I am sitting on top of Mount Fuji looking at Mt Rainier from Washington State – just another day!,walk_w100_S1
walk_w100_S1,75,0,,0.9090909090909091,11,False,False,nothing more than those two words:  “God bless.” <em>Amen</em>!,walk_w100_S1
walk_w100_S1,76,1,0.19611001014709473,0.9411764705882353,34,False,False,"so sweet it brings tears of joy... This was made using AI art with 2 prompts (original) ""dark blue background"" & then another prompt ""(soft-focus blur)"" Hope ev",walk_w100_S1
walk_w100_S1,77,3,0.09674976021051407,0.9680851063829787,94,False,False,just how much I dislike being here with so many people around who don’t know when or where one should be silent. How can this city of millions remain quiet? Tha,walk_w100_S1
walk_w100_S1,78,1,0.06705713272094727,0.9736842105263158,76,False,False,an image of myself looking into someone else's soul - as if I were peering through them rather than seeing it directly . As strange visions stream past like fil,walk_w100_S1
walk_w100_S1,79,2,0.49041032791137695,0.8387096774193549,31,False,True,"the following: <i>(The poem doesn't work as well if I translate it into German - at least not right now... so here goes.)</i>


""<b>Der Traum von der Nacht</b>""",walk_w100_S1
walk_w100_S1,80,2,0.11216726899147034,0.9464285714285714,56,False,False,"not necessarily from today's recording session; it could be some thing I saw on TV or read this afternoon as well... so if anything doesn't seem quite right, bl",walk_w100_S1
walk_w100_S1,81,3,0.1202801838517189,0.9397590361445783,83,False,True,not much of beauty or peace this time round! But I do appreciate these lines because it’s so true; how hard sometimes our minds play games with us… How many tim,walk_w100_S1
walk_w100_S1,82,1,0.13491785526275635,1.0,29,False,False,"how I spent today: running errands around Seattle with no real direction or goal (except visiting family!), going on an amazing hike where there were so many co",walk_w100_S1
walk_w100_S1,83,0,,0.9047619047619048,21,False,False,this: <b><i>“The only person who can hold back tears from flowing out of our heart if ourselves.”</i></b>,walk_w100_S1
walk_w100_S1,84,1,0.05322432518005371,0.96,100,False,False,this picture: there’s someone standing right behind you waiting patiently for an opportunity — one second away from striking with all of its might… You can bare,walk_w100_S1
walk_w100_S1,85,0,,0.8571428571428571,7,False,False,always beautiful or tragic – <em>why?</em>,walk_w100_S1
walk_w100_S1,86,0,,1.0,16,False,False,of course all those images I've been collecting over time: from ancient temples through Buddhist stupas…,walk_w100_S1
walk_w100_S1,87,2,0.09120547771453857,0.9285714285714286,98,False,False,this:  the story of an old lady with Alzheimer’s dementia who became uncharacteristically violent when she was visited at home. Her family called authorities wh,walk_w100_S1
walk_w100_S1,88,1,0.049704134464263916,0.9801980198019802,101,False,True,"this: The most beautiful part of myself is all these lines, every letter etched into the skin on some body else’s back while I feel them across mine from behind",walk_w100_S1
walk_w100_S1,89,2,0.14113208651542664,0.96875,96,False,False,an old friend of mine from over 10 years ago who was once also very much into all things esoteric including magick as well as spiritual philosophy (in fact it t,walk_w100_S1
walk_w100_S1,90,1,0.1620052456855774,0.875,48,False,False,this: <em>the first song I recall hearing on Earth was ‘The Moon’s On The Ocean By Our House’. It may be an odd one—or maybe it seems so only because of its fam,walk_w100_S1
walk_w100_S1,91,4,0.14593881368637085,0.967391304347826,92,False,False,"a forest I was walking through as an eight or nine-year old boy. It’s not just one specific memory; it's several scenes from various times of day, different sea",walk_w100_S1
walk_w100_S1,92,3,0.10609447956085205,0.9411764705882353,68,False,False,not of pleasure or happiness it’s sorrow… It reminds me of days gone past when I was still “alive”. These songs have always meant something different than this ,walk_w100_S1
walk_w100_S1,93,3,0.2113054394721985,0.9367088607594937,79,False,False,:  “When I say something like this - ‘The world just seems so chaotic right now.’ My friend replies… 'That's because it is.' And he gets up from where he sat wi,walk_w100_S1
walk_w100_S1,94,2,0.0777665376663208,0.9473684210526315,95,False,False,not of this world at all. I am floating through an ethereal space so full of wonder it can only be compared to being completely alive for the first time ever ag,walk_w100_S1
walk_w100_S1,95,2,0.07611370086669922,0.9607843137254902,102,False,False,this: I am writing something on paper – as if it were not only an exercise or hobby of mine! But rather part of some other work (in fact with all due respect fr,walk_w100_S1
walk_w100_S1,96,3,0.1048523560166359,0.9714285714285714,70,False,False,not just these words (even though those lyrics might be good enough alone) I hear them as sounds… like music! So it makes sense now why at first when she told m,walk_w100_S1
walk_w100_S1,97,3,0.08855060487985611,0.9340659340659341,91,False,False,"I can’t believe this was real – like all these years ago it really happened, or at least seems very possible. So much of reality now feels illusory; perhaps tho",walk_w100_S1
walk_w100_S1,98,0,,1.0,71,False,False,this: it's one of those warm nights where clouds roll over our house like heavy blankets cast off from slumbering creatures -- I know them as cats because every,walk_w100_S1
walk_w100_S1,99,2,0.11152353882789612,0.9782608695652174,92,False,False,this: “In these days of great turbulence among nations I wish more than ever people should listen to words like those given here today.” They’re full of compass,walk_w100_S1
walk_S1,0,2,0.20859816670417786,1.0,77,False,False,so much like you I know he’s right here with me; this man who can never die…  it just has been such an incredible time now for us both: our 3rd year together! A,walk_S1
walk_S1,1,0,,1.0,5,False,False,this song by Pink Floyd:,walk_S1
walk_S1,2,3,0.1519719958305359,1.0,41,False,False,some sort of an escape plan? But then I'll have nowhere else to go! How can anyone survive this if everyone gets taken out?! Why am I thinking about suicide whe,walk_S1
walk_S1,3,0,,1.0,9,False,False,this song I have been singing today! So true!! 🎶,walk_S1
walk_S1,4,1,0.28959864377975464,0.9655172413793104,29,False,False,"this song by The Beach Boys entitled “All I Want for Christmas Is My Two Front Teeth”

<em>It's gonna make you smile when he wakes up tomorrow</em>",walk_S1
walk_S1,5,0,,1.0,4,False,False,all I can find…,walk_S1
walk_S1,6,4,0.12119965255260468,0.9666666666666667,90,False,False,not so much thoughts as sensations—images formed by sounds or smells: I feel like someone's blowing on my hair; there's this little tickling breeze (a bit damp),walk_S1
walk_S1,7,0,,,0,False,False,…,walk_S1
walk_S1,8,3,0.2928001582622528,1.0,47,False,False,this: I am standing on top of some big mountain- not far above sea level maybe 20 feet or so high? It’s sunny day – bright blue skies with puffy white clouds fl,walk_S1
walk_S1,9,2,0.1223350465297699,0.9591836734693877,98,False,False,"not sadness at all, rather happiness for us! You know this already (though I’m sure you feel somewhat nervous about being able to express yourself properly). It",walk_S1
walk_S1,10,2,0.18602168560028076,0.9655172413793104,29,False,False,"your smile on that fateful night… where I first got smitten by you….


What an absolutely beautiful piece this was! Thank you so much for writing such amazing c",walk_S1
walk_S1,11,0,,1.0,12,False,False,this song: https://www.youtube.com/watch?v=5Z7yN0_jJ-o,walk_S1
walk_S1,12,0,,1.0,2,False,False,this song…,walk_S1
walk_S1,13,1,0.02934950590133667,0.9494949494949495,99,False,True,not much at all; mostly just blankness or fragments here and there… The only thing I’m certain about right now is how badly I want this piece done so desperatel,walk_S1
walk_S1,14,3,0.1386997252702713,0.9690721649484536,97,False,False,not sadness or despair…  it’s this incredible freedom I have now as being away at school – with no obligations nor responsibility toward others except for those,walk_S1
walk_S1,15,3,0.10102853924036026,0.9666666666666667,90,False,False,how much I love myself – right here at this very moment!  That’s all there was; nothing else could take its place. But then again you can add many things into y,walk_S1
walk_S1,16,2,0.14627453684806824,0.9444444444444444,36,False,False,"not words or images - <strong>my body</strong> does this work for me:


So you could write an entire book about how your hands feel as if she were kissing them ",walk_S1
walk_S1,17,1,0.08920037746429443,0.9795918367346939,49,False,False,"not how I can help this person or if someone else might already have tried helping them; rather, for just an instant -  it's as though those memories vanish com",walk_S1
walk_S1,18,3,0.2188187688589096,0.946236559139785,93,False,False,this: I have nothing left now except for an empty seat at dinner table with myself as only company who has no choice than waiting alone until you make your pres,walk_S1
walk_S1,19,1,0.09230202436447144,0.967741935483871,31,False,False,how much I love you now more than ever!  The words don’t seem enough for this moment though – so with them out there on paper at least here am i…,walk_S1
walk_S1,20,2,0.06618472933769226,0.9775280898876404,89,False,False,how often I’m so busy going through things on my list or planning for work-related tasks–that as soon as possible! It helps if you can think about something els,walk_S1
walk_S1,21,3,0.21005797386169434,1.0,37,False,False,an image out of your story about how you felt when she went away? A bit more vivid than I remembered. The last paragraph was beautiful too! Thanks so much for l,walk_S1
walk_S1,22,5,0.13579925894737244,0.9340659340659341,91,False,True,how I've been writing about this poem for nearly two weeks now - not just reading poetry as often does happen when you get into poems so much more than normal (,walk_S1
walk_S1,23,3,0.11893997341394424,0.90625,96,False,False,"an image of myself standing at the end of life - all by myself, not looking happy or satisfied with anything I’ve accomplished: no marriage, no kids, just livin",walk_S1
walk_S1,24,2,0.2049974501132965,1.0,99,False,False,an old house full of pictures framed on walls so high I can’t reach them anymore…some family portraits with smiling faces looking down at you through golden fra,walk_S1
walk_S1,25,0,,0.9824561403508771,57,False,False,not images or thoughts; rather I experience an overwhelming feeling similar to being embraced by something gentle yet powerful beyond compare: love – infinite u,walk_S1
walk_S1,26,4,0.11771732568740845,0.9320388349514563,103,False,False,this story about an elephant hunter who's hunting his prey through Africa when he sees something fall out of its trunk just as his weapon hits it. He looks down,walk_S1
walk_S1,27,0,,0.9743589743589743,39,False,False,"this: <em>a woman’s body</em> I feel weightless, floating above all thoughts; she looks upon herself through someone else's eye - there cannot possibly have bee",walk_S1
walk_S1,28,3,0.41616106033325195,0.9534883720930233,43,False,False,"""The Song Of Myself"" by Walt Whitman (1855)



<blockquote>Quote:From many a flower have I plucked today; tomorrow if you wish them-you can pluck some more.</bl",walk_S1
walk_S1,29,1,0.13301503658294678,0.8846153846153846,26,False,False,: The Lord has done great things for us! You were watching over all your works with power; you made the earth tremble by Your lovingkindness...Psalm 67,walk_S1
walk_S1,30,0,,0.9801980198019802,101,False,False,being able to give myself over completely… like when I was little and all day long (or most days anyway) there were moments where nothing else mattered more tha,walk_S1
walk_S1,31,4,0.11312243342399597,0.9473684210526315,95,False,False,"nothing more than an image or idea about something I have seen; like when someone says ""Remember those guys at school?"" And then you remember them… But just not",walk_S1
walk_S1,32,1,0.18244415521621704,0.9375,16,False,False,our song together… “The Lord’s My Shepherd”.  My God sends His angels all around us!,walk_S1
walk_S1,33,4,0.11503969132900238,0.9484536082474226,97,False,False,"when I was younger (at least 5 years old) while playing with other children out by an area called ""The Woods"" on this very small farm where we lived; about half",walk_S1
walk_S1,34,3,0.10245519876480103,0.9873417721518988,79,False,False,this: you did not know how much I loved you when your life was on its own path? And then came our love story… The beginning! It all started here – with just two,walk_S1
walk_S1,35,2,0.1342650055885315,0.9896907216494846,97,False,False,this: “A man named John was about sixty-eight years old at his death.” This quote seems very simple on its face; yet upon further thought I discover many comple,walk_S1
walk_S1,36,2,0.13640958070755005,0.9247311827956989,93,False,True,"this poem by William Wordsworth: ""The World Is Too Much With Us."" It was written during his early 30s, when he lived on Lake Killarney with John Clare (another ",walk_S1
walk_S1,37,0,,1.0,3,False,True,just this poem…,walk_S1
walk_S1,38,0,,1.0,11,False,True,this poem by William Wordsworth: I Wandered Lonely As A Cloud!,walk_S1
walk_S1,39,3,0.12633223831653595,0.9375,96,False,True,this poem by Robert Hass…a gift I received over 15 years ago when another poet friend gave them to me at Christmas time. Over half those years now (oh how quick,walk_S1
walk_S1,40,1,0.06689274311065674,0.8787878787878788,66,False,False,"this:



<i>When your life’s story</i> <b>is</b> complete—whether written or unwritten; if you were an ordinary person like those around you...or special with s",walk_S1
walk_S1,41,1,0.08177173137664795,0.9368421052631579,95,False,False,an open space—a vast expanse with no boundaries or limitations at all (it’s similar to “no man” island) where I am completely free to go anywhere within this wi,walk_S1
walk_S1,42,0,,0.896551724137931,29,False,False,you — your love for life; your kindness towards those around you; how I hope our days spent together were filled with joy as much as mine was being yours…,walk_S1
walk_S1,43,3,0.14276240766048431,0.967032967032967,91,False,True,"this:


<blockquote>The world's best-loved novel has been turned into an epic poem by Robert Graves - inspired on his 2017 visit to Stonehenge</blockquote>




",walk_S1
walk_S1,44,0,,1.0,13,False,False,how much I miss being able to write this kind of stuff freely!,walk_S1
walk_S1,45,0,,0.97,100,False,False,an old man leaning against his door watching people go by on either side as he passes time smoking cigarettes with a beer bottle between them while talking abou,walk_S1
walk_S1,46,0,,1.0,12,False,False,this song: https://www.youtube.com/watch?v=t4u3g2oB7_0,walk_S1
walk_S1,47,3,0.08129838854074478,0.9292929292929293,99,False,False,this: A small child with bright blue hair who lives under an old tree on top of Mount Emei (which you can hike up). She has been there for as long as anyone cou,walk_S1
walk_S1,48,2,0.08379757404327393,0.97,100,False,True,someone I know with an active imagination who often uses strange imagery when talking about how things were/are like (it’s not too different than using euphemis,walk_S1
walk_S1,49,0,,1.0,5,False,False,how much I miss you!,walk_S1
walk_S1,50,5,0.2301165610551834,0.9655172413793104,58,False,False,"not an answer or some thought about why I am being asked this question, instead its just images.. like visions perhaps…of something inside me? Of memories surfa",walk_S1
walk_S1,51,3,0.14009283483028412,0.9666666666666667,90,False,False,how much I’ve learned about myself by sharing my experience as an autistic woman with people who were not born on this planet like us - non-autistic people: neu,walk_S1
walk_S1,52,4,0.18793624639511108,0.9387755102040817,98,False,False,this image: A man wearing an oversized brown hat with ears hanging over his head like small black dogs (or maybe crows?). He’s got some sort of fur on his shoul,walk_S1
walk_S1,53,1,0.10716700553894043,0.9814814814814815,54,False,False,this scene: I am on top of an iceberg somewhere along the Arctic Circle’s northern shore; there is no sunlight anymore as winter has settled over all lands like,walk_S1
walk_S1,54,2,0.3112119138240814,0.9578947368421052,95,False,False,another form or phase this person can take on when out walking alone at night: A predator stalking his prey…or better yet..a beast waiting behind bushes! <em>Th,walk_S1
walk_S1,55,3,0.13366909325122833,0.9693877551020408,98,False,False,"this:

The last thing you saw was your friend's dead body? Was there anything strange or odd about his death at all? Is he someone with whom you shared some sor",walk_S1
walk_S1,56,2,0.1365434229373932,0.967741935483871,93,False,False,an image I have always had for this passage: A man with his feet tied up behind his back was being marched out through town by several people keeping him on cou,walk_S1
walk_S1,57,2,0.169286847114563,0.97,100,False,False,an unfathomable abyss where you cannot touch or find anything no matter how far into this hole goes your curiosity drags along with its hand. I remember thinkin,walk_S1
walk_S1,58,4,0.11181804537773132,0.9494949494949495,99,False,False,an image I never wanted again. It's not pretty or beautiful; nothing about this scene has anything to do with joy. The first time around was all horror—a scream,walk_S1
walk_S1,59,3,0.09562651067972183,0.9468085106382979,94,False,False,this: I imagine there’s an empty space right at your feet as you lie down on your bed – something like all those “mindful breathing” techniques where people bre,walk_S1
walk_S1,60,3,0.10961750894784927,0.967391304347826,92,False,False,"not much more than an old photo I recently found on Instagram when scrolling through someone's profile - some random post with no caption just captioned ""Photo ",walk_S1
walk_S1,61,4,0.14027506113052368,0.9325842696629213,89,False,False,"love—of any kind I don't care: romantic or platonic; familial (including ""familial"" as used by David Graeber), professional...you name it--it all just feels too",walk_S1
walk_S1,62,2,0.06107735633850098,0.97,100,False,False,an idea I have had for awhile now regarding how people view time based on various different points where you can stop it like when there's something special hap,walk_S1
walk_S1,63,1,0.11274725198745728,0.9120879120879121,91,False,True,"an orange jumpsuit with red cross stitched on top for this piece by artist Mark Bradford titled “Crosses,” featured at The Museum of Modern Art’s New York exhib",walk_S1
walk_S1,64,1,0.13572680950164795,0.9882352941176471,85,False,False,"this: when people have died or disappeared at work sites (such as those killed by bulldozers), often there were no bodies found because all bones had been crush",walk_S1
walk_S1,65,1,0.386829674243927,1.0,13,False,True,this poem by John Donne (1572-1631). I love writing poetry too – some day soon…,walk_S1
walk_S1,66,2,0.26082906126976013,0.9791666666666666,48,False,False,an empty space...or maybe more accurately a vast white emptiness where all other colours have disappeared into this nothingness-with nothing left behind except ,walk_S1
walk_S1,67,1,0.05269843339920044,0.9509803921568627,102,False,False,an old man on his deathbed talking about how he used to play with birds when he was young — so many years ago that not even this memory still seems real (becaus,walk_S1
walk_S1,68,1,0.04976499080657959,0.9411764705882353,85,False,False,an image I've seen too often throughout history: people being hung on gallows or other forms of torture-devices; most times as punishment for not having enough ,walk_S1
walk_S1,69,1,0.06896317005157471,0.97,100,False,False,being held at gun point by an armed guard with dark curly hair as he presses his hands over my mouth covering any sound I might make while pointing back up agai,walk_S1
walk_S1,70,1,0.12285888195037842,1.0,46,False,False,a man sitting on his throne with an old woman standing overtop like some kind of queenly goddess or something.. she's smiling as he does so I feel tears welling,walk_S1
walk_S1,71,0,,1.0,11,False,False,this song: https://www.youtube.com/watch?v=943zN01U5nQ,walk_S1
walk_S1,72,2,0.2638717293739319,0.9230769230769231,65,False,True,"how much this song reminds me of The Night Before Christmas (a children’s poem), specifically these lines: “When I found out who he was — dear old Santa Claus! ",walk_S1
walk_S1,73,4,0.14480619132518768,0.9574468085106383,94,False,True,"this poem by Anne Sexton titled ""The Moon."" The first stanza opens with an image I am already familiar with: two lovers embracing on top of some mountains under",walk_S1
walk_S1,74,8,0.1407451629638672,0.8842105263157894,95,False,False,this: I am sitting at home with nothing going on; then someone knocks on my door asking for help! What do I think? Is there really something wrong?! Of course n,walk_S1
walk_S1,75,0,,0.9090909090909091,11,False,False,nothing more than those two words:  “God bless.” <em>Amen</em>!,walk_S1
walk_S1,76,2,0.20687097311019897,0.918918918918919,37,False,False,"so sweet I have tears welling up in my eyes as soon as this song finishes…


There's a lot more going on than just pretty melodies! Listen carefully for another",walk_S1
walk_S1,77,0,,1.0,17,False,False,when you were lying on your chest like an angel as I gently stroked down over top...,walk_S1
walk_S1,78,3,0.11031345278024673,0.9702970297029703,101,False,False,an image I’ve seen many times throughout life — not specifically for this exercise or any other spiritual practice really; maybe just something you can expect w,walk_S1
walk_S1,79,2,0.08385816216468811,0.9444444444444444,90,False,True,"the following: <i>(The poem doesn't work as well if you don't know this story.)</i>


My husband loves stories about ancient civilizations more than I do (he wa",walk_S1
walk_S1,80,2,0.08921888470649719,0.9587628865979382,97,False,False,not our present life circumstances or how I’m feeling right now—it’s “what do you want your soul family to learn today?” That question takes any negative emotio,walk_S1
walk_S1,81,0,,0.9896907216494846,97,False,False,not your face or anything you've said about our conversation over dinner last night; rather I am reminded of something completely different-something less tangi,walk_S1
walk_S1,82,1,0.05342763662338257,0.9690721649484536,97,False,False,how you look out for your family-how much thought there was placed into them being cared for properly so as not to do any kind of damage themselves or others al,walk_S1
walk_S1,83,0,,0.8333333333333334,12,False,False,this: <b><i>“a little chaos helps us find ourselves.”</i></b>,walk_S1
walk_S1,84,2,0.10940888524055481,0.9753086419753086,81,False,False,this picture: there’s someone standing right behind you waiting for your response — no idea who at all; just some person (in the moment) with an important thing,walk_S1
walk_S1,85,4,0.16087542474269867,0.9247311827956989,93,False,False,"this beautiful quote by Anne Frank: ""To dare to be vulnerable with another human being takes courage."" It's just so powerful... I love your prompt for today- Vu",walk_S1
walk_S1,86,0,,0.9230769230769231,26,False,False,something very special: A 1968 Buick Roadmaster convertible with black interior (my favorite) and cream colored top; tan seats as soft as leather on a summer da,walk_S1
walk_S1,87,2,0.0616777241230011,0.95,100,False,False,this:  a story I heard when I was quite young – about an old man who got up early every morning for his coffee. He had two dogs who followed along with him whil,walk_S1
walk_S1,88,2,0.16835099458694458,0.9736842105263158,38,False,False,this story where two friends go on an adventure together! I want you guys to give some thoughts on how friendship has changed or stayed with your favorite chara,walk_S1
walk_S1,89,1,0.16668188571929932,1.0,51,False,False,an old friend I used to know at school: his name was Johnathan; he lived across town with 2 sisters named Hannah & Samantha… this all sounds strange since you c,walk_S1
walk_S1,90,2,0.18792253732681274,0.925,80,False,False,this: <em><strong>The United States Constitution</strong></em> . I think about how much freedom exists under our government here; for as long as there is no ins,walk_S1
walk_S1,91,2,0.07400447130203247,0.9743589743589743,78,False,False,a person I feel sad for who’s doing so well on his own while also being very much alone (in ways other than social media or physical company). He does not care ,walk_S1
walk_S1,92,2,0.15131637454032898,0.9896907216494846,97,False,True,not where I’d like you to think this poem takes us — there was no intention for such an outcome; rather than being some “love note” or declaration (which could ,walk_S1
walk_S1,93,0,,0.8888888888888888,18,False,False,":  The Earthly Paradise (from ""Paradise Lost"") by John Milton - https://www.poetryfoundation.org/poems-and-poets/poems/detail/45389",walk_S1
walk_S1,94,3,0.12435263395309448,0.9518072289156626,83,False,False,not “what?” But how? Like I am watching an old film or painting on TV with sound muted at first until things start making sense– like when you tune out everythi,walk_S1
walk_S1,95,1,0.060874223709106445,0.9803921568627451,51,False,False,this: I am watching you through these pages as if by magic light has risen upon your face. My love for you grows deeper with every page turn; something tells me,walk_S1
walk_S1,96,0,,0.8709677419354839,31,False,False,not just these words as much as images…images I can’t put into words because there isn’t enough room or time for them now; at least so far anyway!,walk_S1
walk_S1,97,1,0.08396267890930176,0.92,25,False,False,I can’t make any sense out of this for some reason? This really isn’t going anywhere – at least not where you might expect….,walk_S1
walk_S1,98,1,0.0526883602142334,0.9270833333333334,96,False,False,"this: I am on an airplane with nothing more than some books (which could not possibly contain enough information for when I landed), headphones, water bottle, s",walk_S1
walk_S1,99,2,0.10847187042236328,0.9148936170212766,94,False,False,"our first encounter at this summer’s festival: I was walking through “The Valley,” as you had described for us beforehand, when an unmistakable voice called out",walk_S1
polygon_S2,0,2,0.1929868459701538,0.9693877551020408,98,False,True,nothing more than an image from this last poem- I see two women facing off against each other in their respective gardens; they both sit on stone benches beside,polygon_S2
polygon_S2,1,0,,1.0,5,False,False,this song by Pink Floyd:,polygon_S2
polygon_S2,2,2,0.21430790424346924,1.0,27,False,False,"some sort of an island landscape? But then it changes...


[Verse 1] You're in this room by yourself now; everything goes quiet for just a little while longer…",polygon_S2
polygon_S2,3,4,0.24931171536445618,0.9387755102040817,98,False,True,this verse from <em>The Dream Within You</em> by Hafiz: “Oh come love! My heart’s awake.” I believe it was in response to William Blake who said he had been wai,polygon_S2
polygon_S2,4,0,,1.0,22,False,False,"this song which I heard when it was released about twenty-five years ago; by John Butler Trio from their album ""Sunrise"".",polygon_S2
polygon_S2,5,2,0.17710787057876587,0.9821428571428571,56,False,False,an image from childhood…a small boy trying his best not to fall asleep in front of the television….his head lolled forward on its own accord yet he fights it fi,polygon_S2
polygon_S2,6,5,0.3306273818016052,0.8478260869565217,46,False,True,"not this poem but some lines from John Donne in his elegy:
If in thy soul thou hold’st me friend;
Be then this Guest unvalued spent :
And welcome every thing I ",polygon_S2
polygon_S2,7,0,,,0,False,False,…,polygon_S2
polygon_S2,8,2,0.12261050939559937,0.9381443298969072,97,False,False,this: I am standing on top of some big mountain- not far from where we lived in California – but it’s taller than anything around there (at least according to G,polygon_S2
polygon_S2,9,3,0.10857734829187393,0.9111111111111111,90,False,False,"always the same thing:  A red balloon!


The last few days I've been thinking about how much we take for granted in this world today - especially when it comes ",polygon_S2
polygon_S2,10,0,,0.96875,32,False,False,how much there was I didn't notice until it wasn't here anymore: an air conditioner blowing for too many hours in silence; someone saying something over loudspe,polygon_S2
polygon_S2,11,1,0.08108264207839966,0.9777777777777777,45,False,False,just words from poems I am thinking about right now in particular… but it could be anything if something was on my heart or came out while meditating! This happ,polygon_S2
polygon_S2,12,4,0.37059494853019714,0.9183673469387755,49,False,False,"this song from The Lion King:



<blockquote>""That which I see now in me has been hidden for two thousand three hundred seventy-nine years.""</blockquote>


It's",polygon_S2
polygon_S2,13,4,0.19787675142288208,0.9381443298969072,97,False,False,"not much in common sense but it has some relevance I suppose? Do let me explain….

So today we had 10 days off school because if you remember this was Chinese N",polygon_S2
polygon_S2,14,1,0.15775537490844727,1.0,22,False,False,not sleep nor sight but dream; it seems less insubstantial than any thing I can experience now.. That's about enough for today...,polygon_S2
polygon_S2,15,0,,1.0,29,False,False,an open field full of daffodils in bloom… I visualize their petals blowing gently about under the sun’s warm rays and feel myself becoming completely lost withi,polygon_S2
polygon_S2,16,1,0.048861026763916016,0.968421052631579,95,False,False,not words or images but <strong><em>silence</em></strong>…a soundless space which becomes an image in itself; this quiet presence within me I’m used to seeing n,polygon_S2
polygon_S2,17,0,,1.0,68,False,False,not poetry or even images from childhood but rather thoughts about how I was taught in this life (before death) — an entire education on love for other human be,polygon_S2
polygon_S2,18,2,0.14478597044944763,0.945054945054945,91,False,False,not words or thoughts but pictures from <em>The Picture</em> by David Lynch (1986). I am drawn in; into this place where there were two men walking through some,polygon_S2
polygon_S2,19,1,0.20910024642944336,0.96,25,False,False,how it would feel if we could see ourselves in 3D or VR while having an experience similar to this? It’s kind of creepy…,polygon_S2
polygon_S2,20,1,0.08241605758666992,0.9714285714285714,35,False,False,how often I’m tempted by something new or exciting but too scared/impatient / nervous for it.. (or maybe when thinking about an adventure we do this because in ,polygon_S2
polygon_S2,21,2,0.1519295573234558,0.9340659340659341,91,False,False,an image out of <em>Don Giovanni</em> — Donna Anna’s final scene in Act II after her murder by Don Ottavio (Leporello). Leporello has been telling his master ho,polygon_S2
polygon_S2,22,3,0.08977726846933365,0.9833333333333333,60,True,False,"this: when I was young (very) old men said to me ""If he's not dead there won't get much out of him."" So it seems - in any event we should see how true these wor",polygon_S2
polygon_S2,23,3,0.1749323457479477,0.9484536082474226,97,False,False,an autumn afternoon by an old pond surrounded by tall grasses; soft breeze rustles them gently making ripples on water…a few birds flutter around looking for so,polygon_S2
polygon_S2,24,0,,1.0,20,False,False,an old house full of pictures in frames; I open them again — they’re just books on shelves beside me…,polygon_S2
polygon_S2,25,1,0.0683557391166687,0.9795918367346939,98,False,False,not images or thoughts; rather it's emotions: they flood in from within — anxiety about tomorrow (what I am going to do on Sunday when we don’t go out) or worry,polygon_S2
polygon_S2,26,0,,1.0,28,False,False,this story about an elephant who became friends with some birds in the forest… it’s pretty funny actually: http://www.readwritethink.org/lessons/lesson_view.asp,polygon_S2
polygon_S2,27,2,0.110495924949646,0.979381443298969,97,False,False,"this: 1954 was such an extraordinary year in television, when networks began introducing weekly serials — dramas centered around characters who remained on scre",polygon_S2
polygon_S2,28,1,0.08700406551361084,0.9484536082474226,97,False,False,this: I am standing outside in front of an old house on East 23rd Street which used to be called “Old Number Six” but has now been renamed by someone else – who,polygon_S2
polygon_S2,29,0,,0.9428571428571428,35,False,False,: The Hero knows much but not everything; Delight in hovering around another (a) human being); A child who cannot understand things yet sees through people ; My,polygon_S2
polygon_S2,30,1,0.14212775230407715,0.9464285714285714,56,False,False,"her death in The Book Thief, when Liesel stole those pages from Viktor’s prison cell while he was reading them for his daughter Rosa Braun (her mother) . She ha",polygon_S2
polygon_S2,31,2,0.07894265651702881,0.9659090909090909,88,False,False,nothing but an intense desire for connection; desiring union or unity among us-- human beings in this life who are divided from God's creation by sin which sepa,polygon_S2
polygon_S2,32,0,,1.0,7,False,False,often more beautiful than I had imagined,polygon_S2
polygon_S2,33,2,0.11824557185173035,0.9897959183673469,98,False,False,when I was younger (at least 5-10years ago) living in New York City. We would always take an overnight trip upstate to see relatives or go for some kind of geta,polygon_S2
polygon_S2,34,2,0.07622846961021423,0.9666666666666667,90,False,False,this: I am on an ocean liner headed back home from England after seeing relatives in France or Holland (or somewhere similar). The ship has left its departure p,polygon_S2
polygon_S2,35,0,,0.88,25,False,True,"this poem by Robert Frost: The Road Not Taken — <em>Two roads diverged in a wood, and I took the one less traveled by</em>.",polygon_S2
polygon_S2,36,3,0.18381518125534058,0.95,80,False,True,"this poem by William Wordsworth: ""The Prelude,"" part 3920; from page 654 in Norton's Critical Edition (edited by Robert Pinsky). It was written during his early",polygon_S2
polygon_S2,37,0,,1.0,3,False,True,just this poem…,polygon_S2
polygon_S2,38,0,,1.0,11,False,True,this poem by William Wordsworth: I Wandered Lonely As A Cloud!,polygon_S2
polygon_S2,39,2,0.1442471742630005,0.9222222222222223,90,False,True,this poem by Robert Frost…a very famous American poet from some 103 or more years ago (although he was born in England)…who seems for me anyhow not much differe,polygon_S2
polygon_S2,40,1,0.19952964782714844,0.9230769230769231,39,False,True,"this poem from <strong>WALT WHITMAN</strong> (1819-1910), “When I Heard the Learn’d Astronomer,”  a celebration on Whitman’s part against poetry in prose form:
",polygon_S2
polygon_S2,41,3,0.1268710345029831,0.9702970297029703,101,False,False,an open space—a place where I can hear water flowing softly from deep inside me…it’s not coming down or out but it is going on without end in circles around wit,polygon_S2
polygon_S2,42,0,,0.9666666666666667,30,False,False,not anything related to either of these topics or poems… but I do recall being drawn into this story by reading The Picture of Dorian Gray (thanks for reminding,polygon_S2
polygon_S2,43,0,,0.8571428571428571,7,False,False,"this:


<blockquote>The King Is Dead</blockquote>",polygon_S2
polygon_S2,44,1,0.1483170986175537,0.9642857142857143,28,False,False,how much I miss waking up in this wonderful house on top of Mount Tamalpais! (And yes—my <em>real</em> bed has four posts just for me!),polygon_S2
polygon_S2,45,1,0.062388062477111816,0.9801980198019802,101,False,False,an old man leaning against his door watching people go by in their cars or on foot through this town I live in now… It always feels strange here for some reason,polygon_S2
polygon_S2,46,1,0.3657371401786804,1.0,11,False,True,"this poem by A. E Housman (1859-1936), “To An Athlete Dying Young.”",polygon_S2
polygon_S2,47,1,0.055607378482818604,0.9491525423728814,59,False,False,"sleep: how easy it was for me when I lay down last night without even needing an alarm clock (so often this month), but also how difficult it can be today... It",polygon_S2
polygon_S2,48,4,0.12826651334762573,0.9587628865979382,97,False,False,an idea from some dream about how life could go on without me... But maybe I am not dead..or perhaps this was just another dream? Is it possible for something t,polygon_S2
polygon_S2,49,0,,0.96,25,False,True,how it feels when we go off into sleep after reading this beautiful poem by Robert Frost — How to Tell Wild Horses from Domestic Cats,polygon_S2
polygon_S2,50,0,,1.0,41,False,False,not an answer but instead it reminds me in some ways I should stop questioning because these words may lead into more questions without having any answers or re,polygon_S2
polygon_S2,51,3,0.09864237159490585,0.8979591836734694,98,False,False,"how much I’ve learned from this book—so many things about myself; about love; even life in general! In short, it was wonderful reading–from start to finish (eve",polygon_S2
polygon_S2,52,4,0.14583556354045868,0.9361702127659575,94,False,False,"this image: I am sitting in front of an old-fashioned wood stove, surrounded by family members (past, present) who had fallen asleep beside me on their beanbag ",polygon_S2
polygon_S2,53,2,0.12078553438186646,0.967391304347826,92,False,False,this scene: I am on an airship over Africa in 1948 when it’s daytime but seems sunset; It was just recently bombed by Germany into oblivion (though we can rebui,polygon_S2
polygon_S2,54,2,0.2811805307865143,0.9166666666666666,72,False,True,another form or phase this poem can take: an ode/elegy for someone who has passed on…or perhaps it’s more appropriate in reverse – where he stands by his wife w,polygon_S2
polygon_S2,55,3,0.0947783961892128,0.9425287356321839,87,False,True,this poem which I discovered by accident when looking for poetry in general on some website (sorry I don’t remember exactly). For whatever reason it resonated d,polygon_S2
polygon_S2,56,0,,1.0,28,False,False,"an image in black and white… A young man lying down on his bed, staring into space while he speaks out loud: “…there’s nothing left behind now…”",polygon_S2
polygon_S2,57,0,,1.0,25,False,False,an unfathomable expanse where anything could happen - just for no reason whatsoever (like we were discussing in class last week about things out of nowhere),polygon_S2
polygon_S2,58,4,0.14574185013771057,0.9473684210526315,95,False,False,an image I never thought about until now: when we were young it was always summer. The trees shed their leaves in midsummer instead of early autumn (it wasn’t j,polygon_S2
polygon_S2,59,4,0.3567621111869812,0.9247311827956989,93,False,False,"this: I am in an office or business space (e.g., corporate campus). There's some noise from somewhere – it could just about anything but there’s something very ",polygon_S2
polygon_S2,60,1,0.22374963760375977,0.9230769230769231,13,False,False,": ""<em>what do I care if people hate me?</em>"" What's it matter?",polygon_S2
polygon_S2,61,0,,0.9142857142857143,70,False,False,love in times gone by I remember once being held tight And how it made me feel But something changed about us then It was meant for just another day When we wer,polygon_S2
polygon_S2,62,3,0.14512090384960175,0.925531914893617,94,False,False,an idea which I had while reading The Princess and the Pea by Hans Christian Anderson back in childhood; about how it would feel if there was something sitting ,polygon_S2
polygon_S2,63,4,0.18649649620056152,0.90625,96,False,False,an orange grove in bloom . I am lying on this lush green lawn surrounded by these oranges trees laden with their most beautiful blossoms which were bright tange,polygon_S2
polygon_S2,64,4,0.08092154562473297,0.9696969696969697,99,False,False,this: when people come out in numbers for things they don t fully understand or want but only because its popular? There were large crowds going through Central,polygon_S2
polygon_S2,65,2,0.27764779329299927,0.9661016949152542,59,False,True,this poem by John Donne (1572-1631). I love it for its imagery; not only because his ideas about the relationship between heaven and Earth seem interesting but ,polygon_S2
polygon_S2,66,2,0.11271417140960693,0.9818181818181818,55,False,False,an empty bed in which I was laid while dying – although it never happened or occurred (though this could also represent something more subtle). After awhile the,polygon_S2
polygon_S2,67,2,0.10801121592521667,0.9797979797979798,99,False,False,an empty void where I can find no more sleep on this endless train journey back home after spending several days in New York City alone for work: loneliness! Th,polygon_S2
polygon_S2,68,3,0.18730999529361725,0.946236559139785,93,False,False,"an image I've always had for it: there was this little girl who looked exactly like me (as if God thought ""Well! She loves Shakespeare enough—she can write too!",polygon_S2
polygon_S2,69,1,0.07472825050354004,0.9690721649484536,97,False,False,an empty dark room in front of me… where only a bare mattress rests on top of white floorboards … I lay down upon it but then remember this was not meant for co,polygon_S2
polygon_S2,70,2,0.09468871355056763,0.9578947368421052,95,False,False,a man in his 60s or older who has had both legs amputated above the knee due to diabetes complications. The left leg was shattered by an injury while he was wal,polygon_S2
polygon_S2,71,1,0.04336273670196533,0.9719626168224299,107,False,False,this: I am now looking up into space from underneath a bed full of pillows on which someone has laid their head in sleep or perhaps death; they do not move when,polygon_S2
polygon_S2,72,3,0.1380072385072708,0.989010989010989,91,False,True,"how in this poem Frost uses words often used on dream journals: sleep (sleeping), wakefulness, deathbed imagery (""bore/lamp""), memories (recalling from far off ",polygon_S2
polygon_S2,73,0,,1.0,16,False,True,"this poem by Robert Frost entitled ""The Road Not Taken"" from his collection A Boy's Will .",polygon_S2
polygon_S2,74,1,0.03901207447052002,0.9313725490196079,102,False,False,this: I am in bed trying to sleep but instead it’s hard because something won’t let me stop thinking about everything around us going haywire during these chaot,polygon_S2
polygon_S2,75,0,,1.0,17,False,False,nothing but an endless ocean stretching beyond sight – I am adrift in this vast body of water…,polygon_S2
polygon_S2,76,0,,1.0,7,False,True,this poem by John Keats: “Bright Star”,polygon_S2
polygon_S2,77,2,0.09088218212127686,0.9619047619047619,105,False,False,when I was lying in bed once but could not sleep because there were other people who had been up late partying or having sex upstairs. The idea came into my hea,polygon_S2
polygon_S2,78,2,0.2724302411079407,0.9487179487179487,78,False,False,an image from John Singer Sargent’s portrait (1895) <em>A Portrait of Mrs. William H. Vanderbilt</em>: Lady Dufferin in blue evening dress gazing out over rooft,polygon_S2
polygon_S2,79,0,,1.0,3,False,True,the following poem:,polygon_S2
polygon_S2,80,0,,1.0,5,False,False,not necessarily from today's recording:,polygon_S2
polygon_S2,81,4,0.1539001166820526,0.9175257731958762,97,False,True,"not about this poem but rather from another book I read many moons ago by Aldous Huxley entitled 'The Doors of Perception'. The opening lines were: ""When everyt",polygon_S2
polygon_S2,82,3,0.18034334480762482,1.0,66,False,False,"how I spent today: gardening in rain (with no umbrella), playing music for 40 mins., then getting out into sunlight again – soaking up more rays! This afternoon",polygon_S2
polygon_S2,83,5,0.13921327888965607,0.9354838709677419,93,False,False,this: <b>a white cloud</b> -- or perhaps it was just light on dark background... but I remember seeing clouds in them! So maybe another name for God? Maybe not ,polygon_S2
polygon_S2,84,3,0.15119720995426178,0.9375,96,False,False,this picture: there’s someone standing right in front of me – tall man or woman? who knows.. And I just notice his/her presence by feeling something inside myse,polygon_S2
polygon_S2,85,1,0.12792932987213135,0.9294117647058824,85,False,False,always beautiful or tragic – often both simultaneously:  a young woman’s death in <em>The Song of Hiawatha</em> (1856) by Henry Wadsworth Longfellow; Edgar Alla,polygon_S2
polygon_S2,86,4,0.14396201074123383,0.9438202247191011,89,False,False,something we cannot see: 1968–70 in Vietnam; or perhaps it’s “The War” (a play by Bruce Norris) I saw when reading Philip Roth for an English class freshman yea,polygon_S2
polygon_S2,87,3,0.10797599703073502,0.9595959595959596,99,False,False,"this:

In life we do not often get it right – either in how others perceive us or if they understand who we truly are inside. They don’t see through layers of p",polygon_S2
polygon_S2,88,1,0.11908751726150513,0.8615384615384616,65,False,False,"this story from <em>The Secret Garden</em>: When Mary came home from being ill in bed for some weeks, her father told her something extraordinary he learned on ",polygon_S2
polygon_S2,89,1,0.0872495174407959,0.9824561403508771,57,False,False,an old friend I loved dearly when we were growing up together…  He would get in trouble from everyone else for his behavior but me – because he was always there,polygon_S2
polygon_S2,90,3,0.0970950499176979,0.9166666666666666,96,False,False,this: <em><strong>The song</strong></em>; I’m just thinking about it again… The same feeling from when we listened back in April/Mayish! It was lovely then (my ,polygon_S2
polygon_S2,91,2,0.1057584285736084,0.9803921568627451,102,False,False,a forest I was in recently for this painting exercise (see above). On an autumn afternoon we headed out into some hills behind town after eating lunch together;,polygon_S2
polygon_S2,92,2,0.2446380853652954,0.9298245614035088,57,False,False,not where I’ve been or how many things await me in this life but when we die; if there isn’t something beyond death then why struggle? But yet even while knowin,polygon_S2
polygon_S2,93,1,0.6163914203643799,0.7857142857142857,14,False,False,":  The Earth laughs in flowers!   by Robert Frost


<strong><em>Robert Barden</em></strong>",polygon_S2
polygon_S2,94,3,0.0806930884718895,0.9696969696969697,99,False,False,not necessarily an image or something I can easily express into words in order for it to convey meaning: rather its just memories flooding back through me... th,polygon_S2
polygon_S2,95,3,0.10897054523229599,0.95,80,False,False,this: I am in an open field – but there’s no grass or wildflowers around me; it doesn’t even seem natural! Everything looks artificial here… It seems too flat f,polygon_S2
polygon_S2,96,0,,0.9722222222222222,36,False,False,"not just these words but also an image – someone in their sleep standing outside holding a candle, looking out into darkness hoping for light or maybe even warm",polygon_S2
polygon_S2,97,0,,0.967741935483871,31,False,False,I can’t make any sense out of this for some reason it feels really good even when nothing makes logical sense but yet there seems too many things in here.,polygon_S2
polygon_S2,98,0,,1.0,2,False,False,her smile...,polygon_S2
polygon_S2,99,2,0.11809727549552917,0.9259259259259259,54,False,True,this: “In these lines we see images from many different cultures around the world.” You may find an image for yourself in these words (or perhaps not). Take som,polygon_S2
walk_w000_S2,0,2,0.151947021484375,0.975609756097561,41,False,False,nothing more than blank space for now I don’t even have any ideas yet how this could fit into your poetry! What do these words mean? How does one meditate on su,walk_w000_S2
walk_w000_S2,1,0,,1.0,5,False,False,this song by Pink Floyd:,walk_w000_S2
walk_w000_S2,2,0,,0.9904761904761905,105,False,False,some sort of snow storm with dark grey skies all around me but it's actually inside this dream I am having where there isn't any wind or cold just thick white f,walk_w000_S2
walk_w000_S2,3,2,0.2339649498462677,1.0,43,False,True,this poem I have memorized about 12 years ago when there was no internet access whatsoever so we had to learn poems by heart.. it's hard but also easy like coun,walk_w000_S2
walk_w000_S2,4,0,,1.0,18,False,False,this song which I’m reading on YouTube now (it just came up when playing with their playlist).,walk_w000_S2
walk_w000_S2,5,0,,1.0,13,False,False,all this gorgeousness…like some sort of paradise filled with love and joy!,walk_w000_S2
walk_w000_S2,6,2,0.1620957851409912,0.9692307692307692,65,False,False,not so much thoughts as sensations—images formed by sounds or smells: I feel like someone's blowing cold air on me; something hot falls into liquid from above (,walk_w000_S2
walk_w000_S2,7,0,,,0,False,False,…,walk_w000_S2
walk_w000_S2,8,2,0.10309252142906189,0.93,100,False,False,this: I am alone on top of some big mountain-like object looking over vast stretches of land – but they’re all flat! In front of me lies something like farmland,walk_w000_S2
walk_w000_S2,9,0,,1.0,66,False,False,"not the words but images: sleep walking among white trees on dark fields (which reminds me I need to plant some snowdrop bulbs), sitting beside two friends who ",walk_w000_S2
walk_w000_S2,10,0,,0.9577464788732394,71,False,False,"your body on this bed with me between us… how it feels so good when I hold both arms around like this (he moves them gently), but even better if we keep going f",walk_w000_S2
walk_w000_S2,11,2,0.06196039915084839,0.9183673469387755,98,False,True,this song from <em>The Winter</em> by The Mountain Goats… but I don’t know if it actually was written during or about any particular part of “Winter.” That does,walk_w000_S2
walk_w000_S2,12,0,,0.9285714285714286,14,False,False,this song from The Little Mermaid: Ariel’s Song - Part 3 (Long Version) [Disney] – YouTube,walk_w000_S2
walk_w000_S2,13,3,0.08062350749969482,0.9270833333333334,96,False,False,"not much more than I’d like it to be for me right now: exhaustion from work this week (this <i>week</i>….), plus some personal stuff going on that feels beyond ",walk_w000_S2
walk_w000_S2,14,3,0.12744927406311035,0.9368421052631579,95,False,True,not sleep nor sight but sound as well -- this poem contains both auditory perception <em>(as it’s reading aloud)</em> & musical notation: I feel myself become i,walk_w000_S2
walk_w000_S2,15,3,0.07289409637451172,0.9183673469387755,98,False,True,how we don’t always get everything done when we want it all or think about every detail as much as possible? This poem has been bouncing around in my head for m,walk_w000_S2
walk_w000_S2,16,1,0.0810626745223999,0.9484536082474226,97,False,False,not words or images but <strong><em>silence</em></strong>…a soundless space which becomes all present and infinite; where one feels suspended between heaven and,walk_w000_S2
walk_w000_S2,17,2,0.061170995235443115,0.9603960396039604,101,False,False,not poetry or even images from childhood but rather one particular image — I am laying on top of someone else’s chest as they sleep peacefully; his head leaning,walk_w000_S2
walk_w000_S2,18,3,0.22989951074123383,0.9354838709677419,93,False,True,this poem by Richard Wilbur: Sleepers. In it I recall being young but old enough — perhaps eleven or twelve years?  — when sleep was such bliss for me as no oth,walk_w000_S2
walk_w000_S2,19,2,0.12473493814468384,0.9830508474576272,59,False,False,how it would feel if we could all fall back into dreams right now! I imagine myself as this big cloud floating down with others out there too… A warm breeze fil,walk_w000_S2
walk_w000_S2,20,2,0.08290883898735046,0.9850746268656716,67,False,False,how often I’m so angry right now? At myself for being sad or frustrated about life when it could easily be worse! This thought helps me remember some things: an,walk_w000_S2
walk_w000_S2,21,0,,1.0,5,False,True,this poem by Edward Thomas:,walk_w000_S2
walk_w000_S2,22,1,0.04904848337173462,0.9484536082474226,97,False,False,"this: when I first heard about death or dying (before 12 years old), as soon as there was talk of leaving behind all earthly things – clothes we wore - objects ",walk_w000_S2
walk_w000_S2,23,1,0.3558233976364136,1.0,15,False,False,"this song by Leonard Cohen: ""Anthem,"" from The Future's so Bright! I Can Hardly Wait… (1967)",walk_w000_S2
walk_w000_S2,24,2,0.09884366393089294,0.979381443298969,97,False,False,"something I heard while reading Robert Duncan's poems: ""The body does not know how it lives."" We sleep because we don't remember living without this deep restfu",walk_w000_S2
walk_w000_S2,25,4,0.20456728339195251,0.9120879120879121,91,False,False,not images or thoughts; rather it's emotions: sleepiness/heaviness?  The thought seems as if I am falling back on myself again after having already gone this wa,walk_w000_S2
walk_w000_S2,26,2,0.07966330647468567,0.967391304347826,92,False,True,"this poem about sleepwalking; I'm imagining it being read aloud by someone who thinks they might have lost their marbles: ""thou shalt walk upon no land without ",walk_w000_S2
walk_w000_S2,27,2,0.11319530010223389,0.9479166666666666,96,False,False,this: <em>a woman’s body on her back</em> with two hands gripping its lower back like wings – or perhaps more appropriately as claws grasping for something with,walk_w000_S2
walk_w000_S2,28,3,0.07356331497430801,0.9504950495049505,101,False,False,all sorts of things I don’t understand about myself or life: why am I here? Why did we come into this world when someone else could have been born instead; how ,walk_w000_S2
walk_w000_S2,29,1,0.049763023853302,0.9558823529411765,68,False,True,: The darkness falls again tonight And I dream once more Of days long gone behind As far away as sky To me they seem now But it seems so soon That all has passe,walk_w000_S2
walk_w000_S2,30,0,,0.9333333333333333,15,False,False,being able to turn off all these distractions without having to physically use any objects…,walk_w000_S2
walk_w000_S2,31,6,0.1480480283498764,0.9456521739130435,92,False,False,"nothing but images as if they were dreams; for I cannot think clearly anymore:


“So we all stand here on this very edge between life and death,” says Peter who",walk_w000_S2
walk_w000_S2,32,3,0.13516192138195038,0.9484536082474226,97,False,False,this song from one of The Black Angels’ earlier albums.  The words come easily but I am not quite sure where they came from or how much sense there really is if,walk_w000_S2
walk_w000_S2,33,3,0.14136041700839996,0.9795918367346939,98,False,False,when I was younger (at least 5 years old) while playing with other children out by myself one day during recess or lunch break from school. A teacher caught me ,walk_w000_S2
walk_w000_S2,34,1,0.07752591371536255,0.9702970297029703,101,False,False,this: I am on vacation somewhere very far away from home (because it’s all-inclusive) with many friends who were meant for me but would never have been chosen b,walk_w000_S2
walk_w000_S2,35,0,,0.9310344827586207,29,False,True,this poem by Robert Frost: The Road Not Taken — <em>Two roads diverged in a yellow wood</em> (which was on one hand inspired by another poet’s work),walk_w000_S2
walk_w000_S2,36,5,0.30893057584762573,0.9438202247191011,89,False,True,"this poem by William Wordsworth: ""The Summer Evening."" I have always felt it was one of his most beautiful poems; how could anyone not love these lines? Here th",walk_w000_S2
walk_w000_S2,37,2,0.08064249157905579,0.9494949494949495,99,False,False,"one I used this morning during Yoga Practice; so thought it would serve as well here: The night sky fills up with stars all shimmering above us, they have been ",walk_w000_S2
walk_w000_S2,38,0,,1.0,11,False,True,this poem by William Wordsworth: I Wandered Lonely As A Cloud!,walk_w000_S2
walk_w000_S2,39,3,0.1386570781469345,0.9560439560439561,91,False,True,"this poem from Robert Frost’s ‘Stopping by Woods on a Snowy Evening’. His wife wrote: “When he saw snow there was something wild about it,” which may help expla",walk_w000_S2
walk_w000_S2,40,1,0.12376278638839722,0.9506172839506173,81,False,True,"this poem from <strong>WALT WHITMAN</strong> (1819-1910), one of America’s most famous poets: “Song Of Myself” – as it says on the first page! I don’t know if h",walk_w000_S2
walk_w000_S2,41,0,,1.0,30,False,False,not words or images but sensations; I feel cold air on skin from closing windows for comfort inside as it gets colder outside during this year’s unusually early,walk_w000_S2
walk_w000_S2,42,2,0.14666855335235596,0.9693877551020408,98,False,False,darkness — very dark almost black like ink or tar… but then there’s also green! It seems as if it contains two kinds of colors inside: one deep blue-black color,walk_w000_S2
walk_w000_S2,43,7,0.21475942432880402,0.9102564102564102,78,False,False,"this:


<blockquote>The snow-white moon lies on her bosom;</blockquote>




It would appear we're going back into spring now...






That image just came from ",walk_w000_S2
walk_w000_S2,44,0,,1.0,9,False,False,all this text on snowshoes I was doing today!,walk_w000_S2
walk_w000_S2,45,0,,1.0,7,False,False,sleep on these words (2019) by James Joyce,walk_w000_S2
walk_w000_S2,46,1,0.104827880859375,1.0,55,False,True,this poem by Rabindranath Tagore which has been used as source material for many other poems since it was first published nearly 100 years ago; but I am not sur,walk_w000_S2
walk_w000_S2,47,0,,0.9761904761904762,42,False,False,sleep: lying on your back with dreams coming from within; but also waking up every once in awhile (in cold sweat) so I have been thinking about it for weeks now,walk_w000_S2
walk_w000_S2,48,0,,0.9871794871794872,78,False,False,this: when your body feels like it’s not strong enough anymore – maybe because age or other causes make certain parts weaker than they used to be; if so then he,walk_w000_S2
walk_w000_S2,49,0,,0.9552238805970149,67,False,False,how it feels when I imagine myself falling asleep on top of these flowers — feeling like they’re embracing me as if they were soft pillows beneath which lies my,walk_w000_S2
walk_w000_S2,50,0,,1.0,1,False,False,this...,walk_w000_S2
walk_w000_S2,51,3,0.10725750774145126,0.9157894736842105,95,False,False,how much I’ve learned from this book—so many things about myself; about love; even life itself seems different after reading it for one week straight! We may sa,walk_w000_S2
walk_w000_S2,52,0,,0.9805825242718447,103,False,False,this image: I am walking down a hallway with someone else’s back view behind me as they turn out from where we met up for dinner last night; their silhouette mo,walk_w000_S2
walk_w000_S2,53,0,,0.9795918367346939,49,False,False,this scene: I am on top of Snow Mountain with friends who have just climbed up from behind me – one person above another as they move forward over some slippery,walk_w000_S2
walk_w000_S2,54,2,0.3184070587158203,0.9404761904761905,84,False,False,another body being born into this world for whatever reason… Maybe they’re going on tour with their first band or starting school? I don’t know! <em>Whatever it,walk_w000_S2
walk_w000_S2,55,2,0.3337627649307251,1.0,38,False,True,"this poem which I have been reading all day (my favorite section) about sleepiness on another page as well-


(sorry for quality..i've got 2 cats who think its ",walk_w000_S2
walk_w000_S2,56,2,0.0888093113899231,1.0,37,False,False,"your song - so much I know it by heart now.. But on another thought: do we really ever fall into sleep when everything stops around us? Or does this ""forgetfuln",walk_w000_S2
walk_w000_S2,57,3,0.07571518421173096,0.94,100,False,False,darkness; I am lost amidst it like one who has just fallen into deep sleep without waking up from a dream. The world seems bright because there’s no way out for,walk_w000_S2
walk_w000_S2,58,3,0.08897755295038223,0.9583333333333334,96,False,False,...a young woman with long black hair singing softly by candlelight as she moves about her room getting ready for bed after dinner.  There's only one other pers,walk_w000_S2
walk_w000_S2,59,3,0.08218002319335938,0.9690721649484536,97,False,False,this: I am standing on a beach somewhere warm with sand between my toes as gentle waves lap over them – beautiful blue ocean stretching out towards me from hori,walk_w000_S2
walk_w000_S2,60,7,0.14572174847126007,0.9021739130434783,92,False,False,": ""<em>what do I care if people hate me?</em>"" What's so bad about not being loved by others anyway?! Maybe it isn't even love they dislike... maybe its their o",walk_w000_S2
walk_w000_S2,61,1,0.11506158113479614,0.9647058823529412,85,False,True,cold wind rushing by me as I'm walking down some streets somewhere outside Moscow or Leningrad - there was no place like home for me but only when it came from ,walk_w000_S2
walk_w000_S2,62,1,0.16581106185913086,1.0,46,False,False,images from childhood; I hear voices shouting excitedly outside over Christmas lights or candy cane decorations – these noises have been long associated with th,walk_w000_S2
walk_w000_S2,63,1,0.0429455041885376,0.9615384615384616,104,False,False,how we were once children (not just physically but spiritually as well) when there was nothing on this planet more precious than family life! How much fun it co,walk_w000_S2
walk_w000_S2,64,4,0.10363294184207916,0.9347826086956522,92,False,False,this: when people come out from hiding or leave their safe places only for short periods we call them wanderers (not refugees). These days I am seeing so many e,walk_w000_S2
walk_w000_S2,65,0,,1.0,6,False,True,this poem by John Godfrey Saxe:,walk_w000_S2
walk_w000_S2,66,0,,0.9787234042553191,47,False,True,"nothing more than some random lines from one poem or another; but as I start writing them down with pencil-ink on paper (no pen), they take shape into something",walk_w000_S2
walk_w000_S2,67,4,0.17592273652553558,0.9484536082474226,97,False,False,another daydream- I am riding down some country road on horseback; there's lots of trees along side me so they block out most all sunshine but it feels warm any,walk_w000_S2
walk_w000_S2,68,3,0.0627942681312561,0.9484536082474226,97,False,False,something very warm…like being wrapped up with blankets when its cold outside; not too hot or uncomfortable but nice cozy warmth I just want it all around me….s,walk_w000_S2
walk_w000_S2,69,2,0.3530871570110321,0.9722222222222222,36,False,False,being held as baby by someone I love…a familiar face or smell coming closer than ever imagined; some soft caress on skin..maybe it’s even just hearing your voic,walk_w000_S2
walk_w000_S2,70,3,0.18872113525867462,0.9264705882352942,68,True,False,sleep — but with no memory of having fallen into it or how long I’ve been there… this state feels almost more dreamlike than reality..  My legs feel tired benea,walk_w000_S2
walk_w000_S2,71,3,0.1056612953543663,0.98989898989899,99,False,False,this: I need more sleep! Do not give me too much caffeine - let it seep into your bones while we’re napping together peacefully on weekends with pillows stacked,walk_w000_S2
walk_w000_S2,72,1,0.10300445556640625,0.9705882352941176,68,False,False,your work this morning as I saw it on Facebook (love all those images) but then there was something about not knowing which way things were going today until la,walk_w000_S2
walk_w000_S2,73,6,0.2583872973918915,0.9775280898876404,89,False,True,"this poem by Robert Frost titled ""The Pasture."" The first stanza opens with lines: ""... You sleep; your bed's too warm"". If I hadn't just come back from a cold ",walk_w000_S2
walk_w000_S2,74,1,0.09613406658172607,1.0,63,False,False,this: I am lying down on some soft bed or couch somewhere out there where it’s warm all year round because if not here then when? And yet sometimes these dreams,walk_w000_S2
walk_w000_S2,75,0,,1.0,30,False,False,nothing but darkness; just me lying on top of it with no way out or any idea where I am now except for thinking about how cold its getting here…,walk_w000_S2
walk_w000_S2,76,0,,1.0,7,False,True,this poem by John Keats: “In Autumn”,walk_w000_S2
walk_w000_S2,77,1,0.37109196186065674,0.9411764705882353,102,False,True,"snow on your bare skin (from “Your Bare Skin”). There’s not much I know about how these lines were written or even exactly when they came together, but it has a",walk_w000_S2
walk_w000_S2,78,5,0.17645969986915588,0.9702970297029703,101,False,True,this poem by John Keats. If I have your attention for even just one moment please sit quietly with me as we read it together using only imagination rather than ,walk_w000_S2
walk_w000_S2,79,0,,0.8333333333333334,6,False,False,the following: <i>(my translation)</i>,walk_w000_S2
walk_w000_S2,80,2,0.07337498664855957,0.9595959595959596,99,False,False,not necessarily exactly right or wrong but just something different than I usually think about when meditating on this passage… so many thoughts come to me as s,walk_w000_S2
walk_w000_S2,81,2,0.12275376915931702,0.9710144927536232,69,False,True,not your head or body but this little girl child with her hair loose from it's braid around her shoulders as she walks down some hill perhaps? I know nothing ab,walk_w000_S2
walk_w000_S2,82,1,0.07609689235687256,0.9696969696969697,99,False,False,"how I spent today: running errands around Seattle with no real direction or goal (except visiting one bookstore), then getting out into nature by walking along ",walk_w000_S2
walk_w000_S2,83,1,0.12647205591201782,0.9907407407407407,108,False,True,this poem by Elizabeth Bishop about how she used snow on her shoes while walking across Brooklyn Bridge during some kind of storm? Maybe it was just plain old J,walk_w000_S2
walk_w000_S2,84,2,0.16474279761314392,0.8666666666666667,60,False,False,"this picture by Richard Diebenkorn:


This image was created for his series “Ocean Park”. It’s said he painted it shortly after moving into his new house on Oce",walk_w000_S2
walk_w000_S2,85,3,0.25237295031547546,0.96875,96,False,True,this beautiful passage from Keats’s letter describing his poem “To Autumn”. The first 4 lines seem like they might describe your waking dreams: snowy-feet? That,walk_w000_S2
walk_w000_S2,86,3,0.13260973989963531,0.953125,64,False,True,something we all experience as young people when it's cold outside: wanting to play but being too scared or not having enough clothes/warm blankets etc.. This p,walk_w000_S2
walk_w000_S2,87,3,0.14018259942531586,0.9333333333333333,90,False,False,"this:

In 2016 I read The Wind-Up Bird Chronicle by Murakami Haruki for one bookclub class session as part of “The Year of Asian Literature.” Reading it with th",walk_w000_S2
walk_w000_S2,88,1,0.1610376238822937,0.9761904761904762,42,False,True,this poem by Robert Frost called The Road Not Taken! I’ve been thinking about these lines since yesterday when he was on one side (taking) taking some path or o,walk_w000_S2
walk_w000_S2,89,0,,0.979381443298969,97,False,False,not some image out there but all images taken up into it so as now I am everything: The wind sighing; night's passing on its way from day; snow dancing with fir,walk_w000_S2
walk_w000_S2,90,2,0.37199217081069946,1.0,17,False,False,this last part. So much suffering yet I am thankful for another chance today.. thank u god...,walk_w000_S2
walk_w000_S2,91,3,0.17658071219921112,0.9791666666666666,96,False,False,a forest I was visiting with some friends recently where it seemed like all there was were trees everywhere... no grass or flowers for miles around.  The air sm,walk_w000_S2
walk_w000_S2,92,1,0.14298081398010254,0.9464285714285714,56,False,False,"not necessarily ""what I"" am thinking about but rather how it feels within me now as I lie down again after waking from this dream-like sleep on your shoulder; b",walk_w000_S2
walk_w000_S2,93,1,0.08329558372497559,0.956989247311828,93,False,False,":  sleepiness; cold weather (although this isn’t just for me), I love it! Snow/winter flowers – all pretty things like daffodil yellow or purple with white dots",walk_w000_S2
walk_w000_S2,94,2,0.10503003001213074,0.975,80,False,False,not “sleep.” It’s just…not there anymore? I do dream occasionally but they tend toward being very specific things: places or people — maybe even animals (cats).,walk_w000_S2
walk_w000_S2,95,1,0.10781311988830566,0.9807692307692307,52,False,False,this: I am falling into oblivion while holding on tightly by threads made up of hope & belief. My legs have no strength anymore but somehow these strands anchor,walk_w000_S2
walk_w000_S2,96,1,0.14241433143615723,1.0,54,False,False,not just these words but also all images associated with them: snow falling on pine trees; moonlight shimmering off the river; night owls hooting across fields ,walk_w000_S2
walk_w000_S2,97,0,,1.0,110,False,False,I am alone on this beach with nothing but cold sand between me and it so when night falls everything fades from view except for her face which grows brighter as,walk_w000_S2
walk_w000_S2,98,2,0.0651601254940033,0.9801980198019802,101,False,True,this: it's morning again but nothing has changed since last night except how I feel today about everything which yesterday had me so concerned with. Yesterday w,walk_w000_S2
walk_w000_S2,99,1,0.07897573709487915,0.9803921568627451,51,False,False,this: “And I wake up every day feeling like we were just starting over.” It feels so good not knowing where tomorrow will take us; it’s liberating but also scar,walk_w000_S2
walk_w040_S2,0,2,0.15119928121566772,0.9871794871794872,78,False,False,nothing more than that I am going about my business: washing dishes; eating breakfast (for some reason there’s just something wrong with oatmeal porridge); read,walk_w040_S2
walk_w040_S2,1,2,0.1383916437625885,0.9479166666666666,96,False,False,that song by Pink Floyd: “On a grey rainy day.” It doesn’t matter if your weather isn’t exactly like mine — or whether we feel rain today versus tomorrow; just ,walk_w040_S2
walk_w040_S2,2,0,,0.9743589743589743,39,False,True,some sort of snow scene with a person walking slowly in whiteout conditions or something like that but I have no idea where any of these lines come from other t,walk_w040_S2
walk_w040_S2,3,2,0.18731310963630676,0.96,100,False,False,that I’m sitting in front of an icebox with some kind of food inside—an egg white or cream cheese pie perhaps? Or possibly something like hot pudding cake from ,walk_w040_S2
walk_w040_S2,4,3,0.16179250180721283,0.8888888888888888,72,False,False,that song which starts like “The sun shone so bright today”. What does come up with me first when I am thinking about Christmastime? For some reason right now (,walk_w040_S2
walk_w040_S2,5,3,0.09522642940282822,0.9690721649484536,97,False,False,all that we lost today – The first snowstorm in Boston after 1890 or so…. It brings back some fond memories from childhood but also leaves me with an overwhelmi,walk_w040_S2
walk_w040_S2,6,3,0.0678536668419838,0.95,100,False,True,not so much an image but rather feelings that come over me as I remember lines like these from Yeats’ poem “Among School Children.” It doesn’t need images – jus,walk_w040_S2
walk_w040_S2,7,2,0.100576251745224,0.9292929292929293,99,False,False,that scene from Star Wars where Luke stands over Vader’s burning body while he plays Leia in her head: <em>We were so different back when we first met</em>… A f,walk_w040_S2
walk_w040_S2,8,2,0.0850134789943695,0.9782608695652174,92,False,False,“winter.” I’m reminded that we live in an area where winters have been extremely cold — even colder than most people living here realize (see last blog post). A,walk_w040_S2
walk_w040_S2,9,1,0.06172633171081543,1.0,102,False,True,always the same thing:  A cold snowy day where all feels silent yet alive with magic that I cannot put into words but which seems like something so familiar in ,walk_w040_S2
walk_w040_S2,10,1,0.1627417802810669,0.9661016949152542,59,False,True,"your body—in particular, these lines from Robert Frost’s “Birches.” The imagery in those last three stanzas brings me right back into childhood days when I was ",walk_w040_S2
walk_w040_S2,11,1,0.24084144830703735,1.0,28,False,False,just words from that song (by Emily Dickinson). It’s so beautiful yet sad — if I was ever going to sing one thing today or any time in 2016 …,walk_w040_S2
walk_w040_S2,12,1,0.059776484966278076,0.9523809523809523,42,False,False,that there's no one who loves me like I do myself so now in order to get ready when she returns home from her travels with her friends... She needs something ve,walk_w040_S2
walk_w040_S2,13,2,0.2606604993343353,0.8888888888888888,54,False,False,"not much in common with words that I have read from other sources or thought about myself:

“Yet we need no special occasion; God himself sends us many signals ",walk_w040_S2
walk_w040_S2,14,1,0.06405168771743774,0.9591836734693877,98,False,False,"not sleep nor sight but sound as well -- that in some dreams we do hear something, an insistent ringing or buzzing or humming heard from somewhere offstage whic",walk_w040_S2
walk_w040_S2,15,0,,0.9642857142857143,28,False,False,an open field full of snow covered ground with bare branches of trees all around me as I sit here in quiet contemplation enjoying such beautiful peaceful surrou,walk_w040_S2
walk_w040_S2,16,2,0.12137898802757263,0.9322033898305084,59,False,False,not words or images but <strong><em>silence</em></strong> that has been filled with thoughts about nature… I am reminded once again why we need spaces like thes,walk_w040_S2
walk_w040_S2,17,1,0.16657060384750366,1.0,29,False,False,not poetry but science - I have spent nearly thirty years studying both in depth (a Ph.D.) yet there's no doubt about that other voice speaking from within me..,walk_w040_S2
walk_w040_S2,18,1,0.22067177295684814,1.0,28,False,False,"not words or thoughts but pictures that I would have drawn if we had been using paper rather than an audio file:


(click here for a bigger version)",walk_w040_S2
walk_w040_S2,19,3,0.08226191997528076,0.9693877551020408,98,False,False,only darkness—a deep black that absorbs all colors into itself until nothing but pitch blackness remains in your visual world. It’s so dark there isn’t even any,walk_w040_S2
walk_w040_S2,20,1,0.12535011768341064,0.975609756097561,41,False,True,that little poem about snow being born out of death. When I read those lines aloud they sound like something written by someone who has suffered an emotional lo,walk_w040_S2
walk_w040_S2,21,0,,0.9693877551020408,98,False,False,"that I am in your embrace (a blanket over us), warm from being snuggled up against one another as we were last night when sleep overtook us… And now there’s sno",walk_w040_S2
walk_w040_S2,22,0,,1.0,64,False,False,an old friend I haven't seen in years who sits outside waiting for me with her hands wrapped around ice cold tea bags that she pours into glasses so he doesn't ,walk_w040_S2
walk_w040_S2,23,0,,0.9807692307692307,52,False,False,that we have been told in many ways throughout life not to worry about tomorrow so often because worrying causes us unnecessary pain or distress but today I am ,walk_w040_S2
walk_w040_S2,24,0,,0.9117647058823529,34,False,False,that I am in some sort experiencing (or not) another dimension — one where everything just makes sense but doesn’t quite make me feel good or bad; an intermedia,walk_w040_S2
walk_w040_S2,25,2,0.08109870553016663,0.9705882352941176,102,False,False,not images or thoughts that have occurred in daily life but something I saw as an impression from earlier times when there was snow outside: The white-light col,walk_w040_S2
walk_w040_S2,26,0,,1.0,3,False,False,one word: sleep…,walk_w040_S2
walk_w040_S2,27,2,0.09527754783630371,0.9705882352941176,102,False,True,that I am lying in bed with someone by me who feels good when they touch me - like one big melting chocolate bar (which isn't actually something anyone says but,walk_w040_S2
walk_w040_S2,28,2,0.229252427816391,0.8809523809523809,42,False,False,"""Sleep Like A Child"" by Kate Bush (1980)



<blockquote>Quote:Kate released her fourth album in 1979 with “The Dreaming”, which she followed up four years later",walk_w040_S2
walk_w040_S2,29,3,0.13203950226306915,0.9583333333333334,96,False,False,": The sea has no colors in its depths? You do not walk with your head down; but look ahead, as if looking toward something great beyond yourself or even past de",walk_w040_S2
walk_w040_S2,30,0,,0.9117647058823529,34,False,False,"that I should open them again, so when they do re-open all things seem different in some kind of 3D/4D perspective (it’s like looking down from above instead of",walk_w040_S2
walk_w040_S2,31,1,0.103232741355896,0.99,100,False,False,nothing but images as if they were dreams in which I was trying to sleep away all thoughts when suddenly an image so clear that its depth seems more real than a,walk_w040_S2
walk_w040_S2,32,2,0.16172829270362854,0.9591836734693877,49,False,False,that song from Disney’s Hercules: What would I do without You? The lyrics have always been meaningful in their own right (even when they aren't sung as if your ,walk_w040_S2
walk_w040_S2,33,1,0.051859140396118164,0.98,100,False,False,when I was younger (at least 5 years old) while playing with other children out back in one particular neighborhood where we always played all day long until di,walk_w040_S2
walk_w040_S2,34,1,0.04937887191772461,0.8961038961038961,77,False,False,something I was told many years ago when first reading about death: “There’s no need to think that your loved one won’t get sick again.” That doesn’t mean they ,walk_w040_S2
walk_w040_S2,35,1,0.09718000888824463,0.9186046511627907,86,False,False,"an old movie from 1935 called “Mutiny on the Bounty,” in which Marlon Brando plays Fletcher Christian (which was his real name) who staged one of history’s most",walk_w040_S2
walk_w040_S2,36,3,0.1280135065317154,0.9213483146067416,89,False,False,"just one thing: an image from ""The Odyssey"". I have always felt that was part of Odysseus's genius - he could adapt so well in different situations. The best ex",walk_w040_S2
walk_w040_S2,37,0,,1.0,20,False,False,that I want some more time alone in nature soothed by wind and rain with music playing nearby as well,walk_w040_S2
walk_w040_S2,38,2,0.13879474997520447,0.9594594594594594,74,False,True,that poem by Gerard Manley Hopkins I shared with y’all last week (see here). So if those lines didn’t come readily into your head or heart when reading them alo,walk_w040_S2
walk_w040_S2,39,0,,1.0,90,False,False,only that I am in bed all alone with nothing else but some warm blankets around me trying to sleep when suddenly an angel has appeared from heaven above bringin,walk_w040_S2
walk_w040_S2,40,1,0.053067922592163086,0.9893617021276596,94,False,False,that there’s more beauty than I knew could ever exist in these simple things – like snowdrifts with little windows made by frost or an evergreen tree as if wait,walk_w040_S2
walk_w040_S2,41,3,0.17297697067260742,0.9767441860465116,86,False,False,an open space—a place with no end or beginning that exists in eternity; not bound by time but always here because there’s nothing else like him who created ever,walk_w040_S2
walk_w040_S2,42,2,0.10423067212104797,0.9444444444444444,90,False,False,not anything that happened in real life but rather an experience I had when trying out some new makeup techniques during one evening with friends two summers ag,walk_w040_S2
walk_w040_S2,43,1,0.08107578754425049,0.9166666666666666,96,False,False,<em>The Sound of Music</em> as I am transported back in time (or maybe not)to another world: Austria circa WWII; Maria Von Trapp teaching her kids that life goe,walk_w040_S2
walk_w040_S2,44,1,0.04009765386581421,1.0,66,False,True,all that I have described in these lines- snow lying heavy upon everything outside; sleep inside (a state which has just begun) followed by forgetting even when,walk_w040_S2
walk_w040_S2,45,1,0.058036208152770996,0.9387755102040817,98,False,False,an old black woman (an image that came into consciousness) who has been living in her basement all these years while the rest of us have lived aboveground – I i,walk_w040_S2
walk_w040_S2,46,1,0.052867889404296875,0.9882352941176471,85,False,False,that I'm not in bed but instead am sitting outside by firelight as if watching an old movie playing out with no soundtrack (or maybe there was just me). The nig,walk_w040_S2
walk_w040_S2,47,3,0.2062569111585617,0.9166666666666666,84,False,False,that scene from Lord of the Rings where Aragorn wakes up in Moria after being frozen with Sam by freezing cold magic... so I just visualized me waking up as if ,walk_w040_S2
walk_w040_S2,48,4,0.15594568848609924,0.9456521739130435,92,False,False,an idea from some random song: “When we were young was all there was”. I remember something like that in 1987 or so when Prince played live as part of his Sign ,walk_w040_S2
walk_w040_S2,49,0,,1.0,5,False,False,"only one phrase: ""winter's death"".",walk_w040_S2
walk_w040_S2,50,7,0.20513486862182617,0.9354838709677419,93,False,True,"not an answer but instead questions: why did I write “Yet My Poor Vessel”?, was that even written in English? How would one describe <em>my</em> feelings when w",walk_w040_S2
walk_w040_S2,51,0,,1.0,8,False,False,"""The Winter,"" by Robert Browning - an excerpt below:",walk_w040_S2
walk_w040_S2,52,0,,1.0,27,False,False,I think he might just die in his sleep during an operation one night from lack of anesthesia/sedation or that there was something about heart failure?,walk_w040_S2
walk_w040_S2,53,1,0.08202856779098511,0.98,100,False,False,that I've been told there were once two men in one body: twin brothers from India who lived most of their lives as separate people but sometimes merged into 1 p,walk_w040_S2
walk_w040_S2,54,0,,1.0,25,False,False,another form that I have recently made available online: https://www.dropbox.com/s/7h2g6039c48t5d1/meditation-on-death%20-%20a%20visualized_meditate...,walk_w040_S2
walk_w040_S2,55,2,0.12406307458877563,0.96875,64,False,False,in these words from John Keats: ‘Come yet! I cannot promise now whether that same night or evermore.’  We dreamless sleep today as we do with every day but ther,walk_w040_S2
walk_w040_S2,56,4,0.13925166428089142,0.978021978021978,91,False,True,an image that I've been thinking about since reading your poem today--which actually brings me back around to another point from earlier: something in its natur,walk_w040_S2
walk_w040_S2,57,0,,1.0,26,False,False,an abstract painting that I saw in Paris one day - just such colors; but without any words (it would have been impossible to translate those lines).,walk_w040_S2
walk_w040_S2,58,3,0.18892256915569305,0.9775280898876404,89,False,False,an image that feels like another time in itself yet somehow familiar too: <strong>The Last Supper</strong> by Leonardo da Vinci (1495-6). There’s so many things,walk_w040_S2
walk_w040_S2,59,1,0.11625063419342041,0.9666666666666667,90,False,False,"an image I had in high school when studying Latin (although not actually looking into Roman literature): we were discussing Horace’s “Odes,” which was first com",walk_w040_S2
walk_w040_S2,60,0,,0.9302325581395349,43,False,False,": ""Yet I know that even if there's no life beyond death or afterlife, in every single breath we take – now —– here right now …there’s an opportunity; whether co",walk_w040_S2
walk_w040_S2,61,1,0.07737892866134644,0.9891304347826086,92,False,False,cold wind that cuts across snow fields in an open space where I walk after skiing or walking over snowy ground; but always there's something else besides just p,walk_w040_S2
walk_w040_S2,62,3,0.09097746759653091,0.9787234042553191,94,False,False,"an image which I am not sure if it's actually there or in my head; where do your dreams come from? Do we just make them up as they happen during sleep, because ",walk_w040_S2
walk_w040_S2,63,1,0.12328338623046875,0.9491525423728814,59,False,False,that we cannot trust anyone (not even yourself). As if someone else was there beside me in bed with me as I drifted off into sleep … or just like an illusion cr,walk_w040_S2
walk_w040_S2,64,0,,1.0,93,False,False,an image that has haunted me since childhood: A man holding in his arms two babies lying supine beside him with their heads tucked into pillows while he gently ,walk_w040_S2
walk_w040_S2,65,3,0.20074462890625,0.97,100,False,False,"snow, or ice? What image does that conjure up in your brain’s eye as well? I feel some cold coming down over me; but not so much like falling rain which always ",walk_w040_S2
walk_w040_S2,66,2,0.08602777123451233,0.98,100,False,False,an empty field that looks like snow but was just planted with grass seed over the summer as I walk by from time to time in September checking if they sprouted y,walk_w040_S2
walk_w040_S2,67,1,0.08433115482330322,0.9901960784313726,102,False,False,an old man that looks like he’s just returned from his own funeral – wearing all black with nothing in him but grief. The sound goes quiet so I try harder to li,walk_w040_S2
walk_w040_S2,68,1,0.06102198362350464,0.963855421686747,83,False,False,an image that I’m seeing from behind closed eyelids; perhaps not just inside your head but elsewhere… in some sort of “inner-space” or another dimension? This s,walk_w040_S2
walk_w040_S2,69,2,0.08523532748222351,0.91,100,False,False,being held by an older woman in her arms with dark curly hair that smells like gardenias or honeysuckle but isn’t actually sweet smelling — maybe she had been e,walk_w040_S2
walk_w040_S2,70,0,,1.0,72,False,False,a snow-covered landscape with trees that appear frozen in time against an icy blue sky overhead – or so I imagine them being as they seem not real but rather ma,walk_w040_S2
walk_w040_S2,71,2,0.18496331572532654,0.9436619718309859,71,False,True,that I am in bed looking up into space thinking about time passing me by like an elephant walking backwards out of memory… And yet not really going anywhere.. <,walk_w040_S2
walk_w040_S2,72,2,0.1683516800403595,0.9574468085106383,94,False,False,that in which I am most afraid-not only because if something were really there or could happen; but because not enough attention has been paid by all those who ,walk_w040_S2
walk_w040_S2,73,2,0.15800738334655762,0.9583333333333334,96,False,False,an image that I cannot remember where or when came from but seems so familiar as if it was already part of me (as something we all know subconsciously). The sce,walk_w040_S2
walk_w040_S2,74,1,0.10881310701370239,0.9901960784313726,102,False,False,that I am standing in some kind of cathedral with columns supporting its domed ceiling – there’s nothing else as such but those pillars rising up into arches to,walk_w040_S2
walk_w040_S2,75,0,,0.9907407407407407,108,False,False,nothing but an endless ocean stretching as far back in time or forward into space that I cannot remember nor could possibly describe its depth or breadth any mo,walk_w040_S2
walk_w040_S2,76,3,0.14972949028015137,0.9247311827956989,93,False,True,that poem by John Keats above – “To Autumn” . As I listen in these days as we have been doing here again with some changes due to covid 19  (which really isn’t ,walk_w040_S2
walk_w040_S2,77,1,0.1640217900276184,1.0,43,False,False,snow… so much more beautiful than rain or hail as that would destroy things in its path.. but here I am just lying down staring up into an overcast sky watching,walk_w040_S2
walk_w040_S2,78,1,0.11635208129882812,0.9473684210526315,95,False,True,an image from John Singer Sargent’s portrait (1895) <em>A Portrait of Alice Gwynne Ward</em> – she sits beneath heavy drapery in front of which lies another fig,walk_w040_S2
walk_w040_S2,79,0,,0.875,8,False,False,the following: <i>(my translation from French)</i>,walk_w040_S2
walk_w040_S2,80,1,0.055390119552612305,0.9418604651162791,86,False,True,not necessarily from that poem or even something I read recently — but instead an image in “The Dark Side.” For those who do not know: It’s about the time when ,walk_w040_S2
walk_w040_S2,81,5,0.10334547609090805,0.9042553191489362,94,False,False,that we often feel fear because our minds try so hard to make sense of things in life — including death! We want answers like “Why do I die?” or “What happens w,walk_w040_S2
walk_w040_S2,82,5,0.20010964572429657,0.956989247311828,93,False,False,"an owl sitting out in front staring blankly into nothing with those glowing red eye sockets...


What do I know about owls? (as usual) Nothing really! Except th",walk_w040_S2
walk_w040_S2,83,2,0.05291438102722168,0.9411764705882353,102,False,False,that there was once something about me in particular I loved—or perhaps even cherished or held dear? But as much as we have tried not to remember such things he,walk_w040_S2
walk_w040_S2,84,1,0.33288323879241943,1.0,13,False,False,"that picture by Richard Diebenkorn:


A little white bird sits in your hand…",walk_w040_S2
walk_w040_S2,85,1,0.24301469326019287,0.9807692307692307,52,False,False,that beautiful quote from Keats’s letter: “To an Infinitely Beautiful Young Lady”.  It made me think about all those people who have been wronged in so many way,walk_w040_S2
walk_w040_S2,86,4,0.17817087471485138,0.9195402298850575,87,False,False,something we all experience as young people when life seems less certain: “Do I really have time?” What do <em>they</em> know? Can’t they just wait till tomorro,walk_w040_S2
walk_w040_S2,87,0,,1.0,61,False,False,not so much an image as that feeling when I try to remember some time where everything seemed right in the world again but somehow all those moments came togeth,walk_w040_S2
walk_w040_S2,88,0,,0.9047619047619048,42,False,False,the story from <em>The Secret Garden</em> about Dickon showing Mary Lamb flowers that grow in secret places – he was able to tell her so much by touching them o,walk_w040_S2
walk_w040_S2,89,2,0.06502044200897217,0.945054945054945,91,False,False,an old friend I used to know - well-meaning but rather annoyingly naive in his understanding of life itself; with every new experience he expected some big mean,walk_w040_S2
walk_w040_S2,90,2,0.09693700075149536,0.958904109589041,73,False,False,that last part about laughing at sadnesses. I feel like if there was one thing in life to learn from all this talk about love being everywhere but not really fo,walk_w040_S2
walk_w040_S2,91,2,0.15837419033050537,0.9368421052631579,95,False,False,a forest I was in recently as part of an outdoor writing retreat called <em>Rites & Rites</em> run by artist/writer John McWhorter (who also teaches creative no,walk_w040_S2
walk_w040_S2,92,4,0.12379346787929535,0.9318181818181818,88,False,False,"not necessarily ""right,"" but I do notice these things: first that he's in his underwear (underwear?) - although if they were actually white sheets we wouldn't h",walk_w040_S2
walk_w040_S2,93,0,,0.8888888888888888,18,False,False,":  The Earthly Paradise (from ""Paradise Lost"") by John Milton - https://www.poetryfoundation.org/poems-and-poets/poems/detail/45389",walk_w040_S2
walk_w040_S2,94,2,0.08896073698997498,0.9504950495049505,101,False,False,not “sleep.” It’s an image that I saw in one of the pictures we painted: snow being poured into rivers from atop a high cliff or mountain ridge (wherever trees ,walk_w040_S2
walk_w040_S2,95,1,0.2104162573814392,0.9782608695652174,46,False,False,that I am falling from height up in some beautiful mountains or into an ocean so deep where only sharks might swim beneath me until the end when no one knows no,walk_w040_S2
walk_w040_S2,96,1,0.04078030586242676,0.9404761904761905,84,False,False,"not just these words but also an image – someone in their seventies or eighties holding a cup, looking out into your future (like that guy from 20 years ago), s",walk_w040_S2
walk_w040_S2,97,2,0.11718118190765381,0.95,60,False,False,that I’m going somewhere warm with friends or lovers—maybe just hanging out around campfires in the desert during daylight hours? There might even be some danci,walk_w040_S2
walk_w040_S2,98,2,0.11634421348571777,0.967741935483871,93,False,False,"1983 when I was in college studying classical composition (mostly harmony), but also took several literature classes as well -- including one class where we stu",walk_w040_S2
walk_w040_S2,99,2,0.18636667728424072,1.0,74,False,False,"that I need these meditations so much more than ever right now because as we near Winter Solstice and all its meaning with loss, death & dark energy rising up… ",walk_w040_S2
walk_w070_S2,0,1,0.07638263702392578,0.9354838709677419,62,False,False,"nothing more than that I am going about my business: washing dishes; eating breakfast (for someone), taking care of kids… Then there’s a voice in me saying “<em",walk_w070_S2
walk_w070_S2,1,1,0.18283283710479736,0.9538461538461539,65,False,False,"that song by Pink Floyd: “On Time”, from The Wall album (1979). I remember hearing it at school in 8th grade and being fascinated with its sound as well as lyri",walk_w070_S2
walk_w070_S2,2,0,,0.9666666666666667,30,False,False,"in fact an image of God: he has all power over everything – from where I am standing, even time itself seems suspended while I reflect on that truth about Him.",walk_w070_S2
walk_w070_S2,3,0,,0.9850746268656716,67,False,False,that I’m sitting in class at UCLA with all those guys staring up or down from where they sit—their feet dangling over edge of seats; heads tilted back like hawk,walk_w070_S2
walk_w070_S2,4,4,0.24452418088912964,0.875,96,False,False,"that song by John Prine entitled “Angel From Montgomery.”  The first verse of which reads:<em> </em>


<blockquote><strong>He’s been in Alabama all these years<",walk_w070_S2
walk_w070_S2,5,0,,0.9468085106382979,94,False,False,all that I am not – The people whom do no good for me or others; those who think they’re doing better than everyone else (including myself); Those with an agend,walk_w070_S2
walk_w070_S2,6,0,,0.9850746268656716,67,False,False,not of death or despair but that all I do feels like something done from within an inner space where time seems unmeasurable; so long as eternity endures only t,walk_w070_S2
walk_w070_S2,7,2,0.07399904727935791,0.989010989010989,91,False,False,"that I should go back into sleep as quickly as possible - because something's not right in here? The lines above don't really connect for me at all, or maybe th",walk_w070_S2
walk_w070_S2,8,0,,0.98989898989899,99,False,False,not your face but an image of water:  a deep sea that swallows up all color; black waves rippling out past me toward infinity in front—it seems like eternity un,walk_w070_S2
walk_w070_S2,9,1,0.06805038452148438,1.0,91,False,False,"always the same thing: waking up in another bed, on an alien mattress made out of strange material with unfamiliar textures that feel like cold wax or old leath",walk_w070_S2
walk_w070_S2,10,1,0.06976926326751709,0.9722222222222222,72,False,False,your body on that bed with me between us…it’s so good because I feel connected in every part of myself—we make such wonderful love together! The sound can get l,walk_w070_S2
walk_w070_S2,11,3,0.09772833436727524,0.9444444444444444,90,False,False,just words from that song: <em>“Come on utter… You must make yourself feel better.”</em> I was in another place at first – like waking up in someone else’s drea,walk_w070_S2
walk_w070_S2,12,3,0.0900820717215538,0.963855421686747,83,False,False,"that there's no need for me to write anymore - I just got an offer from another publishing house: ""Dear Author,"" says they (paraphrasing), ""we accept your book ",walk_w070_S2
walk_w070_S2,13,3,0.12086407095193863,0.9782608695652174,92,False,True,not much of anything in particular – yet there’s something inside me that keeps working on these two phrases “wake up sleepy head” & “it takes time for people”.,walk_w070_S2
walk_w070_S2,14,0,,1.0,74,False,False,not sleep nor sight but dream as well of that in which dreams must end so easily fade away for only with death do I get to return again home at peace while thes,walk_w070_S2
walk_w070_S2,15,1,0.30220329761505127,1.0,28,False,False,an open field at night – full of stars… I’m not sure if that was in response to “our faintest dream has been fulfilled.” My best guess: yes?,walk_w070_S2
walk_w070_S2,16,0,,0.9428571428571428,35,False,False,not words or images but <strong><em>silence</em></strong> that has been filled with thoughts for so long I can’t remember an absence of them ever having existed,walk_w070_S2
walk_w070_S2,17,1,0.06594336032867432,0.98989898989899,99,False,False,not that I am falling off into sleep but of an image seen in dreams at night: two girls running across frozen ground holding on tightly with icy hands as if cli,walk_w070_S2
walk_w070_S2,18,1,0.05923992395401001,0.9714285714285714,70,False,False,not sleep but rather that place of transition between waking dreams (where I always wake up) and when in bed drifting off into deep slumber: where things seem a,walk_w070_S2
walk_w070_S2,19,2,0.20154538750648499,0.9595959595959596,99,False,False,of course: sleep! The concept itself has always been mysterious for me–what happens when I doze off? When do dreams start or stop occurring again if they don’t ,walk_w070_S2
walk_w070_S2,20,1,0.05533897876739502,0.9560439560439561,91,False,True,that little poem about sleep being formless and full of dreams in which there’s no telling where your head can go so when I heard an invitation at 8:30 last nig,walk_w070_S2
walk_w070_S2,21,2,0.18538698554039001,0.9782608695652174,46,False,False,that I can almost hear them singing as they dance in front of me like flowers dancing on water or children playing around fireflies… (or something.) And so now ,walk_w070_S2
walk_w070_S2,22,0,,1.0,17,False,False,: I've never seen anything so beautiful in all of history—nothing that even equals as much beauty!,walk_w070_S2
walk_w070_S2,23,0,,0.9473684210526315,57,False,False,"that song by Leonard Cohen: ""Anthem,"" which I used in place of sleep music for many years until he passed away last year — but now no longer seems suitable; som",walk_w070_S2
walk_w070_S2,24,2,0.07728126645088196,0.99,100,False,False,"of that old man who was in love with her aunt’s sister once upon a time… he thought she had died when they left Paris for good, but now after all these years th",walk_w070_S2
walk_w070_S2,25,1,0.05692946910858154,0.9859154929577465,71,False,False,not images or thoughts that I can recall but emotions which seem foreign: melancholy; despair at all of those who come in between us (not just lovers) while the,walk_w070_S2
walk_w070_S2,26,1,0.07234716415405273,0.967741935483871,62,False,False,"that when I’m reading or trying to study something in particular (e.g., writing poetry) but am just generally distracted — not by anything specific necessarily,",walk_w070_S2
walk_w070_S2,27,2,0.08404254913330078,0.9587628865979382,97,False,False,"that I am lying in bed with someone by me who just woke up, talking sleepily about something or other – maybe he’s trying to decide whether breakfast was so goo",walk_w070_S2
walk_w070_S2,28,1,0.05724877119064331,0.9791666666666666,96,False,False,all that has happened in life: The good times with family; being happy on vacations when I was younger than now! But there's another side-looking back at things,walk_w070_S2
walk_w070_S2,29,1,0.3306119441986084,0.9204545454545454,88,False,True,of course the poem by Sylvia Plath ‘Ariel’. If I had known that she was going to end her life just days after composing these lines for her collection Ariel on ,walk_w070_S2
walk_w070_S2,30,2,0.08015501499176025,0.9387755102040817,98,False,False,"that I should open them again, so when they do not come easily—let me say now with gratitude: <em>Thank You for opening up just enough</em>. My body feels relax",walk_w070_S2
walk_w070_S2,31,2,0.1116301417350769,0.9875,80,False,False,nothing but an intense desire for connection; with people or places that I cannot reach yet feel distant from - even as if they exist in another world… which ma,walk_w070_S2
walk_w070_S2,32,3,0.07809001207351685,0.9489795918367347,98,False,False,"that song from “The Little Mermaid”, about Ariel wanting all of her mermaid dreams come true… but she’s stuck on land! She can never go back in the sea again – ",walk_w070_S2
walk_w070_S2,33,5,0.2361791431903839,0.9397590361445783,83,False,True,"when I was younger (at least 5 years old) while watching “The Simpsons” with Lisa singing along in her head saying:  “It’s like that song from ‘South Park’, rig",walk_w070_S2
walk_w070_S2,34,2,0.06061428785324097,0.9295774647887324,71,False,False,something I was told on day when someone said “When your dreams start talking that means they’re coming true.” And because of course there might actually not ev,walk_w070_S2
walk_w070_S2,35,3,0.09397947788238525,0.9897959183673469,98,False,False,of things that I am seeing as if in real time: images passing by on a wall or overhead; scenes from movies playing on an electronic screen like TV shows - where,walk_w070_S2
walk_w070_S2,36,1,0.06827288866043091,0.9746835443037974,79,False,False,just an array of thoughts floating around in my head – nothing coherent or focused on any single item (not even really connected). It’s like everything I do now,walk_w070_S2
walk_w070_S2,37,3,0.13721846044063568,0.9382716049382716,81,False,False,that I am watching an old black-and-white film from 1968 about William Blake’s vision of Jerusalem being attacked by angels when he was nine years old. (Here in,walk_w070_S2
walk_w070_S2,38,0,,1.0,11,False,True,that poem by William Wordsworth: I Wandered Lonely As A Cloud!,walk_w070_S2
walk_w070_S2,39,4,0.09082624316215515,0.97,100,False,False,only that I am in bed: soft pillows on either side of me; warm sheets underneath. The room itself has been cleaned by someone else – everything seems clean now ,walk_w070_S2
walk_w070_S2,40,0,,0.9493670886075949,79,False,False,"that there’s more of us than any could ever count — but if I say out loud just once “there was no such thing as an Indian nation,” they might stop believing me ",walk_w070_S2
walk_w070_S2,41,0,,0.963855421686747,83,False,False,"of two worlds—a dream world in which I am floating on water (it’s either milk or blood), watching various events pass below me but not fully aware that they act",walk_w070_S2
walk_w070_S2,42,2,0.14876770973205566,0.9540229885057471,87,False,False,of an autumn sunset in New England; trees turning golden yellow with leaves on fire as they burn into brown ashes against sky-colored clouds reflecting sunlight,walk_w070_S2
walk_w070_S2,43,1,0.09146827459335327,0.9193548387096774,62,False,False,<em>The Sound of Music</em> as I sleepwalked around an unfamiliar house in Virginia where Julie Andrews had been staying on set for her movie: they didn’t give ,walk_w070_S2
walk_w070_S2,44,2,0.19712263345718384,0.95,100,False,False,all that I already feel; nothing more or less than that because of any new understanding that has been obtained here – just as in real life anything can come up,walk_w070_S2
walk_w070_S2,45,2,0.09862461686134338,0.9270833333333334,96,False,False,an old black woman (an image that came into consciousness during yesterday’s writing). I am going with her for now… It has been awhile since she was in residenc,walk_w070_S2
walk_w070_S2,46,3,0.08833473920822144,0.97,100,False,False,that I'm not in charge of anything around me but myself alone? My body has no more power than when I woke up from last night; if someone else tells us which dir,walk_w070_S2
walk_w070_S2,47,1,0.08807671070098877,0.9887640449438202,89,False,False,sleep: lying on your back in bed at night; waking up when someone shakes me or knocks over something else that's causing all sorts of sounds (sometimes because ,walk_w070_S2
walk_w070_S2,48,2,0.10027188062667847,0.9651162790697675,86,False,False,"an idea from your journal about letting yourself sink into the dreaminess of sleep (from January 26th), when I read: “It’s like slipping off as slowly as possib",walk_w070_S2
walk_w070_S2,49,0,,1.0,45,False,False,"only emptiness, darkness surrounds me as I drift in space trying not to fall into oblivion but rather enter an unknown dream world that can't make any sense of ",walk_w070_S2
walk_w070_S2,50,4,0.15901769697666168,0.9702970297029703,101,False,False,not an answer but instead questions: why did I ever try? Why do I keep trying when everything seems so hopeless in between these covers? How long can your brain,walk_w070_S2
walk_w070_S2,51,1,0.18359845876693726,0.9901960784313726,102,False,False,"that I am at sea in an old boat with nothing but two oars for propulsion (one missing), wind filling sails on both sides of me—it’s just past sunset as far as c",walk_w070_S2
walk_w070_S2,52,3,0.17155541479587555,0.9803921568627451,102,False,False,I am at night driving home in heavy rain with headlights on as far back down that road as they can go until all of sudden everything goes dark except for me; no,walk_w070_S2
walk_w070_S2,53,0,,1.0,31,False,False,that I've been told there were once caves in which children could play when they lived near Newgrange but no longer exist now -- can someone explain where these,walk_w070_S2
walk_w070_S2,54,0,,0.9285714285714286,56,False,False,"another body that I once knew (though not intimately), who had died as an infant while in foster care — of course he was adopted after several attempts at reuni",walk_w070_S2
walk_w070_S2,55,0,,0.9494949494949495,99,False,False,your face – not just now when I am alone in bed with no sounds except those of breathing but as far back as childhood: all these years that I’ve looked at you —,walk_w070_S2
walk_w070_S2,56,3,0.1388608068227768,0.9789473684210527,95,False,False,"your face in its full bloom… not like that picture I’ve always thought of for so long (or maybe years), but rather something more natural – where all things see",walk_w070_S2
walk_w070_S2,57,0,,0.9903846153846154,104,False,False,an unfathomable expanse of purple skies above me in which no stars exist because they were blotted out by something that seems like smoke or fog but can’t quite,walk_w070_S2
walk_w070_S2,58,1,0.06789004802703857,0.9512195121951219,82,False,False,an image of two faces: <em>my own</em> face looking out at me from inside another body that doesn’t look anything like mine but in every other respect could alm,walk_w070_S2
walk_w070_S2,59,3,0.18947117030620575,0.9565217391304348,92,False,False,an image of fire in darkness: red smoke that swirls upward above thick clouds into blackness. The sound of soft whispering fills all ears as I am transported th,walk_w070_S2
walk_w070_S2,60,0,,0.9711538461538461,104,False,False,not of beauty or grandeur but something very small: the shape made by falling snow against the sidewalk in front of me as I walk along with only about ten secon,walk_w070_S2
walk_w070_S2,61,1,0.07035863399505615,0.9615384615384616,104,False,False,your face that was looking at me with such soft compassion when I thought of not being able to find answers for everything; but knowing they’ll come eventually ,walk_w070_S2
walk_w070_S2,62,0,,1.0,54,False,False,an idea which I had while driving out in nature over 4 days ago; so forgive me if your heart doesn’t take that same journey as mine did into those natural space,walk_w070_S2
walk_w070_S2,63,2,0.08745470643043518,0.9473684210526315,95,False,False,that there’s no place in any of these poems for me—not even when I think about myself as “a person.” And yet: How can anyone ever get out from beneath such oppr,walk_w070_S2
walk_w070_S2,64,1,0.0423961877822876,0.9494949494949495,99,False,False,that I’m falling out of love with myself as much as anything else in life right now… or at least not loving where me ends up after these days spent alone trying,walk_w070_S2
walk_w070_S2,65,0,,0.963855421686747,83,False,False,nothing but darkness – I can barely make out any outlines with that slight bit of illumination pouring in from outside: two shadowy figures standing on either s,walk_w070_S2
walk_w070_S2,66,1,0.060888707637786865,0.9901960784313726,102,False,False,an empty space that slowly fills in with shapes of trees; small ones first followed by tall things which stand out so much more than anything else they can ever,walk_w070_S2
walk_w070_S2,67,2,0.09909772872924805,0.95,100,False,False,an old man that looks at me as he lies on top of a pile of money in front of him. He smiles looking into space while I lie down with tears flowing out from not ,walk_w070_S2
walk_w070_S2,68,0,,1.0,32,False,False,an image of all that’s been covered up for so many years; not just in america but everywhere where people were raped by authority figures who hold great power o,walk_w070_S2
walk_w070_S2,69,5,0.17782649397850037,0.9375,80,False,False,being held at gun point in an open field with only a few others of us around me who I’ve never met… but everyone seems nice enough so far?  Just as I start lett,walk_w070_S2
walk_w070_S2,70,2,0.08127561211585999,0.972972972972973,74,False,False,sleep in an infinite state of timelessness where I lie down somewhere with no name or address – not even myself… but just nothingness.. so deep that there seems,walk_w070_S2
walk_w070_S2,71,0,,0.9354838709677419,31,False,False,that I am in space looking up at stars or perhaps not even there - just an eternal observer of something very much bigger than myself (or any me) out there some,walk_w070_S2
walk_w070_S2,72,0,,0.9649122807017544,57,False,False,that in order for any of us humans on Planet Earth today — or perhaps ever since mankind was created here as distinct from other beings living elsewhere at all ,walk_w070_S2
walk_w070_S2,73,3,0.11068445444107056,0.9607843137254902,102,False,False,an image of two men sitting together in chairs with books on tables beside them but they don't look at their work because something more important grabs everyon,walk_w070_S2
walk_w070_S2,74,2,0.1909414827823639,0.9693877551020408,98,False,False,that I am standing in front of an aquarium with fish inside swimming around looking at me from behind clear glass panels as if they were seeing into another wor,walk_w070_S2
walk_w070_S2,75,0,,1.0,45,False,False,nothing but an endless ocean of white noise – I am in deep sleep with no clue where home might be or whether its even possible for me to find another world out ,walk_w070_S2
walk_w070_S2,76,0,,0.9625,80,False,False,that I’m lying on something soft in an open field at night with dew upon me as the stars above reflect off of them like diamonds when they shine just right into,walk_w070_S2
walk_w070_S2,77,0,,1.0,12,False,False,your voice so full of love I wish could make me whole…,walk_w070_S2
walk_w070_S2,78,1,0.06239819526672363,0.9714285714285714,105,False,False,an image of me looking around at something with great wonderment as if I were in awe that such beauty surrounded me or was above me even on every surface where ,walk_w070_S2
walk_w070_S2,79,0,,1.0,3,False,True,the following poem:,walk_w070_S2
walk_w070_S2,80,1,0.0521547794342041,0.9859154929577465,71,False,False,not necessarily from that day's reading or something I just read elsewhere online but often about events in my own life long ago... memories come back at once e,walk_w070_S2
walk_w070_S2,81,2,0.16023403406143188,0.987012987012987,77,False,False,that your breath was gentle as mine were soft when I first saw you. It took me by surprise. And in fact nothing could prepare me for so much gentleness coming f,walk_w070_S2
walk_w070_S2,82,1,0.09610462188720703,0.9583333333333334,72,False,False,an old story of two men on opposite sides who found themselves locked in conflict with no possible solution coming into sight; they were both so determined not ,walk_w070_S2
walk_w070_S2,83,1,0.090889573097229,0.8901098901098901,91,False,False,that there was once something about me in college I loved—it wasn’t music so much as <em>reading</em> . And every time someone suggested reading books like The ,walk_w070_S2
walk_w070_S2,84,2,0.07096982002258301,0.9795918367346939,98,False,False,that picture of those two people who sleep for ever in England’s Fields — they keep walking at night until someone wakes them up from time immemorial ago by blo,walk_w070_S2
walk_w070_S2,85,2,0.12295478582382202,0.9358974358974359,78,False,False,always beautiful images from nature – flowers blossoming in spring or an autumnal tree lined with falling leaves. Maybe I’m just being sentimental about these t,walk_w070_S2
walk_w070_S2,86,3,0.17316675186157227,0.9186046511627907,86,False,False,"of course all those images I've been collecting in preparation for an exhibition at The Contemporary Austin (which opens tomorrow!!) called ""The New American Vi",walk_w070_S2
walk_w070_S2,87,2,0.0821598470211029,0.9504950495049505,101,False,False,not of that place but instead an island in Maine called Monhegan Island where I once sailed with friends from Boston for fun as well as self-exploration into al,walk_w070_S2
walk_w070_S2,88,0,,0.989247311827957,93,False,False,that when I do get out of bed in the morning after not getting very much sleep because something's bothering me (or just haven't gotten enough) -- or even if it,walk_w070_S2
walk_w070_S2,89,1,0.0671159029006958,0.9591836734693877,98,False,False,an old friend of mine from over half-a-century ago who once served in Vietnam but never talked about that experience with me for years after he got back home un,walk_w070_S2
walk_w070_S2,90,5,0.10331034660339355,0.9270833333333334,96,False,True,that last part of your poem: <i>“Come all ye faithful who seek God’s truth.”</i> I find myself searching for an image or description—something in nature maybe? ,walk_w070_S2
walk_w070_S2,91,2,0.09780007600784302,0.8611111111111112,72,False,False,a person I was talking with who’s in prison for murder but he doesn’t think of himself as evil or wrong because people always make mistakes that isn’t me not sa,walk_w070_S2
walk_w070_S2,92,0,,0.9795918367346939,98,False,False,not where I’ve been or even who these people were but just that there was something in common between us all; whether those things they called dreams on your ba,walk_w070_S2
walk_w070_S2,93,0,,1.0,11,False,False,:  “When I say something in an unfamiliar dialect that nobody understands.”,walk_w070_S2
walk_w070_S2,94,1,0.06651037931442261,0.9550561797752809,89,False,False,not “sleep.” It’s an image of stillness; I picture myself falling into slumber with no effort at all—not even trying for sleep as much as letting go completely ,walk_w070_S2
walk_w070_S2,95,1,0.061518192291259766,1.0,68,False,False,that I am falling from height into space – but somehow not fully at all times so as in sleep while walking on top of water or floating above clouds with no need,walk_w070_S2
walk_w070_S2,96,3,0.13546617329120636,0.9680851063829787,94,False,True,"not dreams but reality: I am lying in bed; there’s an open window letting moonlight into the room, so that everything around me seems hazy at first glance. This",walk_w070_S2
walk_w070_S2,97,1,0.09595668315887451,0.9565217391304348,69,False,False,that when someone dies they pass into sleep – deep dreamless sleep while for others death appears as awakening from slumbering life. They become ghosts because ,walk_w070_S2
walk_w070_S2,98,0,,1.0,2,False,False,your smile...,walk_w070_S2
walk_w070_S2,99,0,,0.9494949494949495,99,False,False,that I need sleep in order to make things better for myself because when I don’t get enough of it or wake up at night tired/exhausted from work but also needing,walk_w070_S2
walk_w100_S2,0,0,,1.0,24,False,False,so much like real life for me right now- I’m exhausted physically but emotionally spent as well…  it just doesn’t feel good!,walk_w100_S2
walk_w100_S2,1,2,0.08438974618911743,0.9894736842105263,95,False,False,"not necessarily something I remember or had been thinking about—it’s just whatever comes up at any point during an ordinary day: random scenes from movies, imag",walk_w100_S2
walk_w100_S2,2,3,0.16210977733135223,0.98,100,False,False,some sort of an image or scene: I can't quite decide between two things but probably leaning toward something more natural because we had just finished doing ex,walk_w100_S2
walk_w100_S2,3,0,,1.0,2,False,False,your voice...,walk_w100_S2
walk_w100_S2,4,1,0.09924745559692383,0.9591836734693877,49,False,True,something from an old poem — I’ve forgotten its author or title now but remember reading about 15 years ago: “He gave them bread.” Bread became so much more tha,walk_w100_S2
walk_w100_S2,5,0,,1.0,4,False,False,all I can find…,walk_w100_S2
walk_w100_S2,6,3,0.1622992753982544,0.96875,96,False,False,not so much thoughts as sensations—images formed from sounds or smells: I feel like someone's blowing cold air at me; something sticky falls off an egg onto my ,walk_w100_S2
walk_w100_S2,7,0,,,0,False,False,…,walk_w100_S2
walk_w100_S2,8,2,0.0915551483631134,1.0,102,False,False,not your voice but an image: I am lying upon the beach with bare feet spread across its sand – staring up at something unseen out there beyond reach towards me ,walk_w100_S2
walk_w100_S2,9,3,0.14954368770122528,0.9620253164556962,79,False,False,always the same thing: waking up with nothing underneath me except for an invisible pillow or soft cloud-like blankets. I imagine myself rolling over like tumbl,walk_w100_S2
walk_w100_S2,10,0,,0.9891304347826086,92,False,False,"your body—in particular, these limbs: hands with fingers so slenderly spaced; neck whose circumference feels like mine (not much room for any excess); mouth whi",walk_w100_S2
walk_w100_S2,11,7,0.2192893773317337,0.8837209302325582,86,False,False,just words from poems I have memorized so long ago;  words which once were dearer than life itself but now merely echo quietly at intervals amongst other though,walk_w100_S2
walk_w100_S2,12,0,,1.0,2,False,False,your name…,walk_w100_S2
walk_w100_S2,13,1,0.15009987354278564,0.9615384615384616,26,False,False,not much at all; but I do recall feeling peaceful as if nothing was happening while doing so. Now we’re talking! <em>*</em>whistles joyfully,walk_w100_S2
walk_w100_S2,14,1,0.14490997791290283,1.0,41,False,True,"not sleep nor sight but sound as if an echo were ringing within me from far away, “The only comfort” or was it something else? I don’t remember exactly anymore ",walk_w100_S2
walk_w100_S2,15,0,,0.978021978021978,91,False,False,an open field at dusk – golden wheat swaying gracefully with no care or concern for tomorrow’s sun rising high above us all (or not) while underneath them lies ,walk_w100_S2
walk_w100_S2,16,2,0.09791839122772217,0.9479166666666666,96,False,False,not words or images but <strong><em>silence</em></strong>…a soundless space which becomes all present and infinite at once … an awareness deep enough into its o,walk_w100_S2
walk_w100_S2,17,3,0.20815889537334442,0.97,100,False,False,not an image but feeling: I am being carried off into water — rushing away from me like someone running across ice towards some lake or river edge with nowhere ,walk_w100_S2
walk_w100_S2,18,0,,0.9714285714285714,70,False,False,"not sleep but rather all those faces: your grandpa, Uncle Jim who always seemed happy for no reason at all; Grandma May from Illinois when she was young with he",walk_w100_S2
walk_w100_S2,19,1,0.14274632930755615,0.9722222222222222,36,False,False,when I visited Washington DC with family many years ago…. We went to Arlington National Cemetery where we saw John F Kennedy’s grave site but also seen at 3 am ,walk_w100_S2
walk_w100_S2,20,4,0.22595429420471191,0.9493670886075949,79,False,False,an image from The New Yorker cartoonists’ website: A large orange orb with long tentacles like worms hanging out as if something was trying to get into it (like,walk_w100_S2
walk_w100_S2,21,2,0.0827421247959137,0.9278350515463918,97,False,False,an image out of your story about ‘The Man who Loved Me.’ This particular scene was told right after we had visited with him (your father) at home; he hadn’t bee,walk_w100_S2
walk_w100_S2,22,2,0.06150069832801819,0.9803921568627451,102,False,False,an old friend I haven't seen or talked with for some years now (maybe decades). She came into my life during college when we were both struggling immensely tryi,walk_w100_S2
walk_w100_S2,23,1,0.05777019262313843,1.0,85,False,False,an image from childhood: I’m standing outside near the edge of darkness at dusk or dawn watching for birds until suddenly everything changes color into muted bl,walk_w100_S2
walk_w100_S2,24,2,0.085420161485672,1.0,99,False,False,an old house with large front windows (which I’ve never seen). One window opens up at least 15 feet into its living room – just enough for someone larger than m,walk_w100_S2
walk_w100_S2,25,1,0.13985252380371094,0.9487179487179487,39,False,False,"not images or thoughts; rather I hear sounds and voices... And soon enough these come together into something like music: “O Holy Night”, with added drumbeats—n",walk_w100_S2
walk_w100_S2,26,6,0.1785910278558731,0.9148936170212766,94,False,False,him when I’m with her… or am she? Is there something between us? A question he asked once but couldn’t remember asking again: What does love mean anyway? He cou,walk_w100_S2
walk_w100_S2,27,1,0.13135755062103271,0.9761904761904762,42,False,False,your voice. Your soft spoken words carry me away into dreamland with such ease. You make every word sound like poetry and I feel so blessed for having had all t,walk_w100_S2
walk_w100_S2,28,1,0.07204097509384155,0.9292929292929293,99,False,False,all I’ve ever known: The cold floorboards against my back as we were pulled apart like two broken pieces from an old puzzle; My mother crying over me for not be,walk_w100_S2
walk_w100_S2,29,0,,1.0,8,False,False,: The Church Is Full Of By-Gone Dreams...,walk_w100_S2
walk_w100_S2,30,1,0.07267320156097412,0.968421052631579,95,False,False,being able to turn off all these distractions without having to physically use any objects…such as putting down your phone when someone calls or leaving work fo,walk_w100_S2
walk_w100_S2,31,4,0.22467683255672455,0.8809523809523809,84,False,False,"nothing but images as if I’m watching <em>2031: The Last Days Of Humanity</em> (also known as ""The Day After Tomorrow""). What follows was inspired when reading ",walk_w100_S2
walk_w100_S2,32,1,0.07621097564697266,0.978494623655914,93,False,False,"an image from “The Little Prince”, where he sees all colors flying above him as snow flurries around them: I hear your voice saying ‘colors’, but instead feel m",walk_w100_S2
walk_w100_S2,33,0,,0.9666666666666667,30,False,False,when I was younger (at least 5 years old) while watching “The Simpsons” with Lisa singing along too loud at bedtime as mom left us alone until we fell back asle,walk_w100_S2
walk_w100_S2,34,2,0.08597168326377869,0.961038961038961,77,False,False,something I was told many years ago when first reading about Buddhism: “There’s no Buddha at the end of your practice.” When trying new things there often seems,walk_w100_S2
walk_w100_S2,35,1,0.1638622283935547,0.9625,80,False,False,"an old movie from 1935 called “Mutiny on the Bounty,” starring Clark Gable as Fletcher Christian who led a mutiny against Captain Bligh (Charles Laughton) after",walk_w100_S2
walk_w100_S2,36,4,0.11425139009952545,0.9479166666666666,96,False,False,just an image I saw many times last year. It’s kind of fuzzy now but remember clearly: two figures at either end of twin beds (so four total). One was wearing c,walk_w100_S2
walk_w100_S2,37,0,,0.9230769230769231,26,False,True,"just as much about me now than when I last thought of these lines some 60 years ago:  ""The Grapes Of Wrath"", ""Our Country 'Tis Of Thee"".",walk_w100_S2
walk_w100_S2,38,3,0.14066040515899658,0.9489795918367347,98,False,True,your poem – “In The City” (from <em>The Collected Poems</em>). It’s interesting because we never had any contact with poetry other than these lines when I was a,walk_w100_S2
walk_w100_S2,39,1,0.14972150325775146,0.84375,32,False,False,not always pleasant or pretty… So we have some music I wrote for us today – <strong>“</strong><i><b>The River’s Flow.”</b></i> As best as humanly possible at le,walk_w100_S2
walk_w100_S2,40,3,0.11126446723937988,0.925531914893617,94,False,False,"<em>“What’s Love Got To Do With It,”</em> from Tina Turner‘s first album with Ike. I was so disappointed because when she started talking about “The things we d",walk_w100_S2
walk_w100_S2,41,0,,0.9444444444444444,72,False,False,an open space—a place with no end or beginning but endlessness stretching out into eternity past as far off as we could ever reach; yet also here now within mys,walk_w100_S2
walk_w100_S2,42,2,0.11340036988258362,0.9591836734693877,98,False,True,not anything related to religion; I am simply lying there thinking about nothing else but being here right now—in my own bed as I speak with him who created me…,walk_w100_S2
walk_w100_S2,43,2,0.12791234254837036,0.9583333333333334,96,False,False,<em>The Sound of Music</em> as I sleepwalked out into an early morning mist where Julie Andrews’ Maria dances around singing “Something Good” (not quite true si,walk_w100_S2
walk_w100_S2,44,1,0.1129450798034668,1.0,38,False,False,all I need because every word resonates so deeply within me like music filling an empty room! Love for sure has gone deeper than we ever could have imagined or ,walk_w100_S2
walk_w100_S2,45,2,0.11995458602905273,0.9603960396039604,101,False,False,an old black woman (an image I had) standing beside me looking at something deep below us but not down toward the ground so much as underneath our feet – she wa,walk_w100_S2
walk_w100_S2,46,0,,0.9743589743589743,39,False,False,an image not entirely dissimilar from myself but with no resemblance whatsoever; I cannot describe its features other than as being quite pale at first glance—e,walk_w100_S2
walk_w100_S2,47,4,0.13548581302165985,0.9764705882352941,85,False,False,"sleep: lying down, feeling your pillow pressed against your cheek bone; waking up again from another dream or just being conscious while trying to fall back int",walk_w100_S2
walk_w100_S2,48,0,,0.9354838709677419,31,False,False,someone I worked with at The New School who used the word ‘dismal’ all day every day for three years straight - she must have known exactly when her contract wa,walk_w100_S2
walk_w100_S2,49,0,,0.97,100,False,False,"only emptiness, darkness surrounds me as I drift into oblivion; but even when sleep overcomes me completely something remains…an ache deep within myself calling",walk_w100_S2
walk_w100_S2,50,3,0.08918217569589615,0.9587628865979382,97,False,False,not an answer but instead questions: why did I ever get myself into such a mess? Why didn’t anyone tell me something when I was 15 years old because now here we,walk_w100_S2
walk_w100_S2,51,2,0.20299112796783447,0.9696969696969697,99,False,False,someone who passed away from cancer many years ago—someone I did not have much contact with; just once or twice at an event where he came up looking ill — but n,walk_w100_S2
walk_w100_S2,52,0,,1.0,17,False,False,"I am at home with friends having dinner around me talking about life over food, wine, conversation!",walk_w100_S2
walk_w100_S2,53,3,0.0657312273979187,0.9583333333333334,96,False,False,him I've missed for so long now... You have been with me when no one else could ever understand but God knows why He was calling us out at 4am last week! But he,walk_w100_S2
walk_w100_S2,54,1,0.15536272525787354,0.98,50,False,False,another body being found at her house after having gone missing for days or weeks from home while she was out with friends/family members somewhere else during ,walk_w100_S2
walk_w100_S2,55,0,,1.0,10,False,False,your smile which I have been missing all these days.,walk_w100_S2
walk_w100_S2,56,0,,1.0,12,False,False,your beautiful voice singing over me… thank you for another wonderful song,walk_w100_S2
walk_w100_S2,57,1,0.11549460887908936,0.9863013698630136,73,False,False,an unfathomable expanse where anything I touch turns into dust or vanishes entirely without any visible trace; no matter what happens around me because everythi,walk_w100_S2
walk_w100_S2,58,5,0.1756351888179779,0.9775280898876404,89,False,True,an image I never wanted again. It's not pretty or beautiful; just ugly. A picture which for some reason has lingered with me over years after all attempts at fo,walk_w100_S2
walk_w100_S2,59,0,,0.9830508474576272,59,False,False,an image I had when watching a movie about being lost at sea for days alone with no food or water – except from some strange source like fruit growing nearby so,walk_w100_S2
walk_w100_S2,60,0,,1.0,34,False,False,not much more than an old photo I recently found; when looking at people’s faces from years gone past can sometimes tell me about things yet unspoken between us,walk_w100_S2
walk_w100_S2,61,4,0.09725779294967651,0.9340659340659341,91,False,False,love—of any kind I don't care: sex or otherwise. In whatever form we find ourselves being with another person feels loving; feeling loved makes us happy (it can,walk_w100_S2
walk_w100_S2,62,3,0.14720690250396729,0.9444444444444444,90,False,False,an idea which I had while driving out yesterday morning: <em>If there were no borders</em> between countries – if Europe was not made up of dozens or hundreds (,walk_w100_S2
walk_w100_S2,63,3,0.11922848224639893,0.9347826086956522,92,False,False,an orange sunrise over Lake Michigan at 6 am or so when I was there years ago for vacation with friends from high school. We rented canoes (there were many lake,walk_w100_S2
walk_w100_S2,64,0,,0.9702970297029703,101,False,False,an image from when I was six years old: It’s 8 am at school somewhere… we get up for morning assembly where there has been some kind of death or emergency durin,walk_w100_S2
walk_w100_S2,65,0,,0.9900990099009901,101,False,False,your head bobbing up with sleepy lips moving along like an animated cartoon character’s lip flaps while I rub my hands over yours trying not to fall into sleep ,walk_w100_S2
walk_w100_S2,66,2,0.26829248666763306,0.9629629629629629,27,False,False,an empty bed...or maybe I am waiting for someone?  Or perhaps there's no end to where life goes when everything we thought was real dies away....,walk_w100_S2
walk_w100_S2,67,5,0.2522444427013397,0.9387755102040817,98,False,False,"an old man singing ""O Sole Mio"". I'm not sure if he did sing or just hum along as part of some other work: maybe opera? Maybe theater play?? Not even really Ita",walk_w100_S2
walk_w100_S2,68,0,,0.9795918367346939,49,False,False,an image I've seen too often throughout history: people being hung from gallows or towers above city streets; mobs throwing rocks at them while others hold up p,walk_w100_S2
walk_w100_S2,69,1,0.08379030227661133,0.9836065573770492,61,False,False,being held at gun point while another person tries to get inside your brain with an array of questions; some probing for truths about who we’re both trying to u,walk_w100_S2
walk_w100_S2,70,2,0.10733604431152344,0.9895833333333334,96,False,False,sleep — but with no memory of having fallen off into slumber; rather like slipping peacefully down an unmarked slope from consciousness awareness unto nothingne,walk_w100_S2
walk_w100_S2,71,1,0.14664459228515625,0.9690721649484536,97,False,False,not an ocean but rather mountains: granite peaks rising straight out of blue waters like islands; rocky shorelines speckled with black rocks jutting into azure-,walk_w100_S2
walk_w100_S2,72,4,0.15885885059833527,0.9838709677419355,62,False,False,your smiling profile - not sure why I'm remembering so vividly now after all these years; maybe because I feel like we don't communicate much anymore? Not even ,walk_w100_S2
walk_w100_S2,73,0,,0.9702970297029703,101,False,False,an image I saw at some point many years ago: The top view of two towers facing across from us as we sat in front of them overlooking Lake Michigan around 10pm o,walk_w100_S2
walk_w100_S2,74,0,,1.0,48,False,False,I don’t have any idea where anything has been for years now but maybe something from college or work might show up if those lines were written today instead of ,walk_w100_S2
walk_w100_S2,75,4,0.12325471639633179,0.96,100,False,False,nothing but an endless ocean stretching as far back I can remember up until now…or beyond memory? How do we create memories or should say experiences into somet,walk_w100_S2
walk_w100_S2,76,3,0.10387235879898071,0.9797979797979798,99,False,True,so much like these lines above: “And yet I am always with thee; thy right hand holdest me.” So many times we feel as if God has abandoned us when life gets hard,walk_w100_S2
walk_w100_S2,77,4,0.15252305567264557,0.9578947368421052,95,False,False,when I was lying here (on top). The thought that struck me most as we passed out with all these people around us were those who had been drinking so much alcoho,walk_w100_S2
walk_w100_S2,78,2,0.16139841079711914,0.927536231884058,69,False,True,"an image from John’s account of Jesus entering Jerusalem: “They laid palm branches out along the road… [A]nd singing praises,” (John 12:13). So I picture walkin",walk_w100_S2
walk_w100_S2,79,0,,1.0,3,False,True,the following poem:,walk_w100_S2
walk_w100_S2,80,3,0.15540631115436554,0.9555555555555556,90,False,False,not necessarily from today's recording session; rather I am meditating upon <em>this</em> thought as written here many years ago... The lyrics come back clear e,walk_w100_S2
walk_w100_S2,81,1,0.03986692428588867,0.9807692307692307,104,False,False,"not your name or anything specific from yesterday (although I think about them both), but rather all the little bits of memory with which we have become so inti",walk_w100_S2
walk_w100_S2,82,1,0.15516877174377441,0.9803921568627451,51,False,False,an old photo from when I was pregnant with my eldest child: me laying out sunning beside him as he slept blissfully unaware (as usual). It’s sunny but not too w,walk_w100_S2
walk_w100_S2,83,1,0.2613902688026428,0.9310344827586207,29,False,False,"your voice softly singing “Love me or leave me” from <em>The Wild One</em> (1953), followed immediately with something else—some other memory? Maybe I’ll try ag",walk_w100_S2
walk_w100_S2,84,1,0.25450509786605835,0.9605263157894737,76,False,False,"1967-2034: The Golden Age Of Science Fiction Radio Series, which features many writers from today's SF/fantasy community reprising classic sci fi characters - i",walk_w100_S2
walk_w100_S2,85,3,0.14245395362377167,0.9529411764705882,85,False,False,always beautiful images as if I'm looking at them from some distance away but also very near like maybe we were just standing there together... <strong>My mothe,walk_w100_S2
walk_w100_S2,86,0,,1.0,19,False,False,something we all experience at some point when life seems overwhelming or difficult: wanting to fall into bed exhausted…,walk_w100_S2
walk_w100_S2,87,3,0.12272477149963379,0.967391304347826,92,False,False,him staring into them with such determination when he spoke those words – “so where do we go from here?” It was at 9:30pm Friday morning after spending most of ,walk_w100_S2
walk_w100_S2,88,2,0.09162119030952454,0.9052631578947369,95,False,False,the story from <em>The Secret Garden</em> about Dickon showing Mary Lamb flowers growing all around them…  Dickon’s little sister was sick at home when she firs,walk_w100_S2
walk_w100_S2,89,2,0.2692511975765228,0.9479166666666666,96,False,False,an old friend I used to talk with quite often during high school days at college parties (pre-Covid). You don't remember her? She was your typical nerdy girl wh,walk_w100_S2
walk_w100_S2,90,0,,1.0,40,False,False,an image from another reality—a place I have not been but long enough for something has become familiar here as if this were home rather than merely passing thr,walk_w100_S2
walk_w100_S2,91,1,0.04431498050689697,0.92,100,False,False,a person I was with recently who’s life feels like an open book for me because we talk so much about religion all the time.  There has been something at work wi,walk_w100_S2
walk_w100_S2,92,2,0.13009858131408691,0.9871794871794872,78,False,False,not where I’ve been or even who these people were but just as much now at home; we need those things from family members because there isn’t any other place bet,walk_w100_S2
walk_w100_S2,93,0,,0.8333333333333334,6,False,False,":  The Earthly Paradise (from ""Paradise Lost"")


1629",walk_w100_S2
walk_w100_S2,94,2,0.08329984545707703,0.9896907216494846,97,False,False,not “sleep.” It’s an image: I am standing outside when there was only two people living at all here; now three hundred thousand roam around me like ants crawlin,walk_w100_S2
walk_w100_S2,95,0,,,0,False,False,…,walk_w100_S2
walk_w100_S2,96,1,0.08304870128631592,0.979381443298969,97,False,False,not just these words but also an image – someone lying down beneath sheets with her head resting against something soft perhaps pillow or maybe blanket as she t,walk_w100_S2
walk_w100_S2,97,2,0.11610692739486694,0.9894736842105263,95,False,True,I can’t make any sense out of these lines. Why? Because so many things run parallel at once: death; sleep & dream; religion/faith; love (his name); family histo,walk_w100_S2
walk_w100_S2,98,0,,1.0,2,False,False,her smile...,walk_w100_S2
walk_w100_S2,99,2,0.11484682559967041,0.9891304347826086,92,False,False,"an image from John’s gospel: when Jesus heals Bartimaeus, he tells him “Your sins are forgiven” (John 5:14). This was not for some past sin but rather than God ",walk_w100_S2
walk_S2,0,2,0.09652146697044373,0.961038961038961,77,False,False,nothing more than an image of her walking around as she was on purpose when I wasn't looking at her but just watching out for anything in sight where she might ,walk_S2
walk_S2,1,2,0.22954171895980835,0.9603960396039604,101,False,False,not necessarily something I remember or had been awake enough for me to actually record in one of these blog posts but instead it’s about some part of an idea f,walk_S2
walk_S2,2,1,0.18117868900299072,1.0,33,False,False,"some sort of noise in an empty room at 3am on Christmas Eve: distant ringing bells, someone walking upstairs? Is it just me or did I actually record something l",walk_S2
walk_S2,3,0,,1.0,2,False,False,your voice...,walk_S2
walk_S2,4,4,0.17143628001213074,0.945054945054945,91,False,False,"something else entirely. That’s ok—it happens often enough in sleep-wake states of consciousness like mine (or ours?), so I just roll over onto another side/sid",walk_S2
walk_S2,5,0,,0.968421052631579,95,False,False,all I remember of today – The first snowstorm in February after 18 months inside due to covid restrictions… So many things on deck: getting ready for Spring Bre,walk_S2
walk_S2,6,1,0.735889732837677,0.9523809523809523,42,False,False,"not of death or despair but instead love for someone I've lost long ago in dreams - something more comforting than memory...


[edit] [download attachment 89631",walk_S2
walk_S2,7,0,,,0,False,False,…,walk_S2
walk_S2,8,2,0.11084204912185669,0.9791666666666666,96,False,False,not your voice but soundless music playing in another place- somewhere far from here; an accompaniment for these thoughts of mine as I look out at trees falling,walk_S2
walk_S2,9,0,,0.9540229885057471,87,False,False,always the sound of hooves on stone underfoot as horses travel in pursuit (or chase) across country with their riders galloping along beside them for miles upon,walk_S2
walk_S2,10,4,0.10951559245586395,0.9484536082474226,97,False,False,your body on top of me… or maybe more like it should happen after I put you in a position for such pleasure—where do those thoughts start? Is there one thought ,walk_S2
walk_S2,11,3,0.12583740055561066,0.8735632183908046,87,False,True,"just words from one of Robert Frost’s poems (see endnote). The poem “The House at the Edge of the Word” was written in 1920 when Frost moved back into Lawrence,",walk_S2
walk_S2,12,2,0.1640404462814331,0.9484536082474226,97,False,False,of course…The Winter’s Tale! My husband has been in love with it since I first introduced him as an undergraduate at college 20 years ago–we were both lucky eno,walk_S2
walk_S2,13,1,0.06824767589569092,0.9361702127659575,94,False,False,not much of anything in particular – just some kind of random thought process going on inside me; it’s like I am walking down an alleyway but don’t feel connect,walk_S2
walk_S2,14,2,0.17498564720153809,0.9777777777777777,90,False,False,not sleep nor sight of your kind or unkindness in any dreams but instead I find myself back on an old gravel road somewhere beyond town where once again I feel ,walk_S2
walk_S2,15,1,0.18477648496627808,0.9897959183673469,98,False,False,an open field at dusk – golden wheat swaying in the wind like waves upon water as I sit quietly with nothing on but loose-fitting cotton trousers and bare feet ,walk_S2
walk_S2,16,2,0.16723093390464783,0.9591836734693877,98,False,False,not words or images but <strong><em>silence</em></strong>…a soundless space which becomes all at once an ocean of possibilities filled with lifeforms from many ,walk_S2
walk_S2,17,2,0.09773454070091248,0.9900990099009901,101,False,False,not an image of her voice or mine but one from some movie I saw in theaters: two girls running across frozen ground holding on tightly with their arms around ea,walk_S2
walk_S2,18,0,,0.9782608695652174,92,False,False,"not sleep but rather all of it: your hand on mine at midnight; I feel for something when in bed alone with an open window facing south across town, toward St Ja",walk_S2
walk_S2,19,3,0.10742833465337753,0.9574468085106383,94,False,False,"of course: ""<em>A Christmas Carol</em>"" by Charles Dickens — but I'm talking about more than just Scrooge waking from out one particularly grim dream into anoth",walk_S2
walk_S2,20,0,,0.9789473684210527,95,False,False,of snow falling outside in early spring; it makes me think too much about not knowing someone or something even after I've made plans with them/them wanting mor,walk_S2
walk_S2,21,3,0.10135573148727417,0.9696969696969697,99,False,False,an image of me running up some steps along with two other people in pursuit on their heels. At every step I feel something cold going against or behind me so as,walk_S2
walk_S2,22,4,0.11726020276546478,0.946236559139785,93,False,True,an old friend I haven't seen in years who sits on her back porch with me as she talks of life. And all those things about it coming at us suddenly - from any an,walk_S2
walk_S2,23,2,0.12907657027244568,0.9797979797979798,99,False,False,"an image of myself standing in front of two sets of doors: one labeled “this,” which leads into oblivion; another called “that”, leading down on rails toward he",walk_S2
walk_S2,24,3,0.10505372285842896,0.9595959595959596,99,False,False,"of course “The Lion King”, only it’s not in terms of Disney or Mufasa at all but more like an ancient legend. In fact, maybe even mythology? I don’t quite remem",walk_S2
walk_S2,25,0,,1.0,28,False,False,not images or thoughts; rather it's emotions: loss of direction as I search for something in myself while feeling like everything inside me has died — all at on,walk_S2
walk_S2,26,5,0.26341885328292847,0.9263157894736842,95,False,False,one of those moments when I’m walking along feeling very relaxed and at peace with myself or something similar… maybe just after breakfast on some holiday in Gr,walk_S2
walk_S2,27,1,0.05085647106170654,0.9787234042553191,94,False,False,"your voice. As I walk down stairs in anticipation of dinner with family, suddenly it hits me hard like something has been pulled from behind by invisible hands:",walk_S2
walk_S2,28,3,0.10837390273809433,0.8854166666666666,96,False,False,"all sorts of things I don’t like about myself; my lack of motivation, self-doubt (am I ever going to get anywhere?), not knowing when enough was just enough etc",walk_S2
walk_S2,29,1,0.062599778175354,0.9705882352941176,102,False,False,of someone I do not really care about so much anymore (not saying she’s evil at all). She was just one person in life who stood for something or believed anythi,walk_S2
walk_S2,30,0,,0.9830508474576272,59,False,False,being awake in bed at 1:00 AM with one hand on your hip (right) while sleep holds onto the other side of it just out of reach but never fully escaping… And its ,walk_S2
walk_S2,31,4,0.11079961061477661,0.9803921568627451,102,False,False,nothing but images of him coming after me with one blade in hand... I try not to think about it too much since no matter who's watching over us or where he may ,walk_S2
walk_S2,32,1,0.12657207250595093,0.9523809523809523,21,False,False,of someone else… but it’s not for us.  My heart thuds as I try desperately hard not to wake up!,walk_S2
walk_S2,33,2,0.1068553626537323,0.9571428571428572,70,False,False,when I was younger (at least 5 years old) while watching “The Lion King” with Dad; Simba ran away from Pride Rock – not so much for fear of Scar but rather he j,walk_S2
walk_S2,34,3,0.1711050122976303,0.9270833333333334,96,False,False,something I was told many years ago when first learning about dreams: “Just watch them.” <em>What do these words mean?</em> The more one watches — not in an eff,walk_S2
walk_S2,35,3,0.1977672129869461,0.9894736842105263,95,False,False,of snow falling upon your skin as I hold it for comfort or warmth under mine. Snow in December seems too rare but there on Christmas morning white powder coats ,walk_S2
walk_S2,36,0,,0.9272727272727272,55,False,False,just one thing: an image of me trying to remember something I had read or seen on TV three years ago about ancient Egypt under pharaohs who were buried with the,walk_S2
walk_S2,37,2,0.12347078323364258,0.93,100,False,False,one of those dreams I had back when everything was so simple: A black cat with green stripes on its chin walking down a hall at home (a dream made famous by Jim,walk_S2
walk_S2,38,2,0.04105129837989807,0.956989247311828,93,False,True,not of me but for whom I am writing in these lines - who else has such an ability to open your heart or make it sad? The other person seems so real as she/he ap,walk_S2
walk_S2,39,3,0.0974016785621643,0.7746478873239436,71,False,False,not always pleasant at first… But after some contemplation I remember who created me in His image. And so here lies God’s Word: <strong>John 14:27</strong> “Pea,walk_S2
walk_S2,40,1,0.13295209407806396,1.0,43,False,False,an image of all things beautiful: lush green grass in spring; bright blue sky with fluffy clouds floating past it on warm summer days. The sun shines brightly a,walk_S2
walk_S2,41,0,,0.9393939393939394,99,False,False,of two worlds coming together in some sort of symbiosis for good or ill; not necessarily something as concrete as an individual human-human relationship but mor,walk_S2
walk_S2,42,2,0.13191887736320496,0.9836065573770492,61,False,False,of an army camping in the snow outside your door…a warm fire burning brightly beside them as those troops fall sleep for their long nights ahead.. They cannot w,walk_S2
walk_S2,43,1,0.1633310317993164,0.9743589743589743,78,False,False,an open doorway leading into another world or dimension of some kind; not even human but something else entirely: it's as much like hell as any place I could im,walk_S2
walk_S2,44,4,0.13234786689281464,0.9473684210526315,95,False,False,all of these people who seem like so many friends in one big dream or just as much part of me as I am myself - but only for tonight! And yet not everyone gets a,walk_S2
walk_S2,45,1,0.06855350732803345,0.9803921568627451,102,False,False,an old man leaning against something in some kind of landscape I am not sure where it's located but there is no sun so its either at dusk or dawn; he has dark h,walk_S2
walk_S2,46,2,0.07166877388954163,0.9484536082474226,97,False,False,an image of snow falling in thick flakes as I walk out into nature’s beauty; but with every step I take there begins a slight feeling of unease—like someone or ,walk_S2
walk_S2,47,3,0.12857283651828766,0.979381443298969,97,False,False,sleep: lying on your back in bed at some point between consciousness/unconsciousness; maybe with half-sleep dreams being fed into by other thoughts or experienc,walk_S2
walk_S2,48,3,0.11026749759912491,0.98,100,False,False,someone coming into your room in the middle of the night looking for something important? Is it not possible he forgot where she placed her glasses or some othe,walk_S2
walk_S2,49,0,,1.0,8,False,False,only one thought: How long has it been?,walk_S2
walk_S2,50,3,0.10747059434652328,0.9611650485436893,103,False,False,not an answer but instead it reminds me of being in love for so long I didn't realize until someone else pointed out something new or told me about your behavio,walk_S2
walk_S2,51,3,0.1219889298081398,0.97,100,False,False,your head resting on mine… Your arm wrapped around me… Our legs tangled together…. The sound of wind in leaves as I gently stroke against one another’s skin unt,walk_S2
walk_S2,52,0,,1.0,8,False,False,I think he might just die in war,walk_S2
walk_S2,53,1,0.12682116031646729,1.0,22,False,False,of course 1968 (it’s been like two decades since I was there). As one does when on vacation in England or Canada…,walk_S2
walk_S2,54,3,0.1277046948671341,0.9659090909090909,88,False,False,another man’s vision of me in sleep–in dreamless slumber as he gently rubs away an ache at either side by using thumb pressure from behind while holding with bo,walk_S2
walk_S2,55,0,,1.0,15,False,False,your smile which I hope never fades away from me even in all these years,walk_S2
walk_S2,56,0,,0.9680851063829787,94,False,False,"your beautiful work of art: ""The Two Cities"" in which an old man lies down on two cities at once - Jerusalem with its golden domes, mosques & minarets (above) a",walk_S2
walk_S2,57,1,0.08694243431091309,0.9900990099009901,101,False,False,an unfathomable expanse of purple skies above me in which no stars exist; instead I am enveloped by dense gray clouds heavy with rain dripping from them down ov,walk_S2
walk_S2,58,1,0.06533145904541016,0.935064935064935,77,False,False,an image of two faces: one male and one female with large brown features – slightly similar in expression but their body language couldn’t differ any more drama,walk_S2
walk_S2,59,1,0.4042087197303772,1.0,12,False,False,an image of fire in darkness...a red glow amidst endless shadows.,walk_S2
walk_S2,60,0,,0.9411764705882353,85,False,False,"of course <em>My Fair Lady</em>: “When I close my eyes,” says Eliza Doolittle after her metamorphosis into ladylike society speech (“Do-be-do”) while in London’",walk_S2
walk_S2,61,0,,1.0,6,False,False,your smile when I say goodnight,walk_S2
walk_S2,62,1,0.07832103967666626,0.9504950495049505,101,False,False,an image of me as a child in front of my father's wood-burning stove where he was writing long stories about fantasy worlds for years – on scraps of paper I fou,walk_S2
walk_S2,63,1,0.06835901737213135,0.9393939393939394,99,False,False,"an old house in which I spent several years of my life when I was much younger than now; although it may not seem like very long ago (it’s about 20 or so), but ",walk_S2
walk_S2,64,2,0.11263567209243774,0.9797979797979798,99,False,False,an image of people huddled together in shelter from snow outside as it falls hard around them; only their heads poking out or sticking up above its cover where ,walk_S2
walk_S2,65,2,0.08420678973197937,0.95,100,False,False,your head bobbing up with the sun on top of it or some other part while I'm watching from inside looking out at you walking along the shore by yourself... maybe,walk_S2
walk_S2,66,1,0.08221125602722168,0.9705882352941176,102,False,False,an empty field of dreams with no one in sight but me and all I need – as simple as breathing becomes… for it seems so natural now; yet once upon a time there wa,walk_S2
walk_S2,67,3,0.14711089432239532,0.9693877551020408,98,False,False,of course your voice singing “In Dreams.” I was reminded by it in an instant why dreams often mean so much more than simple sleep or wakefulness! We don’t dream,walk_S2
walk_S2,68,1,0.2099546194076538,0.9693877551020408,98,False,False,an image of all things on Earth moving with harmony in rhythm together; just as one organism works for everything else around it - breathing out oxygen while ea,walk_S2
walk_S2,69,1,0.08853805065155029,0.9791666666666666,96,False,False,being held at knife point in an alleyway with only moments of daylight left for me to run from some unknown attacker who I’ve seen on surveillance footage somew,walk_S2
walk_S2,70,3,0.18301428854465485,0.95,100,False,False,sleep in an unfamiliar room as I was a young child of about four or five years old – it’s late morning on Sunday so there aren’t many people around (it may even,walk_S2
walk_S2,71,2,0.09718051552772522,0.9801980198019802,101,False,False,not an image but rather sound: something heavy being dropped somewhere near me - like it was on purpose or I had been doing some mischief in another room at hom,walk_S2
walk_S2,72,3,0.18776078522205353,0.9375,64,False,False,"your smiling profile - not sure why I'm remembering it now but here goes nothing...it was Christmas Eve (a long while ago), at about 10pm or so when one of us m",walk_S2
walk_S2,73,2,0.17468270659446716,0.98,100,False,False,an image of two men on bikes cycling fast down long roads in California's San Joaquin valley (where I spent summers as a child). They rode all around town toget,walk_S2
walk_S2,74,2,0.09396326541900635,0.9387755102040817,98,False,False,I am in bed; so comfortable with soft sheets on me as someone lays down beside me whispering “Goodnight darling”. Then something wakes me up from sleep causing ,walk_S2
walk_S2,75,0,,1.0,48,False,False,"nothing but an endless ocean of white noise – I am in deep sleep with closed ears, so there’s no sounds or music floating around me; instead, it was as though s",walk_S2
walk_S2,76,1,0.09168809652328491,0.9583333333333334,96,False,False,so much like something I’ve seen in an old movie or book but couldn't for the life of me place until it clicked: when Dorothy was walking down Main Street after,walk_S2
walk_S2,77,1,0.06999814510345459,0.9595959595959596,99,False,False,when I was lying in bed at home as an adolescent girl with stomach aches (not like now where it’s constant pain). My parents took me downtown so the doctor coul,walk_S2
walk_S2,78,0,,0.9807692307692307,104,False,False,an image of me looking around at something with one arm raised up over both sides of it’s head in wonderment I imagine myself doing so when standing where two w,walk_S2
walk_S2,79,4,0.11963330209255219,0.9375,96,False,True,the following: <i>(The poem doesn't work for me; I wonder why.)</i>  There were four women on board in an airplane from Tokyo or somewhere around there (in some,walk_S2
walk_S2,80,0,,1.0,5,False,False,not necessarily from today's recording:,walk_S2
walk_S2,81,0,,0.9906542056074766,107,False,False,not your head on mine or our bodies pressed against one another in some place like yours but rather an old photo of ourselves with white snow covering us—all so,walk_S2
walk_S2,82,1,0.1573021411895752,0.9655172413793104,29,False,False,an owl on a tree branch staring straight into me in deep contemplation of her prey or possible mate. Or maybe it's just another bird out there watching us!,walk_S2
walk_S2,83,1,0.07216614484786987,0.9696969696969697,99,False,False,"your voice saying “Let it wash over me,” which was one of many moments during therapy when I felt as though someone understood exactly who I am—my sadness in so",walk_S2
walk_S2,84,0,,0.9736842105263158,38,False,False,"1984 by George Orwell: I think of those people in Oceania whose thoughts were so carefully monitored on their behalf (in favor), no matter where or with whom it",walk_S2
walk_S2,85,2,0.15429699420928955,0.9696969696969697,99,False,False,always of an older man – perhaps 70 years old? His skin wrinkled with fine lines like dried twigs etched on it but nonetheless soft enough for someone so young-,walk_S2
walk_S2,86,2,0.09234458208084106,0.9489795918367347,98,False,False,"of course all those images I've been collecting in preparation for making another piece about dreams; there was some kind of ""dream world"" image with something ",walk_S2
walk_S2,87,1,0.05402916669845581,0.9850746268656716,67,False,False,not of words or story nor do I remember anything but instead there’s something in me like an image from another place. It seems as far away now even though it m,walk_S2
walk_S2,88,0,,0.9545454545454546,22,False,False,the story of Cinderella’s step-sisters who try their hardest but cannot fit into the glass slipper which belongs to her…,walk_S2
walk_S2,89,0,,1.0,23,False,False,an old friend of mine from over half-a-century ago who once served in Vietnam but never talked about it with anyone…,walk_S2
walk_S2,90,4,0.1449328362941742,0.9560439560439561,91,False,False,an image from one of those classic 1970s films about astronauts coming home after long space voyages: The capsule’s doors open up on Earth for the first time in,walk_S2
walk_S2,91,3,0.1436203271150589,0.95,100,False,False,a forest I was in as child - or at least it felt like one. It’s not an actual memory of childhood but rather something out of some dream-like state where things,walk_S2
walk_S2,92,1,0.04934549331665039,0.9777777777777777,90,False,False,not where I’ve been or even who these people were but just as much when did it end? When exactly was their story over for good in all its glory yet so fleetingl,walk_S2
walk_S2,93,1,0.09730541706085205,1.0,74,False,False,:  sleepless nights waiting for spring when it came too late; days spent trying in vain as I tried again… but now all has changed with new beginnings! 2017 brou,walk_S2
walk_S2,94,0,,0.9908256880733946,109,False,False,not of him at all but instead an old black horse tied up in front of me with two people on its back riding away from sight into darkness as I wake again after s,walk_S2
walk_S2,95,0,,,0,False,False,…,walk_S2
walk_S2,96,1,0.06850570440292358,0.9795918367346939,98,False,False,"not dreams but reality: I am lying in bed; there’s an open window at one side of me, light filtering into it from outside where snow continues to fall steadily ",walk_S2
walk_S2,97,2,0.0811469554901123,0.9789473684210527,95,False,False,I am falling down an endless staircase with no bottom in sight. My head has been hit by something so hard it causes me excruciating pain but for some reason eve,walk_S2
walk_S2,98,0,,1.0,2,False,False,her smile...,walk_S2
walk_S2,99,2,0.21559301018714905,0.956989247311828,93,False,True,an old poem by Mary Oliver called “Wild Geese.” I heard it performed at The Living Room of Theatre for One in 2013 or ’14; now its lyrics reside deep within me ,walk_S2
polygon_S3,0,1,0.0826520323753357,0.9285714285714286,42,False,False,"so much like you I know it’s not really you but still this word just slipped out…


i had trouble finding any songs about trees i liked for today or yesterday's",polygon_S3
polygon_S3,1,0,,1.0,5,False,False,this song by Pink Floyd:,polygon_S3
polygon_S3,2,2,0.2453942894935608,1.0,29,False,True,some sort of an ancient Celtic poem or song about moonlight... something along those lines.... but it's been over ten years since I heard this voice speaking th,polygon_S3
polygon_S3,3,2,0.13550704717636108,0.875,96,False,True,"this verse from <em>The Rime of The Ancient Mariner</em> by Lord Byron: “A thousand sails, a thousand sails.” This poem was written about sailors on an expediti",polygon_S3
polygon_S3,4,0,,0.9333333333333333,15,False,False,this song which I like very much: https://youtu.be/G-30Q5q4f7w,polygon_S3
polygon_S3,5,0,,1.0,4,False,False,all I can find…,polygon_S3
polygon_S3,6,3,0.10068660974502563,0.9393939393939394,99,False,False,not so much thoughts as sensations—images perhaps more than anything else: I feel like someone trying hard NOT to fall asleep... but really wanting sleep; or ma,polygon_S3
polygon_S3,7,0,,,0,False,False,…,polygon_S3
polygon_S3,8,1,0.04157525300979614,0.9805825242718447,103,False,False,this: I am alone on top of some big mountain-like object looking over vast stretches of water – but they can’t look anything like we have here or anywhere else ,polygon_S3
polygon_S3,9,2,0.10458981990814209,0.9375,96,False,False,always something new about myself—an inner image I have never seen or imagined but which has no other name than <em>me</em> (my identity). And when it doesn’t c,polygon_S3
polygon_S3,10,3,0.11698601394891739,0.9032258064516129,93,False,False,your smile on that fateful afternoon…the wind blew up out of nowhere into our faces; it was cold like no other November breeze I had ever experienced (but who c,polygon_S3
polygon_S3,11,0,,0.75,4,False,False,: <em>a song</em>…,polygon_S3
polygon_S3,12,1,0.34044015407562256,1.0,14,False,False,"this song from The Wizard of Oz...


""If I Only Had A Brain!""



Enjoy!",polygon_S3
polygon_S3,13,0,,1.0,36,False,False,not much more than an image – like watching clouds roll by on fast moving train windows or looking up through trees as I drive past them… A series of images but,polygon_S3
polygon_S3,14,0,,0.9701492537313433,67,False,True,not about myself or even nature as much as it’s something else altogether: <em>a book</em> – an idea for how literature might look if I had written every word i,polygon_S3
polygon_S3,15,1,0.26975375413894653,1.0,24,False,False,an open field full of daffodils surrounded by snowdrops blooming like magic amidst barren earth. I sense it’s cold but beautiful as well.,polygon_S3
polygon_S3,16,1,0.07594430446624756,0.9310344827586207,58,False,True,not words or images but <strong><em>silence</em></strong>…a soundless space which becomes all present and infinite; where everything rests on its own accord …ju,polygon_S3
polygon_S3,17,2,0.07467156648635864,0.9702970297029703,101,False,False,not an image but feeling: I am being carried through some tunnel whose sides become darker as we proceed – yet our movement does not seem violent; instead it fe,polygon_S3
polygon_S3,18,0,,1.0,1,False,False,this:,polygon_S3
polygon_S3,19,3,0.0809963122010231,0.9494949494949495,99,False,False,how it would feel if we could all stop for just an instant — freeze everything down; take this moment as something frozen on film or captured by some kind photo,polygon_S3
polygon_S3,20,3,0.07744592428207397,0.9550561797752809,89,False,False,how often I’m so angry right now? At myself or other people for things they have said/done (or haven’t done) – it can feel like life itself has become nothing b,polygon_S3
polygon_S3,21,1,0.09125268459320068,0.9797979797979798,99,False,False,this image: it’s nighttime as I lay down on blankets spread over dirt outside an uninhabited hut somewhere around where you can find people wearing sarong-like ,polygon_S3
polygon_S3,22,1,0.09925872087478638,0.978494623655914,93,False,False,this: when I first began working for myself as an author/artist it was just after 2018’s election debacle had been exposed by Cambridge Analytica (Facebook). Th,polygon_S3
polygon_S3,23,0,,0.92,25,False,False,an autumn afternoon by an old pond surrounded by tall grasses; as I look across its surface ripples appear like waterlilies floating downriver into eternity...,polygon_S3
polygon_S3,24,4,0.13888293504714966,0.925531914893617,94,False,False,an old fairy tale called ‘The Wild Swans’. The story tells about six beautiful girls who were turned into swans by evil stepmothers (although it’s more than jus,polygon_S3
polygon_S3,25,1,0.06571030616760254,0.9736842105263158,76,False,False,not images or thoughts; rather it's emotions: they flood through you like water coursing down rapids as I guide myself toward feeling deeply rested — calm yet i,polygon_S3
polygon_S3,26,0,,1.0,4,False,True,this poem about spring…,polygon_S3
polygon_S3,27,1,0.2500832676887512,0.9111111111111111,45,False,False,": <strong>the cold rain falling on black asphalt</strong> (my old neighborhood), or maybe it’s something else entirely … either way I want you all to let whatev",polygon_S3
polygon_S3,28,2,0.2502540946006775,0.9782608695652174,92,False,False,all I’ve ever known: The cold wind blowing off Lake Michigan through trees into our tiny house on Chicago’s South Side; long car rides out West where we camped ,polygon_S3
polygon_S3,29,1,0.21760326623916626,0.9230769230769231,13,False,False,: The sun rising again today! That makes us strong all over again (a),polygon_S3
polygon_S3,30,2,0.12626826763153076,0.9375,32,False,False,"not much but I can try these… If they’re relevant:

When you were small would your family play “hide-n-seek” when it was pitch black outside? (Did you have fun?",polygon_S3
polygon_S3,31,4,0.11625131964683533,0.9340659340659341,91,False,False,nothing but an intense desire for connection; desiring union or unity among all things—or perhaps I am just feeling so connected today! Perhaps it has something,polygon_S3
polygon_S3,32,3,0.08065279573202133,0.9157894736842105,95,False,True,our song from last month about how we both think it’s so much easier for others than us when they get into trouble (or any other problem). “The way I handle pro,polygon_S3
polygon_S3,33,0,,0.979381443298969,97,False,False,when I was younger (at least 5 years old) while playing school on some lawn by an apartment building somewhere where we all lived together – not so much like “t,polygon_S3
polygon_S3,34,0,,0.9305555555555556,72,False,False,this: you can’t always expect people or circumstances to change for the better; some things just aren’t meant to go on as they were forever — not because life g,polygon_S3
polygon_S3,35,0,,0.88,25,False,True,"this poem by Robert Frost: The Road Not Taken — <em>Two roads diverged in a wood, and I took the one less traveled by</em>.",polygon_S3
polygon_S3,36,2,0.21658703684806824,0.9487179487179487,39,False,True,"this poem by William Blake: ""The Clod And The Pebble"". It's about how sometimes we can feel like pieces of dirt thrown away from somewhere else; but if you have",polygon_S3
polygon_S3,37,0,,1.0,3,False,True,just this poem…,polygon_S3
polygon_S3,38,0,,1.0,11,False,True,this poem by William Wordsworth: I Wandered Lonely As A Cloud!,polygon_S3
polygon_S3,39,0,,1.0,10,False,True,this poem from Robert Frost’s 1923 collection West-Running Brook,polygon_S3
polygon_S3,40,2,0.17109063267707825,0.8589743589743589,78,False,True,"this poem from <strong>WALT WHITMAN</strong> (1819-1910), “When I Heard the Learn d Astronomer”.  The speaker observes: …<i>“It rings all hollow and the starry ",polygon_S3
polygon_S3,41,0,,0.9770114942528736,87,False,False,an open space—a place where I can hear myself think without interruption (not for long) or interference from other voices within my head; it’s like being alone ,polygon_S3
polygon_S3,42,0,,0.9902912621359223,103,False,False,you — your hands on mine holding them tightly as if they were two delicate pieces of clay waiting for an artist's brush or maybe something more substantial but ,polygon_S3
polygon_S3,43,2,0.10180607438087463,0.9270833333333334,96,False,False,"this:


<blockquote>the world we all live in</blockquote>



This will help you concentrate on your breathing during these meditations… Take some long breaths a",polygon_S3
polygon_S3,44,0,,1.0,6,False,False,all I want for us; peace,polygon_S3
polygon_S3,45,2,0.0660679042339325,0.925531914893617,94,False,False,an old black woman (an image I had) standing on stage looking out into the crowd as if trying to figure out why they wouldn’t let <em>it</em> happen: it being w,polygon_S3
polygon_S3,46,1,0.23518717288970947,1.0,29,False,True,this poem by A. E. Housman which we first encountered together many years ago during our exploration of 17 th century poetry—an era when poems like these were w,polygon_S3
polygon_S3,47,3,0.10655295848846436,0.98989898989899,99,False,False,this: A small child sees something interesting outside - possibly because it's snowing/raining or perhaps its just cold for him so he pulls on some warm clothes,polygon_S3
polygon_S3,48,4,0.15865732729434967,0.9797979797979798,99,False,True,an idea from some random place on earth… Maybe just maybe it’s something I saw/heard while walking down our small street yesterday! But who knows? These thought,polygon_S3
polygon_S3,49,1,0.03849571943283081,0.9795918367346939,98,False,False,how it feels when you go off for too long on vacation; even your phone might as well just disappear from view if not answered by an immediate reply after 30 min,polygon_S3
polygon_S3,50,0,,1.0,8,False,False,: Do you know where I left your sunglasses?,polygon_S3
polygon_S3,51,3,0.18746167421340942,0.8378378378378378,37,False,False,how much I’ve learned from you all over these years…  How wonderful it has been!!! So many great ideas! And people!! How lucky we were — your students … Your fa,polygon_S3
polygon_S3,52,0,,0.961038961038961,77,False,False,"this image: I am walking through an ocean-like landscape under soft moonlight, surrounded by tall trees (some taller than you), but they’re not dense; instead a",polygon_S3
polygon_S3,53,1,0.0757681131362915,0.9805825242718447,103,False,False,this scene: I am on top of an iceberg somewhere along the Arctic Circle’s northern shore; it is cold enough out here for icicles to form just outside where you ,polygon_S3
polygon_S3,54,3,0.12735092639923096,0.9195402298850575,87,False,True,another form or phase this poem can take: an ode/prayer to something outside our understanding (the “moon” could either metaphorically refer to cosmic processes,polygon_S3
polygon_S3,55,0,,1.0,7,False,True,this poem which I have been reading:,polygon_S3
polygon_S3,56,2,0.11076995730400085,0.9333333333333333,90,False,False,your beautiful work so full of life… like an endless stream! Your art was created for this moment you know…. I’ll always cherish it as part of our journey toget,polygon_S3
polygon_S3,57,0,,0.9615384615384616,26,False,False,an unfathomable expanse where you can touch nothing but infinite blue skies as far as I could look into them from here on earth above me?,polygon_S3
polygon_S3,58,5,0.2688838839530945,0.978494623655914,93,False,False,"an image I took from another book:


The scene shifts again as you can hear birds chirping outside...



There was once upon a time two brothers who had just fi",polygon_S3
polygon_S3,59,2,0.12909561395645142,0.9702970297029703,101,False,False,"this: I imagine standing on a mountainside or perhaps even above it looking out over an expanse of forest land, but all so far away you can’t quite make them ou",polygon_S3
polygon_S3,60,5,0.11615188419818878,0.9468085106382979,94,False,False,": ""<em>what do I care if people hate it?</em>"" What's so bad about not knowing something you were supposed to know? It seems silly enough to even think twice; l",polygon_S3
polygon_S3,61,0,,0.926829268292683,82,False,False,you—you lying on your side as I lie beside you; it’s just us two together again after so long apart–we hadn’t been sleeping much lately (it was always difficult,polygon_S3
polygon_S3,62,2,0.0641089379787445,0.9565217391304348,92,False,False,an image which I am not sure how it came about - perhaps from some childhood dream? It has been bothering me since last fall when we were all on vacation for Th,polygon_S3
polygon_S3,63,0,,0.9902912621359223,103,False,False,an orange sunrise over Lake Michigan on a frigid early-summer morning when I was nineteen years old working construction along shore for $8/hr: two guys were dr,polygon_S3
polygon_S3,64,1,0.12830287218093872,0.9333333333333333,30,False,False,this: when I wake up feeling rested or renewed by sleep it’s because i got some sweet dreams about you! Not always but usually…it makes all the difference….,polygon_S3
polygon_S3,65,1,0.47808510065078735,0.9433962264150944,53,False,True,this poem by John Donne (1572-1631). I think about how it speaks so much truth for our current situation:  we all need something beautiful tonight as we lay dow,polygon_S3
polygon_S3,66,2,0.0855831503868103,0.9813084112149533,107,False,False,an empty space where nothing would ever change from moment to moment but instead it stays exactly as you want your life always for all eternity so how could any,polygon_S3
polygon_S3,67,0,,0.9512195121951219,41,False,False,an old house on stilts sitting by some water far away from civilization where it can sit alone surrounded by trees or grass…it could almost look like nature but,polygon_S3
polygon_S3,68,1,0.050074219703674316,0.9444444444444444,90,False,False,an image I am familiar with: you take off your shoes as soon as possible once inside someplace like this—to make sure not even sand gets between your toes on th,polygon_S3
polygon_S3,69,3,0.18364666402339935,0.9680851063829787,94,False,False,an empty space or black void but it isn’t because I know we don’t exist without some kind of consciousness…so where do you go when your brain goes silent? If de,polygon_S3
polygon_S3,70,3,0.09787251800298691,0.8313253012048193,83,False,False,this verse: “And all things were made by him; and without him was not any thing made that was made.” You know from reading Scripture you may have heard it said ,polygon_S3
polygon_S3,71,3,0.13890112936496735,0.9489795918367347,98,False,False,this: I need more sleep today because tomorrow may not come! This morning was an adventure filled with surprises for someone who’s new around here. As soon as o,polygon_S3
polygon_S3,72,1,0.09002673625946045,1.0,18,False,False,your smiling profile - not sure why I thought this today? Maybe you were thinking about it as well...,polygon_S3
polygon_S3,73,3,0.1707974225282669,0.9418604651162791,86,False,True,"this poem by Emily Dickinson:  ""The Soul Selects it Self"".   This could have been written about our soul's selection process as we move through life here on ear",polygon_S3
polygon_S3,74,0,,0.9811320754716981,53,False,False,this: I am sitting on top of Mount Fuji looking down into Hakone from its summit towards Lake Ashi as it's reflection lies upon Mt Busa (a crater lake) below us,polygon_S3
polygon_S3,75,2,0.19489747285842896,0.9866666666666667,75,False,False,nothing but an endless ocean stretching as far into depth I can’t imagine beyond any horizon you might find on earth or even another world where we exist. The s,polygon_S3
polygon_S3,76,5,0.15375716984272003,0.9259259259259259,81,False,False,so sweet it touches the core: “Let us live as if God exists.” That’s such an obvious statement! The implication though isn’t clear; does living mean we worship?,polygon_S3
polygon_S3,77,1,0.06099647283554077,0.9693877551020408,98,False,False,your voice so full of life I wish could get into mine… you made it easier for this girl who had been afraid when we started dating because sometimes our convers,polygon_S3
polygon_S3,78,0,,0.875,24,False,False,an image from John Singer Sargent’s portrait (1895) <em>A Portrait of Alice Gwynne Ward</em> – you can click on it for larger image:,polygon_S3
polygon_S3,79,0,,0.7857142857142857,14,False,True,the following: <i>(The poem doesn't work for me; I don't know why)</i>,polygon_S3
polygon_S3,80,0,,1.0,23,False,False,not necessarily exactly right or wrong but just something I want you to think about for however long it takes… let’s go!,polygon_S3
polygon_S3,81,0,,1.0,70,False,False,"as follows:

1) this little girl from our town who was born on April 30st – we always have fun together when I play guitar for an hour while sitting cross-legge",polygon_S3
polygon_S3,82,1,0.12339043617248535,1.0,76,False,False,how you look out your window on an evening when it’s still warm outside but autumn has already begun its shift toward colder days ahead – this view would make s,polygon_S3
polygon_S3,83,0,,0.9347826086956522,46,False,False,"this: <b>a white horse</b> -- galloping wildly across open fields (or maybe mountains), but without destination or purpose beyond its own power over land and ai",polygon_S3
polygon_S3,84,1,0.13125765323638916,1.0,89,False,False,"this picture: A forest path winds through lush green grasses around towering trees whose branches touch heaven above, creating tunnels between them just large e",polygon_S3
polygon_S3,85,1,0.22201180458068848,0.972972972972973,37,False,False,"always beautiful or tragic – never boring! I will try this again soon… thank you for these recordings, they make it possible when i have no idea how long my att",polygon_S3
polygon_S3,86,3,0.18203502893447876,0.967741935483871,93,False,False,something we all experience over 15 years later after experiencing COVID-19 for about 8 weeks straight without ever coming down from it as you can guess I was v,polygon_S3
polygon_S3,87,1,0.10183835029602051,0.9418604651162791,86,False,False,this:  the story you told when we spoke earlier about seeing your father for an hour every evening on television? The image I have as far as how it all works ou,polygon_S3
polygon_S3,88,1,0.06884264945983887,0.92,100,False,False,this story from <em>The Secret Garden</em>: When Mary came home from being ill all alone on some isolated island where no one cared about her but herself until ,polygon_S3
polygon_S3,89,3,0.0958225354552269,0.9690721649484536,97,False,False,an old friend I used to know - well-meaning but rather shallow who would get so excited about life itself; it was as if he forgot how precious everything really,polygon_S3
polygon_S3,90,2,0.13837364315986633,0.9175257731958762,97,False,False,this: <em>the first song</em> I heard on Earth was called “It’s You.” It had been written for an animated movie about Disney characters—something like Snow Whit,polygon_S3
polygon_S3,91,2,0.13206946849822998,0.9693877551020408,98,False,False,"a forest I was walking through as part of an outdoor class for our 9-year old daughter on Saturday morning (the kind where you bring your own picnic lunch), exc",polygon_S3
polygon_S3,92,1,0.13538074493408203,0.9690721649484536,97,False,False,not where I’ve been or how many things have happened but just as much about other people; we live so interdependently on this world yet all too often take for g,polygon_S3
polygon_S3,93,0,,0.8888888888888888,18,False,False,":  The Earthly Paradise (from ""Paradise Lost"") by John Milton - https://www.poetryfoundation.org/poems-and-poets/poems/detail/45389",polygon_S3
polygon_S3,94,2,0.06120973825454712,0.9789473684210527,95,False,False,not “what I can do” but rather this: ‘God gave us bodies so we may move them’.  We cannot exist without doing things — whether it’s walking through trees or bre,polygon_S3
polygon_S3,95,0,,,0,False,False,…,polygon_S3
polygon_S3,96,3,0.2182723879814148,0.9489795918367347,98,False,False,not just these words but also an image – it’s like I have suddenly found myself wandering through some strange dream world (the opening description above was pr,polygon_S3
polygon_S3,97,3,0.09006226062774658,0.9387755102040817,98,False,True,I can’t make any sense out of this for some reason? This really isn’t going anywhere – it seems too disorganized / abstract compared to your usual poetry; but m,polygon_S3
polygon_S3,98,2,0.06290459632873535,0.9603960396039604,101,False,False,this: it feels like I am standing inside an old church where they put on puppet shows for kids (it’s not really puppetish). All these puppets talk to each other,polygon_S3
polygon_S3,99,5,0.11739158630371094,0.9148936170212766,94,False,True,"this: “In these lines we’re finding echoes from old times.” The first thing I do when an idea strikes me, like ‘old,’ or ’echoes from.’ Is dig into research so ",polygon_S3
walk_w000_S3,0,1,0.027858495712280273,0.9456521739130435,92,False,False,nothing more than an image of this song itself- so I listen for it again as if someone were playing softly but clearly in another room (that would take some doi,walk_w000_S3
walk_w000_S3,1,0,,1.0,5,False,False,this song by Pink Floyd:,walk_w000_S3
walk_w000_S3,2,3,0.17499317228794098,0.9896907216494846,97,False,False,some sort of an ancient Celtic mythology or legends type thing... something along those lines.... but it's not important where this story starts out from I am j,walk_w000_S3
walk_w000_S3,3,0,,1.0,13,False,False,this song I heard on KEXP last weekend: The Unraveller by Laura Marling,walk_w000_S3
walk_w000_S3,4,1,0.08200567960739136,0.9578947368421052,95,False,False,this song which I’m certain was released in 1980- something like three decades ago for those who don’t know anything about it . It brings to mine an image of be,walk_w000_S3
walk_w000_S3,5,0,,0.9873417721518988,79,False,False,an image of someone lying on some grass under this sun-dappled canopy; Someone just laying in bed looking out over ocean as waves crash upon shoreline below the,walk_w000_S3
walk_w000_S3,6,2,0.09301277995109558,0.9764705882352941,85,False,False,not of death or despair but instead love for others – I feel warmth from within as if it were inside out through every cell in me radiating outwards towards any,walk_w000_S3
walk_w000_S3,7,0,,,0,False,False,…,walk_w000_S3
walk_w000_S3,8,1,0.06988126039505005,0.9484536082474226,97,False,False,this: I am standing on top of some big mountain-thingie looking over vast stretches of water – but it’s not just anything;  it seems like <strong>something</str,walk_w000_S3
walk_w000_S3,9,2,0.08247381448745728,0.9508196721311475,61,False,True,"not necessarily in alignment with this poem’s content, so I keep going… or am it more of an emotional reaction? A feeling like something happened today but now ",walk_w000_S3
walk_w000_S3,10,2,0.1097065806388855,0.9125,80,False,True,how much of this poem does not exist in English? <i>The Long Night</i> has been translated from French many times—including three versions by A. K. Barshay betw,walk_w000_S3
walk_w000_S3,11,0,,0.8571428571428571,7,False,False,this song from <em>The Hobbit</em>:,walk_w000_S3
walk_w000_S3,12,1,0.39465802907943726,0.9705882352941176,34,False,False,"this song from The Last of Us: Left Behind (2014), performed by Carrie Underwood; she plays Ellie in it too! It’s about escaping civilization… https://www.youtu",walk_w000_S3
walk_w000_S3,13,0,,0.9702970297029703,101,False,False,not much of anything in particular – just some kind of hazy recollection from several lifetimes ago or possibly this one (or both) where I was looking up throug,walk_w000_S3
walk_w000_S3,14,1,0.07524490356445312,0.9705882352941176,102,False,False,not of images or words but something much more powerful in its hold on my emotions: I feel it’s coming towards me — like an invisible wave gently gathering stre,walk_w000_S3
walk_w000_S3,15,4,0.15111608803272247,0.9368421052631579,95,False,False,an open field full of daffodils in bloom… I’m not sure how it got started but this image has been on repeat for some days now…. The fields were so green everywh,walk_w000_S3
walk_w000_S3,16,0,,0.95,60,False,False,not words or images but <strong><em>silence</em></strong>…a soundless space which becomes something like an infinite dark void … filled somehow by feelings of m,walk_w000_S3
walk_w000_S3,17,0,,1.0,15,False,False,not an elf but this: https://www.youtube.com/watch?v=8h57sF-y4bU,walk_w000_S3
walk_w000_S3,18,1,0.1680903434753418,0.9811320754716981,106,False,False,this: I am lying on green grass looking up toward tall trees. The leaves sway in the breeze like waves crashing ashore against them as though trying to keep fro,walk_w000_S3
walk_w000_S3,19,0,,1.0,8,False,False,of course this painting by Monet: Water Lilies (1906) :,walk_w000_S3
walk_w000_S3,20,2,0.07426011562347412,0.9603960396039604,101,False,False,how often I’m so angry right now? At myself for being in such an uncomfortable spot of feeling like shit over something when it should just go away by itself be,walk_w000_S3
walk_w000_S3,21,0,,1.0,29,False,False,an image of blue skies above green fields below — I let it go like water over rocks in a stream flowing through them without changing its course or strength…,walk_w000_S3
walk_w000_S3,22,2,0.10091045498847961,0.9263157894736842,95,False,False,this: when I first began working for myself as an illustrator/designer in 2014–for about eight months total—my landlord asked if he could paint over some of my ,walk_w000_S3
walk_w000_S3,23,4,0.11222745478153229,0.9797979797979798,99,False,False,an autumn storm coming through in slow motion; wind ripping leaves from trees as lightning flashes across the sky behind it until everything looks like flames d,walk_w000_S3
walk_w000_S3,24,0,,1.0,35,False,False,of course “The Old Man in Winter” by Mary Oliver—a piece I first read years ago but recently revisited because it feels so on point right now as an antidote for,walk_w000_S3
walk_w000_S3,25,2,0.08386009931564331,0.9428571428571428,70,False,False,not images or thoughts; rather it's emotions: something I feel as much as anything else in this moment. The most vivid feeling for me right now is nostalgia--fo,walk_w000_S3
walk_w000_S3,26,1,0.057279109954833984,0.9183673469387755,98,False,False,this: I’m on an island in the Pacific Ocean where no human lives for decades or centuries without being noticed (or even seen). There exists no landfall nor mea,walk_w000_S3
walk_w000_S3,27,0,,1.0,2,False,False,this song.,walk_w000_S3
walk_w000_S3,28,4,0.1409604400396347,0.9375,96,False,False,this: I am standing near some water or another—maybe it's on shore by moonlight? Something seems vaguely dangerous out of reach; maybe if I take three steps clo,walk_w000_S3
walk_w000_S3,29,2,0.07966357469558716,0.9081632653061225,98,False,True,of course the poem by Tennyson <i>The Charge of The Light Brigade</i> which I had already quoted in this thread for another purpose: it seems fittingly appropri,walk_w000_S3
walk_w000_S3,30,2,0.05421680212020874,0.9387755102040817,98,False,False,being able to turn these words around… like turning an old record on its side so it’s upside down… as if I could feel this experience now instead of remembering,walk_w000_S3
walk_w000_S3,31,2,0.1399780511856079,0.9278350515463918,97,False,False,"nothing but an intense desire for more; desiring <i>more</i> of anything—in this case: books (especially ones about nature & history), conversations over tea or",walk_w000_S3
walk_w000_S3,32,2,0.14304092526435852,0.9693877551020408,98,False,False,of light flooding through trees in sunlight on a warm afternoon.  The air around them tingles just slightly as it catches hold of molecules between branches or ,walk_w000_S3
walk_w000_S3,33,0,,0.9893617021276596,94,False,False,when I was younger (at least 5 years old) while playing “intimate” games of hide-and-seek in an empty neighborhood park on Christmas Eve afternoon; it’s hard no,walk_w000_S3
walk_w000_S3,34,1,0.10067951679229736,0.989247311827957,93,False,False,this: I am on an ocean liner headed for Europe in 1938 or 1940; It was summer of those years when people went aboard ships as though it were normal activity; Th,walk_w000_S3
walk_w000_S3,35,1,0.3535395860671997,0.9166666666666666,12,False,True,this poem by e.e cummings about birds in flight above water:,walk_w000_S3
walk_w000_S3,36,2,0.1970006227493286,0.979381443298969,97,False,True,"this poem by William Blake: ""The Tyger"". I feel like it's perfect for today because of its imagery about fire (like fireworks) being both destructive but also a",walk_w000_S3
walk_w000_S3,37,1,0.06871962547302246,0.8958333333333334,96,False,False,"one of those songs from <em>The Last Night Of The Proms</em> – not always by Elgar or Vaughan Williams though: “There’ll Always Be an England”, for instance (no",walk_w000_S3
walk_w000_S3,38,0,,1.0,11,False,True,this poem by William Wordsworth: I Wandered Lonely As A Cloud!,walk_w000_S3
walk_w000_S3,39,2,0.08458694815635681,0.967032967032967,91,False,True,this poem by Robert Hass…a love letter of sorts from an elderly man describing how he imagines life would look like after death –  something along the lines as ,walk_w000_S3
walk_w000_S3,40,3,0.1416744738817215,0.9074074074074074,54,False,False,this image of people waiting in lines for something unknown or distant which could change them forever like an initiation ceremony from another realm perhaps be,walk_w000_S3
walk_w000_S3,41,2,0.15484952926635742,0.98,100,False,True,of two worlds—a world outside human control where I am not free (not alive) but also one inside which everything else feels irrelevant; these thoughts move toge,walk_w000_S3
walk_w000_S3,42,1,0.12410712242126465,0.9508196721311475,61,False,False,of an autumn sunset in New England; or perhaps fall colors on Mt Katahdin while hiking through Baxter State Park…or maybe sitting by a campfire on Martha’s Vine,walk_w000_S3
walk_w000_S3,43,2,0.14425277709960938,0.9473684210526315,95,False,False,"this:


<blockquote>The leaves of Summer fall from green trees onto wet ground where worms will eat them for food - or some part thereof until it dries out agai",walk_w000_S3
walk_w000_S3,44,3,0.11485981941223145,0.8842105263157894,95,False,False,how much of an oddball I was in school – like many kids from New Jersey! (not sure if this makes sense) But it’s always so sad when everyone gets married right ,walk_w000_S3
walk_w000_S3,45,1,0.08791673183441162,0.9595959595959596,99,False,False,an old black woman (an image of her) standing in front of one window looking out onto another street where people stand on stoops talking or laughing for no rea,walk_w000_S3
walk_w000_S3,46,0,,1.0,12,False,False,this song: https://www.youtube.com/watch?v=t4u3g2oB7_0,walk_w000_S3
walk_w000_S3,47,0,,0.9811320754716981,53,False,False,this: A small child sitting on Santa’s lap in front of an open fireplace – he looks up just as Rudolph blows so hard it almost blew him out but instead lights r,walk_w000_S3
walk_w000_S3,48,3,0.19765198230743408,0.9027777777777778,72,False,True,an idea from some of John Keats’s poems –  from ‘La Belle Dame Sans Merci’. I don’t know if it was he who used this phrase: “Beauty’s in the eye of the beholder,walk_w000_S3
walk_w000_S3,49,0,,0.9827586206896551,58,False,False,"how it feels when someone walks in without knocking on my door; even if I knew them well enough for us to greet one another by name - not just “Hey,” but maybe ",walk_w000_S3
walk_w000_S3,50,0,,0.9809523809523809,105,False,False,not an answer but instead it reminds me of being in love for no other reason than I was infatuated by someone who made something inside me swell up from head to,walk_w000_S3
walk_w000_S3,51,1,0.05900806188583374,0.9207920792079208,101,False,False,"how much of myself I am able to leave open for other people — not always intentionally (although this one time seems pretty intentional), but sometimes when it ",walk_w000_S3
walk_w000_S3,52,0,,1.0,108,False,False,this image of two people walking together across an open field on one side is full sun while as far away over yonder hilltops it’s dark shadows spread through s,walk_w000_S3
walk_w000_S3,53,2,0.10350117087364197,0.9791666666666666,96,False,False,"this scene: I am on top of an iceberg in Antarctica; it’s late spring (May), warm but not hot enough for flowers just starting out or leaves sprouting. There is",walk_w000_S3
walk_w000_S3,54,0,,0.9487179487179487,39,False,False,another body being found in her house by two of her employees who had been going through things after she'd moved out because it was supposed to happen anyway; ,walk_w000_S3
walk_w000_S3,55,0,,0.967032967032967,91,False,False,"this:

The last thing I saw of him in person was when he stood on an empty platform as train after train passed by leaving only one or two passengers aboard for",walk_w000_S3
walk_w000_S3,56,2,0.07983896136283875,0.9523809523809523,84,False,False,"an image of snow-laden trees against a bright blue sky—or rather, I feel this energy in every cell as if it were something more powerful than myself: some cosmi",walk_w000_S3
walk_w000_S3,57,2,0.13064396381378174,0.9868421052631579,76,False,False,an unfathomable expanse of purple skies above mountains in every direction; I cannot distinguish one from another except by distance (they fade out gradually). ,walk_w000_S3
walk_w000_S3,58,0,,0.9809523809523809,105,False,False,an image of two faces: one pale as mine but older than I am now; another slightly younger looking for some reason like it has been carved in wax by a young girl,walk_w000_S3
walk_w000_S3,59,2,0.12107953429222107,0.9795918367346939,98,False,False,this: I’m watching a film in which two people (probably lovers) fall from great height on some distant planet – so high up one could go blind if it were dark en,walk_w000_S3
walk_w000_S3,60,0,,0.95,20,False,False,"of this beauty in nature, something I will cherish for as long as it lives on within memory’s depths:",walk_w000_S3
walk_w000_S3,61,4,0.1637757569551468,0.9347826086956522,92,False,False,"this quote from The Hobbit by JRR Tolkien: ""But do not go out of doors in broad day; but keep near the wall or tree-line instead."" (Chapter 7 - A Long Expected ",walk_w000_S3
walk_w000_S3,62,1,0.04689204692840576,0.97,100,False,False,an image of being in space as though it were water around us like bubbles; I feel myself drifting away from one thing – this physical world (earth) - into somet,walk_w000_S3
walk_w000_S3,63,1,0.08338874578475952,0.9473684210526315,95,False,False,an orange sunrise in autumn light: golden hues on leaves as deep green as old copper money; yellowing oak trees standing like giant sentinels against dark grey ,walk_w000_S3
walk_w000_S3,64,1,0.059980154037475586,0.9263157894736842,95,False,False,an image of people huddled together in shelter from snowstorm conditions such as those experienced across much of Canada this past week or so. These images appe,walk_w000_S3
walk_w000_S3,65,2,0.2347348928451538,0.9887640449438202,89,False,True,"this poem by John Donne (1572-1631). I love it for its imagery of cold darkness in contrast to summer’s heat – which he calls “hateful”, even though hate itself",walk_w000_S3
walk_w000_S3,66,3,0.11221104860305786,0.9693877551020408,98,False,False,an empty field of daisies under grey skies on a cool spring day or early fall. The sun isn’t shining for it has gone in behind clouds from which light rain fall,walk_w000_S3
walk_w000_S3,67,0,,1.0,15,False,False,an old black-clad woman sitting by her fire on a wintry day in England…,walk_w000_S3
walk_w000_S3,68,1,0.0823102593421936,0.9381443298969072,97,False,False,an image of trees on fire in fall time; warm colours turning golds as autumn draws nearer - I think it may even just show up where these leaves lay on ground no,walk_w000_S3
walk_w000_S3,69,2,0.10795485973358154,0.9805825242718447,103,False,False,being held by an invisible force in darkness… I am afraid of this black space around us; but also fascinated & drawn toward it as if through gravity or some sor,walk_w000_S3
walk_w000_S3,70,1,0.08371484279632568,0.9054054054054054,74,False,False,a dark cloud passing over two houses of light in an otherwise gloomy landscape - or maybe it's just how I was feeling as recently as this past Saturday when som,walk_w000_S3
walk_w000_S3,71,0,,1.0,11,False,False,this song: https://www.youtube.com/watch?v=943zN01U5nQ,walk_w000_S3
walk_w000_S3,72,1,0.07237976789474487,0.9595959595959596,99,False,False,how in this moment I need love like never before because it’s needed by so many of us right now; those who don’t seem able to live from day to day without some ,walk_w000_S3
walk_w000_S3,73,4,0.23693625628948212,0.9795918367346939,98,False,True,"this poem by Anne Sexton titled ""Wild Hawthorn."" The first stanza opens: ""Haste ye cowards/back to shade...."" I read these lines as advice from nature itself – ",walk_w000_S3
walk_w000_S3,74,1,0.05432724952697754,1.0,99,False,False,this: I am in some kind of underground cavern or catacomb on an island deep within its own lake; as such it will always remain isolated from other islands (a fa,walk_w000_S3
walk_w000_S3,75,3,0.11378612369298935,0.967741935483871,93,False,False,nothing more than those two words:  “fearless.” <em>Fearlessness</em> has an aura of invincibility or superiority about it which makes us feel powerful in certa,walk_w000_S3
walk_w000_S3,76,8,0.2825114130973816,0.9347826086956522,92,False,False,so sweet it hurts! The thought of her as this girl walking towards him in those blue jeans was enough for a man’s heart-wrenching moment.. She walks forward... ,walk_w000_S3
walk_w000_S3,77,3,0.10217795521020889,0.9347826086956522,92,False,False,when I was in 9<sup>th</sup> grade art class…we made paper mache statues of people from Egyptian paintings (mostly priests). The idea being how would the pharao,walk_w000_S3
walk_w000_S3,78,1,0.08459615707397461,0.95,100,False,False,an image of myself looking around for something while I’m in bed alone late one Saturday morning when it hits me: I’ve run out of toilet paper! So instead of ge,walk_w000_S3
walk_w000_S3,79,0,,0.8,15,False,True,the following: <i>(The poem doesn't work as well if I translate it directly.)</i>,walk_w000_S3
walk_w000_S3,80,1,0.04816246032714844,0.9801980198019802,101,False,False,not necessarily from today's recording session but something else entirely: I am driving in an open car on top of some cliff side overlooking Lake Tahoe — clear,walk_w000_S3
walk_w000_S3,81,0,,0.9583333333333334,48,False,False,"not much of anything but maybe this little piece from the album by The Cure — “Lovesong,” sung so beautifully in fact it doesn’t need words (only some really po",walk_w000_S3
walk_w000_S3,82,2,0.08147615194320679,0.96,75,False,False,how I spent today in this world of ours: How many people do not understand anything about where human beings came from? Have no one ever told them or did it go ,walk_w000_S3
walk_w000_S3,83,3,0.17786438763141632,0.9484536082474226,97,False,False,"this: <b>a white cloud</b> -- or fog? Or just plain air without color, but light as cotton clouds would appear in low sun-light through gaps between mountains o",walk_w000_S3
walk_w000_S3,84,2,0.173986554145813,0.9381443298969072,97,False,False,this picture: A forest covered in snow; I'm walking through it slowly on one of those cool spring days where just barely enough sun has melted away much of the ,walk_w000_S3
walk_w000_S3,85,0,,0.9690721649484536,97,False,False,this picture I was doing last week for school on how an old man looked through new glasses in ancient Greece vs today; it also reminded me of one time when my m,walk_w000_S3
walk_w000_S3,86,0,,0.9813084112149533,107,False,False,of course darkness; blackness fills up every part of space around us as well as inside ourselves where it’s pitch black from not being able to imagine something,walk_w000_S3
walk_w000_S3,87,1,0.41967952251434326,0.9444444444444444,90,False,False,"this:

In 2016 I read The Wind-Up Bird Chronicle by Murakami Haruki for one of those class readings which came in due course after having taken Japanese languag",walk_w000_S3
walk_w000_S3,88,1,0.06612813472747803,0.9611650485436893,103,False,False,this story of two friends who decided one day to travel across Europe on foot in search of truth… Their journey began by chance when while strolling along an em,walk_w000_S3
walk_w000_S3,89,4,0.10253442823886871,0.93,100,False,False,an old friend of mine from when we were growing up in LA together who would get high during parties he was hosting as often as three times in one day and say th,walk_w000_S3
walk_w000_S3,90,2,0.2563469409942627,0.9459459459459459,37,False,False,"this: <em><strong>The Mist</strong></em> by Mistaken Identity! My first album of theirs I ever purchased was called “Fading Memories”. In one song on it, entitl",walk_w000_S3
walk_w000_S3,91,2,0.11569926142692566,0.9607843137254902,102,False,False,"a forest I was in as child - or maybe it's an old memory of one from high school? A dense grove full of trees on either side so narrow but tall, almost reaching",walk_w000_S3
walk_w000_S3,92,1,0.05463767051696777,0.9887640449438202,89,False,False,not of this life or other lifetimes but rather these moments where I get lost in sound waves without an aim for sight; simply immersed within themselves—it does,walk_w000_S3
walk_w000_S3,93,1,0.2110547423362732,1.0,55,False,False,:  a girl of sixteen or so standing on her porch waving goodbye to someone who just left through it after dropping something off for them (like she does every t,walk_w000_S3
walk_w000_S3,94,6,0.2933013141155243,0.95,60,False,False,not of this world. A realm above everything else I know in life so far: The Garden Realms on Mars . They look like fairy tales but they are real — perhaps some ,walk_w000_S3
walk_w000_S3,95,1,0.09929096698760986,0.9456521739130435,92,False,True,"this: I am in an open field – but it’s not just anywhere; something feels right about it, so even though everything around seems desolate (maybe because of how ",walk_w000_S3
walk_w000_S3,96,0,,0.9775280898876404,89,False,False,"not just these words but also an image – of two men who I cannot tell if were friends or lovers standing in front of some great wall, looking at something so fa",walk_w000_S3
walk_w000_S3,97,2,0.06090027093887329,0.9801980198019802,101,False,False,"this:


A child in pajamas sits on her bed watching out of it for something or someone she’s not really aware was ever here because now as much I want those thi",walk_w000_S3
walk_w000_S3,98,1,0.05851978063583374,0.9693877551020408,98,False,False,this: it's one of those warm nights where clouds linger over Manhattan during late spring or early summer—it hangs low enough in the air for its light touch to ,walk_w000_S3
walk_w000_S3,99,1,0.058366477489471436,1.0,94,False,False,an image of these two men running together along dirt path towards something unseen in front them; perhaps it's not even visible from where I am sitting now but,walk_w000_S3
walk_w040_S3,0,3,0.2056531310081482,0.9636363636363636,55,False,True,nothing more than an image of this song playing as I fall asleep; its not just because I'm tired but actually really enjoying the imagery in her voice while dre,walk_w040_S3
walk_w040_S3,1,0,,1.0,5,False,False,this song by Pink Floyd:,walk_w040_S3
walk_w040_S3,2,3,0.18053507804870605,0.9240506329113924,79,False,False,"some sort of an ancient Celtic mythology:

A young man named Sualas who was married for three years now lives in this small village on the other side of Lake Me",walk_w040_S3
walk_w040_S3,3,1,0.4309478998184204,0.9666666666666667,30,False,False,this song I heard on KEXP last weekend: The Unwinding of the Infinite by Animal Collective featuring Panda Bear as sung in French from France 1982–present. A ve,walk_w040_S3
walk_w040_S3,4,1,0.1301051378250122,0.927536231884058,69,False,False,this song which I’m certain was released in 1980-3 but don’t know how to trace its source; if anyone knows or cares please do let me know because so does he: ht,walk_w040_S3
walk_w040_S3,5,0,,0.9473684210526315,19,False,False,an image of someone lying on top of snow covered grass while surrounded by trees or something like this:,walk_w040_S3
walk_w040_S3,6,6,0.35578081011772156,0.9456521739130435,92,False,False,not of death or despair but instead love for someone dear—this girl I used to know who once had such an immense influence on me as she made her way towards mine,walk_w040_S3
walk_w040_S3,7,2,0.13529139757156372,0.9108910891089109,101,False,True,an image of water flowing from a waterfall over rocks at some point in time somewhere along the western coast of Africa. I remember being here as part of someth,walk_w040_S3
walk_w040_S3,8,2,0.1390547752380371,0.9294117647058824,85,False,False,this: I am standing on top of some big tower-thing looking out over city full of buildings – but these aren’t just regular houses or apartment complexes – no no,walk_w040_S3
walk_w040_S3,9,1,0.1087721586227417,0.9587628865979382,97,False,True,not the words of this poem but the image I imagine when reading them (which reminds me somewhat of an Edvard Munch painting). This piece was written in 1930 by ,walk_w040_S3
walk_w040_S3,10,4,0.13649936020374298,0.9090909090909091,88,False,True,how much of this I've read from others or seen in movies about knights on horseback?  This poem seems so familiar for some reason but not even sure who said / w,walk_w040_S3
walk_w040_S3,11,1,0.06658220291137695,0.9210526315789473,38,False,False,just words from somewhere – ‘It was so easy in 1935.’ Well if only I knew where this phrase came from… It could well mean anything or nothing at all … but for s,walk_w040_S3
walk_w040_S3,12,1,0.35555386543273926,0.8695652173913043,23,False,False,this song from The Last Shadow Puppets’ <em>The Age of the Understatement</em> (2016). It features Alex Turner doing his usual “whoa ohs.”,walk_w040_S3
walk_w040_S3,13,1,0.03988105058670044,0.9782608695652174,92,False,False,not much of anything in particular – just some kind of floating sensation or thoughtlessness which I find myself strangely at ease within; almost as though ever,walk_w040_S3
walk_w040_S3,14,2,0.19599953293800354,0.975,40,False,False,not sadness or despair but happiness as well -- this realization of something precious beyond words being right in front of us: alive! And I know now how wonder,walk_w040_S3
walk_w040_S3,15,1,0.15683770179748535,0.9887640449438202,89,False,False,an open field at dusk – golden wheat swaying in the wind like waves upon water as I sit here overlooking them on top of some hill. But not this time because dar,walk_w040_S3
walk_w040_S3,16,3,0.13905984163284302,0.9230769230769231,91,False,False,not words or images but <strong><em>silence</em></strong>…a soundless space which becomes something like an infinite dark void … filled in by echoes of distant ,walk_w040_S3
walk_w040_S3,17,0,,1.0,15,False,False,not an elf but this: https://www.youtube.com/watch?v=8h57sF-y4rU,walk_w040_S3
walk_w040_S3,18,2,0.11110708117485046,0.9603960396039604,101,False,False,"not of this earth but another world: far away in time or place; I don’t know which so much as if such a thing exists at all, certainly not here on Earth right n",walk_w040_S3
walk_w040_S3,19,1,0.3525002598762512,0.9615384615384616,26,False,False,of course this song by Frank Black: http://www.youtube.com/watch?v=4839_lJ6K1U <em>[Thank you for sending in another great find!]</em>,walk_w040_S3
walk_w040_S3,20,2,0.1278863251209259,0.9696969696969697,99,False,True,how fast things change in nature as well as time itself!  My favorite poem I've written so far (aside from those dedicated solely to poetry) deals exactly on th,walk_w040_S3
walk_w040_S3,21,0,,0.9523809523809523,21,False,False,an image of blue skies above green fields below — I let this vision grow on for as long as feels right.,walk_w040_S3
walk_w040_S3,22,2,0.10740768909454346,0.9354838709677419,93,False,False,this: when I first began working for myself as an author/artist in 2014–for about eight years now—it was really terrifying at times (as most things usually tend,walk_w040_S3
walk_w040_S3,23,1,0.19198298454284668,0.9545454545454546,44,False,False,"an image of myself standing in front of two sets of doors: One labeled “Knowledge,” which leads us toward greater clarity; another door labelled “Ignorance” lea",walk_w040_S3
walk_w040_S3,24,3,0.1664622575044632,0.9782608695652174,92,False,False,"of course “The Wicker Man”.  It’s such an iconic film from 1973 about Paganism in England. In this version, young folk visit Scotland for vacation every summer–",walk_w040_S3
walk_w040_S3,25,4,0.12328110635280609,0.9381443298969072,97,False,False,not images or thoughts; rather I experience an overwhelming feeling of love: for this person who walks by my side in life – as well as those other persons on wh,walk_w040_S3
walk_w040_S3,26,2,0.09038731455802917,0.9902912621359223,103,False,False,this story about an artist who became so obsessed by his work he was completely immersed in nothing else than painting… One day when everything had fallen silen,walk_w040_S3
walk_w040_S3,27,0,,1.0,2,False,False,this song.,walk_w040_S3
walk_w040_S3,28,1,0.13779592514038086,0.9801980198019802,101,False,False,this: I am standing near some steps or stairs leading up from ground level toward higher things like skylights in abandoned buildings—you know how such places t,walk_w040_S3
walk_w040_S3,29,2,0.26896560192108154,0.9508196721311475,61,False,True,of course the poem by Sylvia Plath ‘Ariel’. If nothing came I wouldn’t write this post but because something did here goes: 10 minutes later on YouTube I stumbl,walk_w040_S3
walk_w040_S3,30,1,0.10285776853561401,1.0,84,False,False,being able to turn these words of William Blake’s “The Tyger” from its usual black-winged vision onto something more positive like this: an inner light shining ,walk_w040_S3
walk_w040_S3,31,6,0.14503704011440277,0.9666666666666667,90,False,False,nothing but an intense desire for more sleep. <i>Is this normal?</i> I think when suddenly: “it’s just like being in some kind of dream or something.” A few sec,walk_w040_S3
walk_w040_S3,32,5,0.27649345993995667,0.9310344827586207,87,False,True,of light flooding everything in sight like an aurora borealis or some other such wonderous display but I am not at peace though this imagery fills space around ,walk_w040_S3
walk_w040_S3,33,2,0.10521009564399719,0.9801980198019802,101,False,False,when I was younger (at least 5 years old) while playing “Hide & Seek” or similar games in woods at recess on school grounds. A teacher once shouted us from behi,walk_w040_S3
walk_w040_S3,34,3,0.12467366456985474,0.967391304347826,92,False,False,this: I am on an ocean liner headed for Europe when World War II breaks out; 1940 or so? We go right around Cape Horn en route to England via South Africa—it’s ,walk_w040_S3
walk_w040_S3,35,1,0.04699283838272095,0.9901960784313726,102,False,False,this: The sun shines in on some old house painted white or yellow so bright as if someone wanted everyone from far away to know exactly how much money was spent,walk_w040_S3
walk_w040_S3,36,3,0.14171452820301056,0.946236559139785,93,False,True,"this poem by William Carlos Williams ""The Red Wheelbarrow"". I wonder where he was at in his life when writing these words, or if maybe not so much about him but",walk_w040_S3
walk_w040_S3,37,0,,1.0,3,False,True,just this poem…,walk_w040_S3
walk_w040_S3,38,2,0.09408101439476013,0.9607843137254902,102,False,True,this poem by William Carlos Williams: “This is just to say”. It has such an intimate feel about it as if he was looking out at his house across the street but a,walk_w040_S3
walk_w040_S3,39,2,0.1877061128616333,0.9714285714285714,70,False,True,"this poem by Robert Hass: ""After an Unmade Bed."" (https://www.poetryfoundation.org/poems-and-poets/poems/detail/45830) You could follow along on paper if desire",walk_w040_S3
walk_w040_S3,40,1,0.08273828029632568,0.979381443298969,97,False,False,"this: as I lie in bed last evening, thinking of tonight’s performance at The Brick Theater—that if things were quiet for awhile I would do an improvisation abou",walk_w040_S3
walk_w040_S3,41,1,0.1331719160079956,1.0,70,False,False,"of two worlds—a world outside human control where I am at home (it’s very real) but another which humans call ‘nature’, wherein animals such as birds live in pe",walk_w040_S3
walk_w040_S3,42,1,0.1455916166305542,1.0,106,False,False,of an army marching up towards us from behind or perhaps somewhere in front on either side while these soldiers marched for them was no sound but silence as if ,walk_w040_S3
walk_w040_S3,43,3,0.19530196487903595,0.9354838709677419,93,False,False,"this:


<blockquote>The world's gone mad</blockquote>



This song by Black Sabbath was written in 1970 after Ozzy Osbourne had seen his mother leave him for an",walk_w040_S3
walk_w040_S3,44,0,,1.0,13,False,False,how much of an absolute pleasure I was in this song while writing!,walk_w040_S3
walk_w040_S3,45,2,0.11076045036315918,0.9487179487179487,78,False,False,an old black woman (an image of her) standing in front of me asking for change when I give up everything else on this earth but coins; 10 dollars bills or nothi,walk_w040_S3
walk_w040_S3,46,0,,1.0,12,False,False,this song: https://www.youtube.com/watch?v=t4u3g2oB7_0,walk_w040_S3
walk_w040_S3,47,1,0.20784062147140503,0.9655172413793104,29,False,False,this: A small bird perched on something in some type of landscape/nature shot. I don’t know if this has been done or not but here goes nothing…,walk_w040_S3
walk_w040_S3,48,2,0.1940455436706543,0.9012345679012346,81,False,True,"an idea from some of John Keats’s poems –  from ‘La Belle Dame Sans Merci’. I don’t know if this poem was inspired by these two images:


https://www.youtube.co",walk_w040_S3
walk_w040_S3,49,2,0.12191426753997803,1.0,32,False,False,how much I miss being at home for Christmas time.  Not having family in town this year definitely makes things difficult! But here's hoping 2015 holds many more,walk_w040_S3
walk_w040_S3,50,5,0.12669667601585388,0.9504950495049505,101,False,False,not an answer but instead questions: why did I ever begin this quest in the first place? Why does fate force us on such journeys? How do these stories take hold,walk_w040_S3
walk_w040_S3,51,3,0.11493857949972153,0.875,96,False,False,"how much of myself I am able to leave open for other people — not always intentionally (although this has been an important part of who I was growing up), but o",walk_w040_S3
walk_w040_S3,52,1,0.05779135227203369,0.9903846153846154,104,False,False,this image of two people walking together across an open field at dusk on Christmas Eve—a moment frozen in time during which everything seems bright but also my,walk_w040_S3
walk_w040_S3,53,1,0.09477108716964722,0.978494623655914,93,False,False,"this scene: I am on top of an iceberg in Antarctica at two o’clock yesterday morning; three or four miles out from shore, floating over smooth white ice as far ",walk_w040_S3
walk_w040_S3,54,2,0.18880385160446167,0.9607843137254902,102,False,False,another body being found in her house by two of those men whose job was not just guarding prisoners but hunting them too…they called themselves the “hunters”…he,walk_w040_S3
walk_w040_S3,55,3,0.2648402154445648,0.9550561797752809,89,False,False,"this:

in some sense I am not alone in consciousness at times when no other person's voice could rouse me from sleep (e.g., on late-night walks). If others were",walk_w040_S3
walk_w040_S3,56,0,,0.9809523809523809,105,False,False,an image of myself standing on top of some mountain range in California’s Sierra Nevada mountains looking out upon this valley I know so well from driving up he,walk_w040_S3
walk_w040_S3,57,4,0.15407265722751617,0.9111111111111111,90,False,False,an unfathomable expanse of purple skies above mountains in every direction; but I know these landscapes aren’t real because this isn’t happening now… not <em>re,walk_w040_S3
walk_w040_S3,58,1,0.14143365621566772,1.0,53,False,False,an image of two faces staring at each other in silence—one young; unseeing. The lines begin to fall across her face like cracks on china porcelain as she stares,walk_w040_S3
walk_w040_S3,59,0,,0.9901960784313726,102,False,False,this: I’m watching a film in which two people (probably lovers) fall from great height on some distant planet – so high up above anything else but space itself ,walk_w040_S3
walk_w040_S3,60,1,0.09350818395614624,1.0,30,False,False,"of this darkling hall, which I once entered; when entering in was no longer visible on either side or ahead! It seemed as if only darkness lay between us now...",walk_w040_S3
walk_w040_S3,61,4,0.12293215095996857,0.9795918367346939,98,False,True,in this poem by Wallace Stevens called “Thirteen Ways of Looking at a Blackbird.” If you don’t know who he is read about him on wikipedia or his book; I find so,walk_w040_S3
walk_w040_S3,62,1,0.10523992776870728,0.9479166666666666,96,False,False,an idea which I had while driving out in nature over 4 weeks ago; how this great expanse of grass seems like some kind of living thing – something so organic-li,walk_w040_S3
walk_w040_S3,63,0,,0.990909090909091,110,False,False,an orange sunrise in autumn light of a quiet place deep within ourselves where silence fills us as much time or space from when I last looked at anything outsid,walk_w040_S3
walk_w040_S3,64,2,0.07092255353927612,0.9333333333333333,90,False,False,an image of people huddled together in shelter from snowstorm conditions such as those experienced across much of Canada this winter (2017-8).  This particular ,walk_w040_S3
walk_w040_S3,65,2,0.22192609310150146,0.96875,64,False,True,this poem by John Donne (1572-1631). I love writing poetry too – some of those poems written below were inspired by others in which he was featured as well! Thi,walk_w040_S3
walk_w040_S3,66,2,0.1580236554145813,0.9493670886075949,79,False,False,an empty field of dreams under starlight. What I imagine feels cold but real because its as familiar as breathing- perhaps for this reason it's easier than tryi,walk_w040_S3
walk_w040_S3,67,2,0.09869402647018433,0.9680851063829787,94,False,False,"an old black-clad woman sitting by her fire on a rock in deep forest somewhere — she’s got two arms out across herself like this:


The air outside was cold but",walk_w040_S3
walk_w040_S3,68,0,,1.0,32,False,False,an image of trees on fire in fall time; warm colours spreading across them as though some great force had taken hold – no not like hurricanes but more something,walk_w040_S3
walk_w040_S3,69,1,0.10005390644073486,1.0,86,False,False,being held at gun point in an open field where only a few people seem alive. I remember trying not to breath so hard when suddenly someone runs over yelling out,walk_w040_S3
walk_w040_S3,70,0,,0.9863013698630136,73,False,False,"a man in black walking around his own farm, trying hard not to think of anything while he looks for something lost or borrowed by an old friend from years ago w",walk_w040_S3
walk_w040_S3,71,0,,1.0,11,False,False,this song: https://www.youtube.com/watch?v=943zN01U5nQ,walk_w040_S3
walk_w040_S3,72,0,,1.0,35,False,False,how in this moment I need love like never before because if ever now was the time for us two hearts beating as one would surely know true comfort within these u,walk_w040_S3
walk_w040_S3,73,3,0.37898173928260803,0.8777777777777778,90,False,True,"this poem by Anne Sexton titled ""Wild Hawthorn."" The first stanza opens:


    1) haste ye cowards back to shade; dark fallen ere thy foot may step on earth <em",walk_w040_S3
walk_w040_S3,74,1,0.046250104904174805,0.9456521739130435,92,False,False,this: I am in some kind of underground cavern or catacomb on an island deep within its own lake; as such a cave should always remind us - darkness (a thing whic,walk_w040_S3
walk_w040_S3,75,0,,1.0,16,False,False,nothing but an endless ocean of white light – I am adrift in this blinding cloudless space…,walk_w040_S3
walk_w040_S3,76,4,0.3884910047054291,0.9565217391304348,46,False,False,"so sweet I almost fall asleep: “And as for us,” she said; ” if we were not of a common life — but had ever been friends by birth or choice... But why go on? Is ",walk_w040_S3
walk_w040_S3,77,1,0.11926543712615967,0.9603960396039604,101,False,False,when I was in France visiting family for Christmas 2015 (we went right after Thanksgiving). We drove from Paris over to Chartres Cathedral during which time the,walk_w040_S3
walk_w040_S3,78,2,0.06615129113197327,0.9702970297029703,101,False,True,an image of myself looking around at something I cannot quite focus on because everything in this dream world has been painted over by dust specks from some unk,walk_w040_S3
walk_w040_S3,79,0,,0.8,15,False,True,the following: <i>(The poem doesn't work as well if I translate this part.)</i>,walk_w040_S3
walk_w040_S3,80,0,,0.9782608695652174,92,False,False,not necessarily from today's recording session but something else entirely: I am driving in an open car at 1940-era speed on country roads somewhere far north o,walk_w040_S3
walk_w040_S3,81,4,0.14377841353416443,0.9540229885057471,87,False,True,not much of anything at first... but as I listen more deeply - these lines become familiar because many people who know themselves (or others) say them! They se,walk_w040_S3
walk_w040_S3,82,2,0.09535518288612366,0.9696969696969697,99,False,False,how I spent today in this world of ours: How many people do not understand anything about where human beings came from? This question seems so simple but its an,walk_w040_S3
walk_w040_S3,83,3,0.17211855947971344,0.9591836734693877,98,False,False,this: <b>a white cloud</b> -- or fog? Or smoke from an abandoned factory chimney maybe… The only thing I recall about its journey across sky was how slowly movi,walk_w040_S3
walk_w040_S3,84,0,,1.0,97,False,False,this picture: A forest path leading up high in elevation surrounded by trees tall enough for climbing over at certain points on its winding course from low grou,walk_w040_S3
walk_w040_S3,85,1,0.10064494609832764,0.967741935483871,62,False,False,"this picture I was doing last week for school on how an old man looked at his reflection in a mirror after he had forgotten where he lived:


My mother’s face (",walk_w040_S3
walk_w040_S3,86,0,,0.9813084112149533,107,False,False,of course darkness; blackness fills up every part of space around us as well as inside ourselves where nothing exists except pitch black emptiness surrounding v,walk_w040_S3
walk_w040_S3,87,2,0.09408360719680786,0.9473684210526315,95,False,False,"this:

In 2016 I woke up on Election Day feeling very sick from an infection of some sort. It was not serious enough for antibiotics though; just so annoying (p",walk_w040_S3
walk_w040_S3,88,2,0.09082087874412537,0.98989898989899,99,False,False,"this story of two friends taking an evening stroll in Hyde Park, London around dusk when things get spooky…  They encounter something out of place so suddenly a",walk_w040_S3
walk_w040_S3,89,1,0.09998607635498047,0.9259259259259259,54,False,False,an old friend of mine from when we were growing up in LA together at art school (we’re both now living on opposite coasts). He was always so positive about ever,walk_w040_S3
walk_w040_S3,90,3,0.27738848328590393,0.9468085106382979,94,False,False,this: <em><strong>The Mist</strong></em> by <b>Stephen King</b> (book). You may like other works from him as well – such as his The Dark Tower series or Rose Ma,walk_w040_S3
walk_w040_S3,91,3,0.13452453911304474,0.974025974025974,77,False,False,a forest I was in as child - or at least an impression of something from memory. It's been raining for some time now. The sky has turned dark but not entirely s,walk_w040_S3
walk_w040_S3,92,1,0.07475036382675171,0.99,100,False,False,not of this life or other lifetimes but rather these moments where I get lost in sound waves without an aim for sight; simply immersed within themselves—it does,walk_w040_S3
walk_w040_S3,93,4,0.22891387343406677,0.9456521739130435,92,False,True,":  a great big black box made of solid wood (from an antique trunk), standing on its side, filled from rim-line up with white sand as far down as I could reach ",walk_w040_S3
walk_w040_S3,94,1,0.07155013084411621,0.9906542056074766,107,False,False,not of worry but peacefulness as I begin this work from within myself so deeply buried in who am I at its core? My soul was born free when birth gave way for be,walk_w040_S3
walk_w040_S3,95,1,0.15293729305267334,0.9901960784313726,102,False,False,this: I am in an open field at dawn after heavy rain overnight. The grass has been covered for several inches thick by the water of dew which now evaporates fro,walk_w040_S3
walk_w040_S3,96,0,,1.0,71,False,False,"not just these words but also an image of someone in distress who cannot find her way out, looking lost amidst trees or undergrowth as if she was at fault for g",walk_w040_S3
walk_w040_S3,97,1,0.06510770320892334,0.98,100,False,False,"I’m on an island in some ocean somewhere (it could just as well be land), surrounded by sand dunes but no other trees or vegetation – not even weeds; only grass",walk_w040_S3
walk_w040_S3,98,4,0.1561250239610672,0.9306930693069307,101,False,False,this: I am on an airplane headed home from Spain after spending two days visiting family in Madrid. The airport has been closed for several hours because of lig,walk_w040_S3
walk_w040_S3,99,2,0.13810041546821594,0.97,100,False,False,"an image of trees in summer – full green leaves swaying gently overhead as I walk along; grass blowing lightly underfoot on clear, warm days; white clouds racin",walk_w040_S3
walk_w070_S3,0,3,0.20099599659442902,0.9659090909090909,88,False,True,nothing more than an image of this song’s lyrics being said by someone I know but never met at some strange party in downtown Toronto sometime over 10 years ago,walk_w070_S3
walk_w070_S3,1,2,0.15291637182235718,0.9204545454545454,88,False,False,"this song by Pink Floyd: “On Time”, from The Wall (1978), lyrics written by Roger Waters. It’s about an alternate history in which America wins World War II ins",walk_w070_S3
walk_w070_S3,2,4,0.1256277710199356,0.9565217391304348,92,False,False,"some sort of an escape plan? But if I'm trapped in this dream how do I get anywhere? And where am I going when everything goes black again around dawn? Is ""esca",walk_w070_S3
walk_w070_S3,3,4,0.19363953173160553,0.9583333333333334,96,False,False,"this scene from <em>The Wizard of Oz</em>:


We’ve heard about her in passing–Dorothy Gale. And I believe she was portrayed by none other than Judy Garland; but",walk_w070_S3
walk_w070_S3,4,1,0.06309103965759277,0.9195402298850575,87,False,False,this song which I’m certain was released in 1980- something like three decades ago by an artist named “Hawkwind” but as far as research skills go I just don’t h,walk_w070_S3
walk_w070_S3,5,0,,0.9905660377358491,106,False,False,an image of someone looking at some sort of clock in order to find exactly where on time he stands: somewhere between day and night as well his inner world whic,walk_w070_S3
walk_w070_S3,6,1,0.06247347593307495,0.9863013698630136,73,False,False,not of death or despair but instead love for others – those in need as well as just needing someone’s support during this time; how much harder do things become,walk_w070_S3
walk_w070_S3,7,1,0.17015445232391357,0.9726027397260274,73,False,False,an image of fire at play on woodchips...as if in slow motion from above while I am below looking down upon them burning up slowly as time passes by but not fast,walk_w070_S3
walk_w070_S3,8,3,0.2398732453584671,0.9473684210526315,95,False,False,this: I am standing on top of some big mountain-thingie looking over at an endless black sea below (because why not? It seems fitting). You know how when people,walk_w070_S3
walk_w070_S3,9,3,0.14553992450237274,0.92,100,False,True,not the words of this poem but the image I imagine when reading them (which reminds me somewhat of Yeats's 'The Stolen Child'). A man in ragged clothing running,walk_w070_S3
walk_w070_S3,10,3,0.15253399312496185,0.9777777777777777,90,False,True,"how much of this I've read from others or seen in movies about ""night walks"".  This poem seems so familiar for some reason (maybe because people who walk at nig",walk_w070_S3
walk_w070_S3,11,6,0.3173334002494812,0.9456521739130435,92,False,False,an image of two young children riding along on this merry-go-round horse in some kind of parade or procession somewhere -- I’m not sure where exactly... maybe a,walk_w070_S3
walk_w070_S3,12,0,,0.9333333333333333,30,False,False,"this song from The Last of Us: Left Behind (2014), performed by Carrie Underwood; she plays Ellie in her teenage years after Joel has left on his journey away f",walk_w070_S3
walk_w070_S3,13,0,,0.9743589743589743,78,False,True,not much of anything in particular – just some kind of thought pattern or patterns moving along at different speeds but no actual imagery appears except for col,walk_w070_S3
walk_w070_S3,14,2,0.23268967866897583,0.9662921348314607,89,False,False,not sadness or despair but happiness as well -- this realization of something precious beyond words: I love those people in Ireland who had enough courage (mayb,walk_w070_S3
walk_w070_S3,15,0,,0.9807692307692307,52,False,False,an open field at dusk – golden wheat swaying in the wind like waves upon water as I sit quietly watching them for minutes on end until finally this feeling of p,walk_w070_S3
walk_w070_S3,16,1,0.0741884708404541,0.9489795918367347,98,False,False,not words or images but <strong><em>silence</em></strong>…a soundless space which becomes an image in itself; like clouds floating on air while I listen for the,walk_w070_S3
walk_w070_S3,17,3,0.21577860414981842,0.9680851063829787,94,False,False,not poetry or even images from childhood but sound. The sounds of summer – chirping crickets on warm nights; falling leaves in October breezes. As I breathe dee,walk_w070_S3
walk_w070_S3,18,2,0.07246905565261841,0.9651162790697675,86,False,False,not of this earth but another world: far away in time or space; I don’t know which – maybe both?  A place where things seem somehow more real than here-now (tho,walk_w070_S3
walk_w070_S3,19,3,0.2077805995941162,0.9270833333333334,96,False,True,of course this poem by Alfred Lord Tennyson entitled “The Charge of the Light Brigade”.  We’ve had enough war in these lands! The battle for <em>freedom</em> – ,walk_w070_S3
walk_w070_S3,20,3,0.09710898250341415,0.98,100,False,False,how fast things change in this world right now? I am reminded of those who were scared or did not believe Donald Trump could win presidency four years ago but h,walk_w070_S3
walk_w070_S3,21,5,0.22222979366779327,0.9347826086956522,92,False,False,an image of someone running up behind us from this direction—not in pursuit but not on purpose either; maybe because he was playing around or something like tha,walk_w070_S3
walk_w070_S3,22,3,0.09277840703725815,0.9361702127659575,94,False,False,this: when I first began working for myself as an author/artist in 2014–for about eight years total—it was really terrifying at times (as most things usually te,walk_w070_S3
walk_w070_S3,23,4,0.16592088341712952,0.8764044943820225,89,False,False,an image of myself standing in front of the mirror at home as I wash up for work this morning... only instead of wearing scrubs or dress clothes today (or whate,walk_w070_S3
walk_w070_S3,24,2,0.22466212511062622,0.9454545454545454,55,False,False,of course “The Wicker Man”.  It’s such an iconic film from 1973 about Paganism in England. In this new version released by Disney Plus last year: The Witchery W,walk_w070_S3
walk_w070_S3,25,0,,0.9807692307692307,104,False,False,not images or thoughts; rather I experience an overwhelming feeling of love: for this person who walks by my side in dreams – as she used to when she was alive–,walk_w070_S3
walk_w070_S3,26,3,0.266956627368927,0.925531914893617,94,False,False,this story about an elephant hunter who's hunting his prey in Africa when he sees something moving behind some bushes… but as soon as the elephants turn around ,walk_w070_S3
walk_w070_S3,27,3,0.09842602163553238,0.9587628865979382,97,False,False,this: <em>a woman’s heart does not beat in unison</em> … And I think about how much energy goes down at home trying to keep two of them going without breaking e,walk_w070_S3
walk_w070_S3,28,0,,0.9880952380952381,84,False,False,this: I am standing near some steps or stairs leading down from ground level toward water below which appears dark at first but as I descend further in more fam,walk_w070_S3
walk_w070_S3,29,2,0.09839648008346558,0.9195402298850575,87,False,True,of course the poem by Tennyson <i>Charge of the Light Brigade</i> (a play on words for “brigading” which means going somewhere together in an organized group). ,walk_w070_S3
walk_w070_S3,30,3,0.13163816928863525,0.8478260869565217,92,False,False,"being able to turn these words of W.H Auden's ""In Memory Of W B Yeats"" by myself as I do so for years now: 


<blockquote><em>The past is not dead; indeed, it i",walk_w070_S3
walk_w070_S3,31,2,0.12162911891937256,0.95,80,False,True,"nothing but images of dead men’s faces — or at least those I believe were not alive when this piece was written: <em>The Soldier</em> (1895), by Siegfried Sasso",walk_w070_S3
walk_w070_S3,32,3,0.10557261854410172,0.9690721649484536,97,False,False,of course an old friend who’s been dead for over thirty years — he was just twenty-five when I saw him last at his family home in rural Vermont; so young! We we,walk_w070_S3
walk_w070_S3,33,2,0.09132897853851318,0.9795918367346939,98,False,False,when I was younger (at least 5 years old) while playing “Hide & Seek” or similar games in woods at recess on school grounds. A teacher once shouted us from behi,walk_w070_S3
walk_w070_S3,34,3,0.09157121181488037,0.9381443298969072,97,False,False,this: I am on an ocean liner headed for Europe when World War II breaks out; 1940 or so? We go right around Cape Horn in order to travel east from west—for lack,walk_w070_S3
walk_w070_S3,35,4,0.13186120986938477,0.9292929292929293,99,False,False,this: The sun shines in on some old house painted white or yellow so bright as not to seem real anymore but almost blinding even after getting used to its prese,walk_w070_S3
walk_w070_S3,36,5,0.23980602622032166,0.926829268292683,82,False,True,"this poem by William Carlos Williams ""The Red Wheelbarrow"". I wonder where he was at in his life when writing these poems, or if maybe not so much about himself",walk_w070_S3
walk_w070_S3,37,0,,1.0,3,False,True,just this poem…,walk_w070_S3
walk_w070_S3,38,2,0.1326580047607422,0.9552238805970149,67,False,True,this poem by William Carlos Williams: “This is just to say”. It has such beautiful lines; I feel like reading more poetry here today (it seems so right). The ot,walk_w070_S3
walk_w070_S3,39,2,0.16087615489959717,0.9733333333333334,75,False,True,this poem from Robert Frost’s 1923 collection West-Running Brook: “The Road Not Taken.” It seems apt for these uncertain times when everything has been thrown a,walk_w070_S3
walk_w070_S3,40,0,,0.9468085106382979,94,False,False,"this: as I lie in bed last evening, thinking of tonight’s meeting at The Hive (an annual writers conference for poets), wondering about those who hadn’t signed ",walk_w070_S3
walk_w070_S3,41,0,,1.0,27,False,False,"of two worlds—a world outside human control where I am at home (it’s very real) but another which humans call “nature,” wherein animals reign supreme…",walk_w070_S3
walk_w070_S3,42,0,,0.9907407407407407,108,False,False,of an army marching up towards us from behind or perhaps around if on foot but either way these soldiers marched for quite some time as I watched them go away u,walk_w070_S3
walk_w070_S3,43,2,0.23168444633483887,0.9473684210526315,95,False,True,"this:


<blockquote>The world's gone mad</blockquote>



This poem by Wilfred Owen was written in 1918 after witnessing war at first hand for years as part of h",walk_w070_S3
walk_w070_S3,44,3,0.18343794345855713,0.9285714285714286,98,False,False,"how much of an oddball I was in school – too many interests outside reading for pleasure (such as athletics), not very well read at anything but history or scie",walk_w070_S3
walk_w070_S3,45,2,0.12333941459655762,0.9072164948453608,97,False,False,"an old black woman (an image of her) standing in front of your home looking like she’s just been beaten on so many levels by life for over 103 years: wrinkles, ",walk_w070_S3
walk_w070_S3,46,0,,1.0,12,False,False,this song: https://www.youtube.com/watch?v=t4u3g2oB7_0,walk_w070_S3
walk_w070_S3,47,3,0.1502975970506668,0.8979591836734694,98,False,False,this: A small child sitting on Santa’s lap in front of his workshop/home. He was just looking around at everything he could possibly look at (he had no idea). H,walk_w070_S3
walk_w070_S3,48,0,,1.0,73,False,False,an idea from some of John Steinbeck’s stories about people who could look past them self until reaching another state when looking at something different or som,walk_w070_S3
walk_w070_S3,49,3,0.12372112274169922,0.9347826086956522,92,False,False,how much I miss being at home for Christmas time.  Not having family in town this year definitely makes things feel very different than usual; not just because ,walk_w070_S3
walk_w070_S3,50,1,0.056691646575927734,0.9795918367346939,98,False,False,not an answer but instead images: A large man in his 30’s or so dressed like The Grinch for halloween standing inside of himself eating from bowls on top of mou,walk_w070_S3
walk_w070_S3,51,0,,0.9393939393939394,99,False,False,how much of myself I am actually leaving behind in this place when I go home: where people who once saw <em>me</em> at full tilt may soon only recognize bits or,walk_w070_S3
walk_w070_S3,52,1,0.06689631938934326,0.9809523809523809,105,False,False,this image of two people walking together across an open field at dusk on Christmas Eve—a moment frozen in time during which everything seems bright but beautif,walk_w070_S3
walk_w070_S3,53,3,0.1163530945777893,0.9090909090909091,99,False,False,"this scene: I am on top of an iceberg in Antarctica at two o’clock yesterday morning; three or four miles from shore, drifting north over smooth white ice as fa",walk_w070_S3
walk_w070_S3,54,3,0.0915052518248558,0.9680851063829787,94,False,False,another form of silence: stillness – like when your body becomes so at peace from exhaustion or sleepiness where everything around feels stagnant while your bra,walk_w070_S3
walk_w070_S3,55,0,,1.0,11,False,False,"this:

The last thing I saw of your face was when…",walk_w070_S3
walk_w070_S3,56,0,,0.9759036144578314,83,False,False,"an image of myself standing on top of some mountain range in Montana or Colorado, overlooking endless blue skies (or maybe not), wind blowing around trees as cl",walk_w070_S3
walk_w070_S3,57,1,0.09071505069732666,0.96,100,False,False,an unfathomable expanse of purple skies above mountains in every direction; but I know these landscapes aren’t real because this isn’t happening on Earth right ,walk_w070_S3
walk_w070_S3,58,2,0.12947869300842285,0.9882352941176471,85,False,False,an image of two faces staring at each other in silence—one young; unseeing. The lines begin to fall across her face like cracks on china porcelain as she stares,walk_w070_S3
walk_w070_S3,59,0,,1.0,85,False,False,this: I’m watching a movie in which two people (probably lovers) fall from great height on some distant planet – so high up above anything else but space itself,walk_w070_S3
walk_w070_S3,60,1,0.14588826894760132,0.8764044943820225,89,False,False,of course <em>Star Wars</em>: The Empire Strikes Back when Yoda tells Luke Skywalker “There is another.” In fact for weeks leading up to this recording I’d been,walk_w070_S3
walk_w070_S3,61,4,0.18629620969295502,0.9325842696629213,89,False,True,in this poem by Wallace Stevens called “Thirteen Ways of Looking at a Blackbird.” If you don’t know who he is read about his work here or buy some books on poet,walk_w070_S3
walk_w070_S3,62,2,0.1111917495727539,0.9270833333333334,96,False,False,an idea which I had while driving along in Brooklyn over 4th Avenue between East Broadway and Bedford Ave this evening:  <em>“A woman’s voice speaking from unde,walk_w070_S3
walk_w070_S3,63,1,0.11681294441223145,0.9285714285714286,56,False,True,an old poem by Emily Dickinson called “Because I could not stop for death.” It’s about how she couldn’t wait until her soul left in order to know where it was g,walk_w070_S3
walk_w070_S3,64,2,0.07629585266113281,0.9340659340659341,91,False,False,an image of people huddled together in shelter from snowstorm conditions such as those experienced across much of Canada this winter (2017-8).  This particular ,walk_w070_S3
walk_w070_S3,65,5,0.29576534032821655,0.8947368421052632,57,False,True,this poem by John Donne (1572-1631). I love writing poetry too – some of those poems written below were inspired by others in which he was featured as well! Thi,walk_w070_S3
walk_w070_S3,66,2,0.1756475865840912,0.9891304347826086,92,False,False,an empty field of dreams under starlight. What I imagine feels cold yet warm at once as if inbetweenness could exist between two realities or even three? And so,walk_w070_S3
walk_w070_S3,67,0,,0.99,100,False,False,an old black-clad woman sitting by her fire on a cold November morning in wintertime of 1947 looking across at this same place from where she stands today over ,walk_w070_S3
walk_w070_S3,68,0,,0.9855072463768116,69,False,False,an image of trees on fire in fall time; leaves dancing down like confetti as autumn wind blows hard across those flames – no not too far away from home or else ,walk_w070_S3
walk_w070_S3,69,2,0.14407598972320557,0.9583333333333334,96,False,False,"being held at gun point in an alleyway where someone was trying to sell drugs. I remember this because of how helpless I felt, but also for other reasons which ",walk_w070_S3
walk_w070_S3,70,0,,1.0,50,False,False,a dark cloud passing over something in black or red so thick I cannot tell exactly if an eye looks up from below ground at another looking down upon them but ei,walk_w070_S3
walk_w070_S3,71,0,,0.9433962264150944,53,False,False,this: I need more sleep today because tomorrow may not happen; so if tonight does not lead toward an end or resolution—or perhaps better said <em>possibility</e,walk_w070_S3
walk_w070_S3,72,1,0.07412177324295044,0.96,100,False,False,how in this moment I need love like never before because if not for your unconditional presence here right now where am I? Who even know who or what that person,walk_w070_S3
walk_w070_S3,73,3,0.31868502497673035,0.92,75,False,True,"this poem by Anne Sexton titled ""Wild Nights! Wild Nights!"". It's so beautiful because she writes about something deep in nature or her own soul as though looki",walk_w070_S3
walk_w070_S3,74,3,0.15497030317783356,0.9777777777777777,90,False,False,this: I am in some kind of underground cavern or catacomb on an old planet – somewhere near Mars if only because something from here feels like home even though,walk_w070_S3
walk_w070_S3,75,2,0.2593846917152405,0.9175257731958762,97,False,False,nothing more than those two words:  “Wake Up.” <em>We</em> need to wake up! We cannot rest in complacency; no matter how comfortable some may find themselves ri,walk_w070_S3
walk_w070_S3,76,1,0.12424403429031372,0.9148936170212766,94,False,True,so much of this poem: “<em>Hard Will It Be One Federal To Awake”</em> as I thought about how hard was going to be when President Obama announced his re-election,walk_w070_S3
walk_w070_S3,77,3,0.15515488386154175,1.0,48,False,False,when I was in 9th grade art class as young girls were getting ready for prom dresses.  One girl told her friend she had bought an expensive dress only because “,walk_w070_S3
walk_w070_S3,78,1,0.14035391807556152,0.9811320754716981,106,False,False,an image of myself looking around at something I cannot quite focus on because everything in this dream world has been distorted by some kind of strange filter ,walk_w070_S3
walk_w070_S3,79,0,,1.0,3,False,True,the following poem:,walk_w070_S3
walk_w070_S3,80,1,0.05802732706069946,0.9479166666666666,96,False,False,not necessarily from today's recording session but something else entirely: I am driving in an open car at 1940-era speed on country roads somewhere far north o,walk_w070_S3
walk_w070_S3,81,0,,0.9019607843137255,51,False,False,not your story or mine but this little girl from last week in New Jersey who was attacked by an unknown creature while she sat on her front porch watching firew,walk_w070_S3
walk_w070_S3,82,2,0.12860748171806335,0.9868421052631579,76,False,False,how I spent today in this world of ours: How many people do not understand or know where these things came from? Have no clue about them at all! That's somethin,walk_w070_S3
walk_w070_S3,83,2,0.07306832075119019,0.96875,96,False,False,this: <em>a white cloud in motion</em> – like clouds of smoke on an oil painting or something else I’ve seen but not quite remember how; moving slowly so quickl,walk_w070_S3
walk_w070_S3,84,3,0.1660190224647522,0.9791666666666666,96,False,False,this picture: A forest covered in soft fog. The trees look like tall spindly creatures swaying at random; many of them missing branches or leaves from where fir,walk_w070_S3
walk_w070_S3,85,3,0.06578407436609268,0.9139784946236559,93,False,True,not of anything as good or real as this place - but so very much better than where I came from...or rather never-came (from) It's nice here for once in your lif,walk_w070_S3
walk_w070_S3,86,2,0.15538406372070312,0.9024390243902439,82,False,False,"of course this: https://en.wikipedia.org/wiki/Dark_Knight_(comic_book). I’m not reading much comic books at present (unless those fall under “comics”), but even",walk_w070_S3
walk_w070_S3,87,1,0.1416529417037964,0.9433962264150944,53,False,False,this:  a story I heard when I was in college – about people who used fire-arrows as weapons of war during ancient times; or at least those kinds of arrows were ,walk_w070_S3
walk_w070_S3,88,1,0.0475844144821167,0.9905660377358491,106,False,False,this story of two friends who decided once again not to sleep together in bed because neither wanted sex on some particular evening so when morning came (or rat,walk_w070_S3
walk_w070_S3,89,2,0.0955180823802948,0.9468085106382979,94,False,False,an old friend of mine from when we were growing up in LA together at various stages (we’re 28) as well as this new love interest who has recently started showin,walk_w070_S3
walk_w070_S3,90,3,0.11769157648086548,0.9157894736842105,95,False,False,this: <em><strong>The Long Night</strong></em> by Jaron Lanier—a song about “digital fatigue.” The lyrics seem especially apropos during these months of shelter,walk_w070_S3
walk_w070_S3,91,2,0.12653487920761108,0.9696969696969697,99,False,False,a forest I was in as child - or at least an impression of something from memory. It's been many years since I went anywhere where trees were so dense but this i,walk_w070_S3
walk_w070_S3,92,0,,0.9901960784313726,102,False,False,not of this life or other lifetimes but rather these moments where I get lost in sound waves without an aim for sight; simply immersed within themselves—it does,walk_w070_S3
walk_w070_S3,93,0,,0.9523809523809523,21,False,False,this story: https://www.reddit.com/r/nosleep/comments/b6l08y/one_federal/?utm_source=share&utm_medium=web2x,walk_w070_S3
walk_w070_S3,94,1,0.11318188905715942,1.0,107,False,False,not of this world at all. I imagine myself walking down an old forgotten road in France filled with wildflowers between two towering trees on either side as if ,walk_w070_S3
walk_w070_S3,95,3,0.17086397111415863,0.9705882352941176,102,False,False,this: I am in an open field at dawn after heavy rain overnight. The grass has been covered for several inches thick by the water of dew which sparkles as if fre,walk_w070_S3
walk_w070_S3,96,1,0.0847940444946289,0.9782608695652174,92,False,False,not just these words but also an image – of two soldiers who cannot decide whether or not to leave behind the corpse hanging in front of them; both at different,walk_w070_S3
walk_w070_S3,97,2,0.09886080026626587,0.9565217391304348,92,False,False,"this:


A child’s dream – or maybe something more like sleepwalking; of her going up in an elevator (which seems too adult) but really I want those stairs– she ",walk_w070_S3
walk_w070_S3,98,2,0.1323816478252411,0.9583333333333334,96,False,False,this: I am on an airplane headed home from Spain after spending two days visiting family in Madrid. The airport has been closed for several hours because of lig,walk_w070_S3
walk_w070_S3,99,2,0.1447218358516693,0.9764705882352941,85,False,False,"an image of trees in summer – full green leaves swaying gently overhead as I walk along; grass blowing lightly underfoot on clear, warm days; white clouds racin",walk_w070_S3
walk_w100_S3,0,3,0.15187446773052216,0.967391304347826,92,False,False,nothing more than an image of this song’s lyrics being said by someone I know but never met at some strange party in downtown Toronto sometime over 10 years ago,walk_w100_S3
walk_w100_S3,1,1,0.19570064544677734,0.9473684210526315,95,False,False,"this song by Pink Floyd: “On Time”, from The Wall (1978), lyrics written by Roger Waters. It’s about an alternate history in which America wins World War II ins",walk_w100_S3
walk_w100_S3,2,2,0.15277838706970215,0.9722222222222222,36,False,False,some sort of an escape plan? But if I'm trapped in this dream how do I get anywhere? And where am I going when everything goes black again around 35 minutes on ,walk_w100_S3
walk_w100_S3,3,2,0.1658802032470703,0.9444444444444444,90,False,False,of an old story: <strong>The Fall</strong> by <em>John Milton</em> (1634). It tells about Lucifer’s rebellion against God; how he was banished from Heaven becau,walk_w100_S3
walk_w100_S3,4,3,0.3730776309967041,0.9,80,False,False,this song which I’m certain was released in 1980- something like three decades ago by an artist named “Amon Düül.”  Perhaps Amon Duul means Amun Dually? Who kno,walk_w100_S3
walk_w100_S3,5,2,0.1782853901386261,0.9397590361445783,83,False,False,an image of someone looking at some sort of clock in order to find exactly where on time he stands: somewhere between day 1394 and night 5028; or perhaps mornin,walk_w100_S3
walk_w100_S3,6,1,0.05592554807662964,0.9375,96,False,False,not of death or despair but instead love for others – those in need as well as myself - and this seems odd at first given how little sleep I’ve gotten since sta,walk_w100_S3
walk_w100_S3,7,0,,0.9714285714285714,70,False,False,an image of water flowing down riverbank over rocks creating cascades – waterfalls if I may call them so -  of cascading streams created from different sized bo,walk_w100_S3
walk_w100_S3,8,2,0.26435762643814087,0.9895833333333334,96,False,False,this: I am standing on top of some big mountain-thingie looking over at an endless black sea below (because why not? It seems fitting). You know how when someon,walk_w100_S3
walk_w100_S3,9,2,0.09667283296585083,0.8850574712643678,87,False,True,not the words of this poem but the image I imagine when reading them (which reminds me somewhat of an Edvard Munch painting). This piece was written in 1930 by ,walk_w100_S3
walk_w100_S3,10,2,0.0973825752735138,0.9484536082474226,97,False,False,"how much of this I've read from others or seen in movies about ""The Twilight Zone."" My mother took up reading for pleasure after seeing some episodes when she w",walk_w100_S3
walk_w100_S3,11,3,0.14942969381809235,0.9782608695652174,92,False,True,"just words from poems I read this morning, but in particular something about being aware of “our own shadow.” My favorite kind of poetry has always been ekphras",walk_w100_S3
walk_w100_S3,12,1,0.10140359401702881,0.9166666666666666,24,False,False,this song from The Clash about London Calling: “If I Should Fall Behind.”  The lyric fits so well as if written for today in 2016…,walk_w100_S3
walk_w100_S3,13,0,,0.9193548387096774,62,False,False,not much of anything in particular – just some kind of thoughtlessness or indifference about things I could actually care less for at this moment in time … mayb,walk_w100_S3
walk_w100_S3,14,1,0.09797561168670654,0.9519230769230769,104,False,False,not sadness or despair but happiness as well of course in some measure because I’m alive at this time rather than dead somewhere else like most men who live lon,walk_w100_S3
walk_w100_S3,15,6,0.2621634900569916,0.9032258064516129,93,False,False,an open field at night – full of stars…the sky like black velvet stretched above us; as dark but for faint patches where tiny dots appear in motion across the c,walk_w100_S3
walk_w100_S3,16,1,0.0698818564414978,0.945054945054945,91,False,False,not words or images but <strong><em>silence</em></strong>…a soundless space which becomes an image in itself; like clouds floating on air while I listen for the,walk_w100_S3
walk_w100_S3,17,1,0.04896199703216553,0.9900990099009901,101,False,False,not how I am feeling this morning but rather of an image seen in dreams at night: two girls running across frozen ground holding on tightly together; falling th,walk_w100_S3
walk_w100_S3,18,1,0.09319263696670532,0.9545454545454546,88,False,False,not of this earth but another world: I am surrounded by white sand dunes on which stands only an ancient tower; behind it lies a sea where tiny fish dart under ,walk_w100_S3
walk_w100_S3,19,2,0.17092961072921753,0.9456521739130435,92,False,False,of course this past Saturday’s football game between Ohio State University (OSU) and Penn State University(PSU). It was certainly an intense rivalry: for 25 yea,walk_w100_S3
walk_w100_S3,20,2,0.10961541533470154,0.9811320754716981,53,False,False,how fast things change in this world right now? I am reminded of those who were scared or did not believe Donald Trump was going to win an election but here he ,walk_w100_S3
walk_w100_S3,21,3,0.09439218044281006,0.9504950495049505,101,False,False,an image of someone running up behind us from this direction—not in pursuit but not on purpose either; maybe because he was playing around or something like tha,walk_w100_S3
walk_w100_S3,22,3,0.09277840703725815,0.9361702127659575,94,False,False,this: when I first began working for myself as an author/artist in 2014–for about eight years total—it was really terrifying at times (as most things usually te,walk_w100_S3
walk_w100_S3,23,1,0.2094593644142151,0.9545454545454546,44,False,False,"an image of myself standing in front of two sets of doors: One labeled “Knowledge,” which leads us toward greater clarity; another door labelled “Ignorance” lea",walk_w100_S3
walk_w100_S3,24,4,0.20317697525024414,0.9680851063829787,94,False,False,of course “The Wicker Man”.  It’s such an iconic film from 1973 about Paganism in England. In this new version released by Disney Plus last year starring Nichol,walk_w100_S3
walk_w100_S3,25,1,0.09448587894439697,0.94,100,False,False,not images or colors; rather I experience an overwhelming feeling of love: Love for everything around me – trees bending in response to rain drops on leaf blade,walk_w100_S3
walk_w100_S3,26,1,0.04627639055252075,0.9905660377358491,106,False,False,this story about an elephant hunter who was walking through his garden carrying two live elephants behind himself on chains he wanted meat but couldn’t get them,walk_w100_S3
walk_w100_S3,27,0,,0.9607843137254902,102,False,False,"not sleep. As if this body was in charge I feel weightlessness, floating above myself like an observer looking down at everything going on below without ever be",walk_w100_S3
walk_w100_S3,28,1,0.08051502704620361,0.9902912621359223,103,False,False,this: I am standing near some steps or stairs leading down from ground level toward water below which appears dark at first but as I descend further in more fam,walk_w100_S3
walk_w100_S3,29,4,0.17652738094329834,0.9166666666666666,72,False,False,of course the famous 1962 version on film by Orson Welles starring John Gavin as Harry Lime (who gives himself away) in his last appearance for Hollywood after ,walk_w100_S3
walk_w100_S3,30,1,0.06923991441726685,0.9047619047619048,84,False,True,being able to turn these words of William Blake’s “Dark Satanic Mills” (the poem which follows) from an image I had for years when first hearing them: some fact,walk_w100_S3
walk_w100_S3,31,1,0.10343670845031738,0.9705882352941176,102,False,False,nothing but images of dead men’s faces looking at them; these pictures never get smaller when I try to focus on something else: sometimes he looks like an old m,walk_w100_S3
walk_w100_S3,32,1,0.07884055376052856,0.9560439560439561,91,False,True,of course an old friend who’s been dead for over thirty years — he was just twenty-five when I saw him last at his family home in rural Vermont; so young yet al,walk_w100_S3
walk_w100_S3,33,2,0.08438321948051453,0.9791666666666666,96,False,False,when I was younger (at least 5 years old) while playing “Hide & Seek” or similar games in woods at recess on school grounds. A teacher once shouted us from behi,walk_w100_S3
walk_w100_S3,34,4,0.18034978210926056,0.9204545454545454,88,False,False,this: I am on an ocean liner headed for Europe when World War II breaks out; 1940 or so? We go through Panama Canal waters en route to England via France/Italy;,walk_w100_S3
walk_w100_S3,35,1,0.11260288953781128,0.9578947368421052,95,False,False,this: “Afraid of going blind or losing his sight.” A thought about someone else in particular but also thinking on how I myself was fearful as well when I first,walk_w100_S3
walk_w100_S3,36,2,0.21016135811805725,0.9772727272727273,44,False,True,"this poem by William Carlos Williams ""The Red Wheelbarrow"". I wonder where he was at in his life when writing these poems, or if maybe not so much about himself",walk_w100_S3
walk_w100_S3,37,3,0.10242664813995361,0.9148936170212766,94,False,True,"just this: “The worst of times; but also THE BEST”. This poem from Emily Dickinson’s ‘Hope Is The Thing With Feathers’, has always made sense for her work on mu",walk_w100_S3
walk_w100_S3,38,1,0.11877965927124023,0.9139784946236559,93,False,True,this poem by William Carlos Williams: “This is just to say”. This has become something of an anthem for many artists during these uncertain times (including mys,walk_w100_S3
walk_w100_S3,39,0,,0.9230769230769231,13,False,True,this poem from Robert Hass’s 1986 collection of poetry The Mind’s Eye:,walk_w100_S3
walk_w100_S3,40,0,,0.9577464788732394,71,False,False,this: as long as your breath lasts so shall yours last; but if ever when I am asleep or dead-for example in battle on an enemy field by fire of cannon-ever sinc,walk_w100_S3
walk_w100_S3,41,0,,1.0,27,False,False,"of two worlds—a world outside human control where I am at home (it’s very real) but another which humans call “nature,” wherein animals reign supreme…",walk_w100_S3
walk_w100_S3,42,1,0.0971066951751709,0.9705882352941176,68,False,False,of an army marching up through forests in preparation for battle; men on horses or mules covered by rain ponchos against dust storms as well as mud - not really,walk_w100_S3
walk_w100_S3,43,3,0.14203937351703644,0.9354838709677419,93,False,False,"this:


<blockquote>the world's end of day</blockquote>



My first thought was not about how I could help anyone else in these trying times... It just came as ",walk_w100_S3
walk_w100_S3,44,3,0.10447776317596436,0.9387755102040817,98,False,False,how much of an absolute truth I was in this moment while reading these words by Robert Bly (a native American who wrote very intensely about gender roles). As s,walk_w100_S3
walk_w100_S3,45,1,0.061816513538360596,0.9611650485436893,103,False,False,an old black woman (an image of her) standing in front of your home looking through the window at something outside the house so she turns around abruptly for w,walk_w100_S3
walk_w100_S3,46,0,,1.0,12,False,False,this song: https://www.youtube.com/watch?v=t4u3g2oB7_0,walk_w100_S3
walk_w100_S3,47,3,0.18548792600631714,0.95,100,False,False,this: A small child sitting on his family’s porch steps watching other kids run by. He sees some of them carrying buckets or pushing carts loaded with watermelo,walk_w100_S3
walk_w100_S3,48,2,0.1229931116104126,0.9702970297029703,101,False,False,an idea from some of John Steinbeck’s stories about life as well as art in California: how nature has always been at odds with humanity — just like here today; ,walk_w100_S3
walk_w100_S3,49,2,0.09708261489868164,0.9354838709677419,62,False,False,how much I miss being at home for Christmas time.  Not having family in town this year definitely makes things difficult! But as far as I know everyone’s doing ,walk_w100_S3
walk_w100_S3,50,3,0.07076168060302734,0.9805825242718447,103,False,False,not an answer but instead questions: why did I ever begin this quest in the first place? Why does fate force us on paths of uncertainty when even knowing your f,walk_w100_S3
walk_w100_S3,51,5,0.09944423288106918,0.9166666666666666,96,False,False,how much of myself I am actually leaving behind in this experience?  How far do these things go; How deep does everything reach? Will whatever leaves here reall,walk_w100_S3
walk_w100_S3,52,1,0.056168556213378906,0.9702970297029703,101,False,False,"this image of two soldiers walking together across an open field at night on mission, not sure where or when or why but just hoping for success in everything th",walk_w100_S3
walk_w100_S3,53,3,0.18651288747787476,0.9801980198019802,101,False,False,this scene: I am on top of an iceberg in Antarctica at night under clear stars when suddenly from somewhere far away above the sound of marching boots resounds ,walk_w100_S3
walk_w100_S3,54,2,0.1346801221370697,0.9042553191489362,94,False,False,"another form of death: being eaten by bees or flies…or ants!  And while I think about how insects love sugar (it makes them happy – so do humans), something els",walk_w100_S3
walk_w100_S3,55,0,,1.0,11,False,False,"this:

The last thing I saw of your face was when…",walk_w100_S3
walk_w100_S3,56,0,,0.9801980198019802,101,False,False,"an image of myself standing on top of some mountain range in Montana or Colorado, overlooking endless valleys below… I imagine hiking through these vast landsca",walk_w100_S3
walk_w100_S3,57,2,0.1145922839641571,0.9354838709677419,93,False,False,an unfathomable expanse of purple skies above mountains in every direction; but I know these landscapes aren’t real because this isn’t happening on Earth right ,walk_w100_S3
walk_w100_S3,58,2,0.15658092498779297,0.9325842696629213,89,False,False,an image of two sets of steps descending from opposite sides in front of us – like <em>stairwells</em> I’ve seen on TV shows or YouTube videos but actually bein,walk_w100_S3
walk_w100_S3,59,1,0.07320845127105713,0.9139784946236559,93,False,False,this: I’m watching a movie in which two of its characters meet for the first time at work – he from some other country who speaks little English but has been hi,walk_w100_S3
walk_w100_S3,60,4,0.12100778520107269,0.9361702127659575,94,False,False,of course <em>My Fair Lady</em>: “When I’m with no body else/the sound inside begins.” It has always seemed like an important detail in Shaw’s version; how does,walk_w100_S3
walk_w100_S3,61,3,0.1153244748711586,0.9444444444444444,90,False,True,in this poem by Wallace Stevens called “Thirteen Ways of Looking at a Blackbird.” If you don’t know who he is read about his work here or buy some books on poet,walk_w100_S3
walk_w100_S3,62,2,0.10306799411773682,0.9690721649484536,97,False,False,an idea which I had while driving along in Brooklyn over 4th of July weekend: New York City's police department could probably go years without hiring another n,walk_w100_S3
walk_w100_S3,63,2,0.12561506032943726,0.9795918367346939,98,False,False,an orange sunrise in autumn as I am lying on this bed of leaves under towering oaks where birds were singing songs from ancient trees above us; how did these be,walk_w100_S3
walk_w100_S3,64,2,0.09530994296073914,0.9591836734693877,98,False,False,an image of myself as a child in the midst of some sort of activity or other; possibly running around after something or making friends perhaps? I don’t know wh,walk_w100_S3
walk_w100_S3,65,5,0.29576534032821655,0.8947368421052632,57,False,True,this poem by John Donne (1572-1631). I love writing poetry too – some of those poems written below were inspired by others in which he was featured as well! Thi,walk_w100_S3
walk_w100_S3,66,1,0.2647284269332886,0.9782608695652174,46,False,False,an empty field of dreams under starlight. What I imagine feels cold yet warm at once as if inbetweenness…a state between death & birth or sleep; waking up from ,walk_w100_S3
walk_w100_S3,67,1,0.13093984127044678,0.95,80,False,False,an old black-clad woman sitting by her fire on a cold November morning in wintertime of long ago. She holds up three fingers toward this place so I don’t miss t,walk_w100_S3
walk_w100_S3,68,0,,0.989010989010989,91,False,False,an image of trees on fire falling against themselves like so much tinder; ash flying through hot air until everything becomes black – except for where sunlight ,walk_w100_S3
walk_w100_S3,69,1,0.10154616832733154,0.9821428571428571,56,False,False,being held at gun point in an open field where only a few others of us were allowed inside; some kind of government experiment? It’s happening outside my house ,walk_w100_S3
walk_w100_S3,70,2,0.0753411054611206,0.9696969696969697,99,False,False,a man in black walking through an unlit forest at night while his companions fall victim to unseen forces within its trees; he himself eventually succumbs as we,walk_w100_S3
walk_w100_S3,71,2,0.11527591943740845,0.9375,96,False,False,this: I need more sleep today because tomorrow may not happen; so if tonight does not lead toward an end or resolution—or perhaps better said <em>possibility</e,walk_w100_S3
walk_w100_S3,72,3,0.11863210052251816,0.9310344827586207,58,False,False,how in this moment I need love like never before because if not for your unconditional presence of joy; where am I? Who even know who or whose voice was speakin,walk_w100_S3
walk_w100_S3,73,2,0.5717068314552307,0.95,20,False,True,"this poem by Anne Sexton titled ""Wild Hawthorn."" The first stanza opens:


    Haste Ye Cowards Back To Shade <b>^</b>",walk_w100_S3
walk_w100_S3,74,1,0.08098602294921875,0.9803921568627451,102,False,False,this: I am in some kind of underground cavern or catacomb on an old planet – somewhere near Mars if only because something from here feels like home - filled wi,walk_w100_S3
walk_w100_S3,75,0,,1.0,17,False,False,nothing but an endless ocean of grey sky – I am adrift in space without end or beginning,walk_w100_S3
walk_w100_S3,76,1,0.3980998992919922,0.9333333333333333,30,False,True,"so much like this poem: “In her black silk robe she was beautiful; in his golden chain mail he looked ugly.” — Mark Twain (1835–1910), author of The Adventures ",walk_w100_S3
walk_w100_S3,77,0,,1.0,32,False,False,when I was in 9th grade art class as young girls at other table’s were drawing naked bodies while mine depicted monsters or something else odd for someone of it,walk_w100_S3
walk_w100_S3,78,1,0.04916536808013916,0.92,100,False,False,an image of myself looking around at something I cannot comprehend but do not question why or how: <i>you don't exist</i>; everything was different in this life,walk_w100_S3
walk_w100_S3,79,4,0.30512604117393494,0.945054945054945,91,False,True,"the following: <i>(The poem doesn't work in terms of meter/rhyme at this point.)</i>


My heart begins racing; I try breathing deeply... but nothing works! The ",walk_w100_S3
walk_w100_S3,80,2,0.11395034193992615,0.9680851063829787,94,False,False,not necessarily from today's recording session but something else entirely: I am driving in an open car at 1940 miles per hour through outer space as fast as po,walk_w100_S3
walk_w100_S3,81,2,0.09458008408546448,0.9387755102040817,98,False,False,not your head on fire or this little girl crying in her house after losing everything but life because of climate change; I’m thinking about how if something ha,walk_w100_S3
walk_w100_S3,82,2,0.06975138187408447,0.9509803921568627,102,False,False,how I spent today in this world of ours: How many times did I move through space? A few thousand or so perhaps… When was your last flight across country by car ,walk_w100_S3
walk_w100_S3,83,4,0.16456791758537292,0.9456521739130435,92,True,False,this: <b>a white cloud</b> -- or perhaps more accurately two clouds of different colours merging together in some way? Maybe I'm thinking about how an overcast ,walk_w100_S3
walk_w100_S3,84,4,0.15856865048408508,1.0,98,False,False,this picture: A forest covered in black fog. The trees look like tall spindly stumps swaying at random; many of them missing huge chunks from its trunk. And yet,walk_w100_S3
walk_w100_S3,85,6,0.20327557623386383,0.9302325581395349,86,False,True,not of anything as good or real as this place - but so very much better than where I came from. What has become of such an easy time? A world-wide pandemic! It ,walk_w100_S3
walk_w100_S3,86,2,0.1460438072681427,0.9560439560439561,91,False,False,"of course this: https://en.wikipedia.org/wiki/Dark_Knight_(comic_book). I’m not reading through his story at present (unless something occurs where he does), bu",walk_w100_S3
walk_w100_S3,87,2,0.21286174654960632,0.9629629629629629,54,False,False,this:  the story of an old lady who lived in her car for years – or even decades!   How could she manage?  Some days I’m amazed at how many young folks drive th,walk_w100_S3
walk_w100_S3,88,1,0.10788428783416748,0.9302325581395349,43,False,False,this story of two friends who decided once again not to talk about religion or politics at dinner table on Tuesday evening because “we just haven’t gotten aroun,walk_w100_S3
walk_w100_S3,89,3,0.1131228432059288,0.9583333333333334,96,False,True,an old friend of mine from when we were growing up in Ohio together at college; he was smart but kind-hearted (it’s been some time). Anyway I imagine myself sit,walk_w100_S3
walk_w100_S3,90,2,0.09588813781738281,0.9484536082474226,97,False,False,this: <em>the first two lines</em>; like most of us who read Emily Dickinson’s poetry for ourselves rather than as homework or test preparation I often find her,walk_w100_S3
walk_w100_S3,91,1,0.08629012107849121,0.9436619718309859,71,False,False,a forest I was in as child - or at least an impression of something from memory. It's been many years since I went anywhere where trees were so dense but this i,walk_w100_S3
walk_w100_S3,92,0,,1.0,41,False,False,not of this life or other lifetimes but rather these moments where I get lost in sound waves without an aim for sight; sometimes those fleeting instants feel li,walk_w100_S3
walk_w100_S3,93,0,,0.9479166666666666,96,False,False,:  The Earth stands waiting for us here on this side of timelessness…the universe hangs in balance just awaiting something more than an accident or coincidence;,walk_w100_S3
walk_w100_S3,94,1,0.07854264974594116,0.9594594594594594,74,False,False,not of worry but peacefulness as I begin this work from within myself so deeply buried in who am I at its core? My soul was born free when birth gave way for be,walk_w100_S3
walk_w100_S3,95,1,0.06244295835494995,0.9504950495049505,101,False,False,this: I am in an open field at night after dark rain has washed away most of the dust from the earth so even the faintest shadows seem more real than ever when ,walk_w100_S3
walk_w100_S3,96,0,,0.9827586206896551,58,False,False,not just these words but also an image – of two soldiers who cannot decide whether or not to press on toward certain death (the former having already run at ful,walk_w100_S3
walk_w100_S3,97,6,0.21519167721271515,0.968421052631579,95,False,False,"I am alone on an island in some ocean somewhere (as if this was really happening). It’s dark outside but inside of where ever “inside” means I cannot tell, its ",walk_w100_S3
walk_w100_S3,98,2,0.11277490854263306,0.9801980198019802,101,False,False,this: I am on an airplane headed home from Spain after spending two days visiting family in Madrid. The airport has been closed for several hours because of lig,walk_w100_S3
walk_w100_S3,99,1,0.09142446517944336,0.9803921568627451,102,False,False,"an image of trees in summer – full green leaves swaying gently overhead as I walk along; grass blowing lightly underfoot on clear, warm days; white clouds racin",walk_w100_S3
walk_S3,0,0,,1.0,81,False,False,nothing more than an image of this song playing as I watch two young girls play outside on their bikes at twilight - just like how the chorus seems so sweet; bu,walk_S3
walk_S3,1,2,0.11318281292915344,0.8888888888888888,90,False,False,"this song by Pink Floyd: “On Time”, from their 1983 album The Final Cut. There’s nothing about time or clocks in the lyrics of On Time; just some vague mention ",walk_S3
walk_S3,2,0,,0.9230769230769231,26,False,False,"some sort of shadow being with glowing red/orange teeth...


[img]https://upload.wikimedia.org/wikipedia/en/3/39/Shadow_monster_%28Grimm%27s_Fairy-Tale_collecti",walk_S3
walk_S3,3,0,,1.0,24,False,False,this song I heard on KEXP years ago: The Unwinding River by Mary Gauthier (https://www.youtube.com/watch?v=c821s_q0jY4),walk_S3
walk_S3,4,2,0.11161988973617554,0.9101123595505618,89,False,False,something from an old TV show I’ve watched (<em>Mystery Science Theater 3000</em>) called “The Brain Dead.” For those of you who aren’t familiar with its genre ,walk_S3
walk_S3,5,2,0.16864004731178284,0.9777777777777777,90,False,False,an image of our planet floating in space with millions upon millions of other planets orbiting around their sun as stars wink at us from deep within universes u,walk_S3
walk_S3,6,0,,1.0,64,False,False,not of death or despair but instead love for animals – specifically in this case horses as they were once our closest relatives on earth; with them being domest,walk_S3
walk_S3,7,0,,1.0,103,False,False,an image of water flowing down riverbank over rocks creating cascades – waterfalls if they were bigger in height -  and I remember being taken as child by hand ,walk_S3
walk_S3,8,2,0.08534440398216248,0.96,100,False,False,this: I am standing on top of some big mountain-and someone has tied rope around every single molecule in an atom so they cannot move anymore from their place –,walk_S3
walk_S3,9,2,0.09431713819503784,0.9587628865979382,97,False,True,not the words of this poem but the image they conjure up for me: men on horseback galloping through rain-drenched woods with their horse’s legs splashing in mud,walk_S3
walk_S3,10,3,0.1912553459405899,0.9591836734693877,98,False,False,"how much of this I've read from others or seen in movies about ""The Twilight Zone."" My mother took us on numerous trips through our childhood (and now she does ",walk_S3
walk_S3,11,0,,1.0,16,False,True,just words like those above in this poem by Czeslaw Milosz – The Black Ships Are Gone,walk_S3
walk_S3,12,4,0.15763621032238007,0.9390243902439024,82,False,False,"this song from The Clash about their trip down Route 66 in ""White Riot"" (from London Calling):


<blockquote>He says 'Come on mate', but I don't know why they s",walk_S3
walk_S3,13,1,0.07034951448440552,0.9333333333333333,75,False,False,not much of anything in particular – just some kind of thoughtlessness or indifference about whatever might possibly happen today at school (and/or work). This ,walk_S3
walk_S3,14,1,0.06184709072113037,0.8977272727272727,88,False,False,not sadness or despair but happiness as well of course in some measure because I’m alive at this time with these wonderful friends who listen every Friday for <,walk_S3
walk_S3,15,2,0.08456587791442871,1.0,105,False,False,an open field at night with thousands of shooting stars exploding in perfect unison like fireworks above us – as though they knew exactly when their time had ar,walk_S3
walk_S3,16,1,0.07536250352859497,0.95,100,False,False,not words or images but <strong><em>silence</em></strong>…a soundless space which becomes an image in our minds – like hearing when I’m on vacation because as m,walk_S3
walk_S3,17,0,,0.9821428571428571,56,False,False,not an image but feeling: I am being carried through some water by someone else who’s also in water wearing goggles holding on for dear life with their hand ext,walk_S3
walk_S3,18,0,,0.9714285714285714,105,False,False,this: I’m not thinking of anything in particular except for how much I hate these days when everyone else has left work and school early only to get home at nig,walk_S3
walk_S3,19,4,0.21068733930587769,0.9659090909090909,88,False,True,of course this poem by Allen Ginsberg which was written in 1957; I’ve had enough time with these lines now for them to enter deeper within myself – but on some ,walk_S3
walk_S3,20,2,0.1259460151195526,0.9789473684210527,95,False,False,how fast I am going through these days of quarantine during this pandemic… It’s been almost 3 weeks now since schools closed in March here on Cape Cod where I l,walk_S3
walk_S3,21,3,0.09481342881917953,0.9696969696969697,99,False,False,an image of someone running up behind us with this thing like they’re on their phone trying to get something from them without having eye contact or anything… s,walk_S3
walk_S3,22,2,0.07148614525794983,0.9578947368421052,95,False,False,this: when I first began working for myself as an author/artist in 2014–for about eight years now—it was really terrifying at times (as with anything new). It a,walk_S3
walk_S3,23,4,0.21058781445026398,0.9493670886075949,79,False,False,"an image of myself standing in front of two sets of doors: One labeled “Knowledge,” which leads us toward greater clarity; another door labelled Darkness with n",walk_S3
walk_S3,24,3,0.1345699578523636,0.8690476190476191,84,False,True,"of course “The Old Man”, which has so much beauty in its imagery:


<blockquote>“A dark green old man leaned against an oak tree at midday with no regard for wh",walk_S3
walk_S3,25,1,0.1607949137687683,0.9692307692307692,65,False,False,not images or colors; rather I experience an overwhelming feeling of love: Love for everything around me – trees bending in wind with their branches bare-black ,walk_S3
walk_S3,26,1,0.035684943199157715,0.9607843137254902,102,False,False,this story about an elephant hunter who was walking through some woods carrying with him two enormous elephants on their backs as he had just captured them not ,walk_S3
walk_S3,27,2,0.07136157155036926,0.9387755102040817,98,False,True,this: <em>a woman’s heart does not beat in unison with nature</em> - or perhaps she has always felt herself at odds? This image of hers was so compelling becaus,walk_S3
walk_S3,28,1,0.06502711772918701,0.9900990099009901,101,False,False,this:  A young boy lies unconscious on an examination table with two doctors looking over their glasses at nothing in particular but talking loudly about someth,walk_S3
walk_S3,29,1,0.10334479808807373,0.9565217391304348,92,False,False,"of course the famous 1962 version on film with Orson Welles as Dr Caligari (or just Doctor), starring Werner Herzog in an appearance towards the beginning where",walk_S3
walk_S3,30,0,,0.9375,96,False,False,being able to turn these words of our Lord Jesus Christ <i>backwards</i>–as in read “right left” instead of reading them as they should: <b>left</b> (and for th,walk_S3
walk_S3,31,2,0.25900304317474365,0.9466666666666667,75,False,False,nothing but blackness as far as I could imagine seeing or not; just utter nothingness with no shape at all other than being complete dark of course...just pure ,walk_S3
walk_S3,32,1,0.05683600902557373,0.956989247311828,93,False,False,our last night together here in this world of ours … I feel so much sadness for how time has flown by since these walls shut their doors on us once more… And if,walk_S3
walk_S3,33,3,0.10953474044799805,0.9693877551020408,98,False,False,when I was younger (at least 5 years old) while playing with other children in our neighborhood. We ran through every bush on this very small street until we go,walk_S3
walk_S3,34,2,0.07206025719642639,0.9795918367346939,98,False,True,something I was told many years ago when first starting with writing lyrics for music: don't write about yourself or anything too specific because if anyone act,walk_S3
walk_S3,35,2,0.10605090856552124,0.9454545454545454,55,False,False,this: “Afraid of going in or afraid for once being inside? It’s like I get lost when walking around on an unfamiliar beach.” Like maybe if she just kept moving ,walk_S3
walk_S3,36,3,0.16565507650375366,0.9354838709677419,93,False,True,"this poem by William Carlos Williams ""The Red Wheelbarrow"". I wonder where he was at in time of writing these words? Maybe not so far away from now. Or maybe mo",walk_S3
walk_S3,37,0,,1.0,3,False,True,just this poem…,walk_S3
walk_S3,38,2,0.08719262480735779,0.9583333333333334,96,False,True,this poem by William Carlos Williams: “This is just to say”. This has become something of an anthem for many artists; in fact I’m surprised not more poets quote,walk_S3
walk_S3,39,1,0.260595440864563,1.0,19,False,True,this poem from Robert Hass’s 1986 collection of poetry “Field Guide”. The poet talks about himself in third person:,walk_S3
walk_S3,40,1,0.06492334604263306,0.9484536082474226,97,False,False,"this: as I lie in bed last night, thinking of another’s voice when I was small—a grandmother? mother perhaps?—in an echoey room on Saturday morning with her fac",walk_S3
walk_S3,41,0,,0.9444444444444444,54,False,False,of two worlds—a world with no end but night for endlessness (it’s how I imagine) as well as our own where hope has been destroyed by manmade disasters; both rea,walk_S3
walk_S3,42,0,,0.9605263157894737,76,False,False,of an army marching up through forests with axes or spears as their weapons in pursuit of something unknown but ominous for them… The march goes on silently exc,walk_S3
walk_S3,43,3,0.12588660418987274,0.9222222222222223,90,False,False,"this:


<blockquote>the world as known by humans</blockquote>



This may not work for everyone; if so please try another of these 2017 New Year’s meditations o",walk_S3
walk_S3,44,3,0.08006002753973007,0.9603960396039604,101,False,False,how much of our current strife in this world could benefit from more prayer! More time spent meditating on God’s presence instead of allowing ourselves become s,walk_S3
walk_S3,45,0,,0.9574468085106383,94,False,False,an old black woman (an image of her) standing in front of three doors at night when I’m walking through these streets with some friends during 1987 or so:  The ,walk_S3
walk_S3,46,0,,1.0,12,False,False,this song: https://www.youtube.com/watch?v=t4u3g2oB7_0,walk_S3
walk_S3,47,1,0.06051355600357056,0.9864864864864865,74,False,False,this: A small boat sailing on water at night; with every tide or ebb of the waves coming from some place unknown but closer than when I look away (the distance ,walk_S3
walk_S3,48,3,0.1664217859506607,0.9696969696969697,99,False,False,an idea from some of John Steinbeck’s stories about migrant workers in California: as they got paid day by day for their work on fields or orchards – whatever w,walk_S3
walk_S3,49,2,0.09021306037902832,0.9468085106382979,94,False,False,how much I miss being at home with family in Colorado during Thanksgiving holiday season!  My son just sent us this picture of their wonderful turkey roasting o,walk_S3
walk_S3,50,2,0.12096297740936279,0.9693877551020408,98,False,False,not an answer but instead questions: why did I ever begin this quest? What does it mean for something so simple as having or reading poetry…as in writing on pap,walk_S3
walk_S3,51,1,0.09329646825790405,0.9705882352941176,34,False,False,how much of myself I am actually leaving behind with these songs?  How far might they lead us together in ways not foreseen by either our selves or anyone else ,walk_S3
walk_S3,52,1,0.07412630319595337,0.9719626168224299,107,False,False,this image of two men wearing hats sitting in front of their computers on opposite sides of desks as they exchange words with arms crossed over chests talking a,walk_S3
walk_S3,53,2,0.11650335788726807,0.9578947368421052,95,False,False,"this scene: I am on an airship over vast desert lands with little water (and no wind), flying towards some unknown place of danger or peril when suddenly 40 men",walk_S3
walk_S3,54,3,0.1721280813217163,0.9468085106382979,94,False,False,another form of death: being eaten by bees or flies…or ants!  And I remember an old childhood favorite song about those pesky yellow insects–”Yellow Ball.” It r,walk_S3
walk_S3,55,0,,0.9702970297029703,101,False,False,"this:

The last thing I saw of her was in 2016 on television news as she stood up during President Donald Trump's State of the Union address with tears streamin",walk_S3
walk_S3,56,2,0.057166844606399536,0.9693877551020408,98,False,False,an image of myself standing with arms outstretched like I'm trying to fly over water; or maybe trees because those were very common places where I did this as a,walk_S3
walk_S3,57,0,,0.96875,64,False,False,an unfathomable expanse of dark space: beyond our little blue orb nothing but billions upon billions more stars inky black voids or cosmic dust clouds; endless ,walk_S3
walk_S3,58,2,0.1708703637123108,0.97,100,False,False,an image of our friend Dr. John Taylor. He was diagnosed with Alzheimer’s 7 years ago after I had been helping him deal with other issues for many months alread,walk_S3
walk_S3,59,0,,0.9904761904761905,105,False,False,this: I’m watching a movie in which two of its characters meet for first time during an extended car ride from some city or other towards another equally distan,walk_S3
walk_S3,60,3,0.14315323531627655,0.9,100,False,False,of course <em>Star Wars</em>: The Empire Strikes Back when Yoda tells Luke Skywalker “There is another.” In fact for weeks leading up to this recording I’d been,walk_S3
walk_S3,61,2,0.1239679753780365,0.9690721649484536,97,False,True,in this poem by Wallace Stevens called “Thirteen Ways of Looking at a Blackbird.” If I had not been so tired yesterday or if he were more famous than today (it ,walk_S3
walk_S3,62,3,0.10680552572011948,0.9473684210526315,95,False,True,an idea which I had while driving along in a car with friends about six years ago; where someone said ‘Let’s take this opportunity now – when everyone else has ,walk_S3
walk_S3,63,3,0.09529373794794083,0.96,75,False,False,an old saying: “The truth of this world cannot escape.” I think about how as much time goes on in existence – no matter when or where someone lives– humans find,walk_S3
walk_S3,64,4,0.18989434838294983,0.8888888888888888,90,False,False,an image of myself as a child in the midst of some sort of activity with other children – running around playing tag or chase games perhaps?  The first thought ,walk_S3
walk_S3,65,2,0.20800372958183289,0.9558823529411765,68,False,True,this poem by John Donne (1572-1631). I love writing poetry too – some of those poems written below were inspired by others in which he was featured as well! Thi,walk_S3
walk_S3,66,1,0.0647616982460022,0.96875,96,False,False,"an empty space where nothing should exist except for nothingness itself; but instead, I perceive as if in 3D of time-space something moving around inside this v",walk_S3
walk_S3,67,2,0.08877426385879517,0.9361702127659575,94,False,False,an old man on television talking about how he was born in 1925 (so maybe still alive today?) or something like that: How “The World Will End” if enough fossil f,walk_S3
walk_S3,68,1,0.1269209384918213,1.0,81,False,False,an image of trees on fire in our forest near Fort Frances Ontario this summer; which was devastating for us but also very beautiful at times! The flames were li,walk_S3
walk_S3,69,2,0.1483427882194519,0.9767441860465116,86,False,False,being held at gun point in an alleyway with only moments of daylight left as I struggle for control over myself so this man cannot get away from who or whatever,walk_S3
walk_S3,70,1,0.06501138210296631,0.9504950495049505,101,False,False,a man in black walking through an unlit forest with no intention of going forward or backward – just wandering from tree to tree as if he was lost but knew wher,walk_S3
walk_S3,71,2,0.1344006061553955,0.9666666666666667,60,False,False,this: I need more sleep! Do not give up sleeping; continue in prayer on behalf of others (1 Timothy 2:3). The Lord blesses those who wait for Him because they f,walk_S3
walk_S3,72,2,0.05777817964553833,0.978021978021978,91,False,False,how in this moment I need love like never before because if not now when? If nothing else these days give us enough time for introspection which at least seems ,walk_S3
walk_S3,73,2,0.09953603148460388,0.9797979797979798,99,False,True,"this poem by Anne Sexton titled ""Your father came home drunk as always"". I know nothing about her except for she wrote poetry but from reading this passage make",walk_S3
walk_S3,74,2,0.08035245537757874,0.9795918367346939,98,False,False,this: I am in some kind of underground cave system with walls on both sides made from very strong rock; as such they were carved by water flowing through them (,walk_S3
walk_S3,75,2,0.07021123170852661,0.987012987012987,77,False,False,nothing but an endless ocean of grey sky – I am adrift in space with no clue where home might be or whether its existence could ever exist at all. The only thin,walk_S3
walk_S3,76,2,0.10178589820861816,0.9333333333333333,60,False,True,so much of this poem itself: “Hard Will It Be One Federal To Awake” in particular but also most of them from beginning to end really. Like they’re coming togeth,walk_S3
walk_S3,77,0,,0.970873786407767,103,False,False,when I was in 9th grade art class as an independent study student taking ceramic work from our local college professor at Columbia College Chicago who taught us,walk_S3
walk_S3,78,3,0.09899258613586426,0.98,100,False,False,"an image of myself looking around at something with great wonderment, like I’m walking through this strange world for the first time in awe. And when suddenly t",walk_S3
walk_S3,79,0,,0.8,15,False,True,the following: <i>(The poem doesn't work as well if I translate from Polish.)</i>,walk_S3
walk_S3,80,0,,0.9791666666666666,96,False,False,not necessarily from today's recording session but something else entirely: I am driving in an open car at 1940-era speed through country lanes with the wind ru,walk_S3
walk_S3,81,0,,0.9696969696969697,99,False,False,not fear but comfort—comfort in knowing others care about us when they need support or help navigating an unknown terrain of living with HIV/AIDS; so I know thi,walk_S3
walk_S3,82,4,0.12507514655590057,0.98,100,False,False,how I spent today in this world of ours: How many times did our minds wander away from where they were meant to? What kind of work has been done by us humans si,walk_S3
walk_S3,83,4,0.12956084311008453,0.9489795918367347,98,False,False,this: <b>a white cloud</b> -- or fog? Or smoke from an abandoned factory chimney blowing in on a cold day with its low visibility for miles around... It's not e,walk_S3
walk_S3,84,2,0.09306752681732178,0.9607843137254902,102,False,False,this picture: A forest path leading up high in elevation surrounded by trees tall enough they almost touch at their tips with just room for two human beings to ,walk_S3
walk_S3,85,4,0.14453406631946564,0.9479166666666666,96,False,False,"this beautiful quote from Anne Frank: ""To dare to be vulnerable with another human being takes courage."" It's just so powerful because of how true it really is-",walk_S3
walk_S3,86,3,0.14881418645381927,0.9540229885057471,87,False,False,"of course: ""The 19th Nervous Breakdown"" by The Rolling Stones...



Here's some context for those not familiar with this song (and I suppose from reading previo",walk_S3
walk_S3,87,1,0.07366842031478882,0.9333333333333333,90,False,False,this:  the story of an old lady with Alzheimer’s who had lived in her home for about 65 years until she became confused enough that someone could take care of h,walk_S3
walk_S3,88,0,,0.9512195121951219,41,False,False,"this story of two friends who decided they wanted to travel across Europe on an overnight bus together, however neither friend had done so prior to meeting in t",walk_S3
walk_S3,89,3,0.20674432814121246,0.9381443298969072,97,False,True,an old friend of mine from when we were growing up in Ohio together at various stages – he’s probably got two children now but still lives around those parts; t,walk_S3
walk_S3,90,2,0.1103258728981018,0.9456521739130435,92,False,False,this: <em>the first song I ever loved was called “The Man That Got Away” by Billy Ray Cyrus</em>. It’s an odd choice of songs for someone who didn’t care about ,walk_S3
walk_S3,91,2,0.09708508849143982,0.94,100,False,False,a forest I was in as child - or at least an impression of something from memory. It's been many years since I went anywhere where trees were so dense they block,walk_S3
walk_S3,92,1,0.07037460803985596,0.9901960784313726,102,False,False,not of this world as I imagined but rather these words: “To All Save Carnage That Beneath The Fray”. This makes sense if they were written on stone tablets by g,walk_S3
walk_S3,93,5,0.1918296217918396,0.9230769230769231,91,False,False,:  The great big black sky with an occasional glimpse of blue stars at night; The deep dark sea full of fish under every rock or wave break; And how about when ,walk_S3
walk_S3,94,2,0.07245433330535889,0.9139784946236559,93,False,False,not of worry but peacefulness as I begin this work from within myself so deeply buried in who am I at its core? My soul was born free when birth gave way for be,walk_S3
walk_S3,95,3,0.14477066695690155,0.9797979797979798,99,False,False,this: I am in an open field at night with no moon or stars so bright as if covered by velvet clouds; birds singing above us while wolves howl below our feet (or,walk_S3
walk_S3,96,2,0.12398073077201843,0.9896907216494846,97,False,False,"not just these words but also an image of someone in their seventies running through fields or mountains, looking lost perhaps, searching for something they can",walk_S3
walk_S3,97,2,0.10638284683227539,0.9509803921568627,102,False,False,I’m on an island with nothing but rocks for miles around while in pursuit of something or someone who seems very determinedly focused not just towards myself bu,walk_S3
walk_S3,98,3,0.1055578961968422,0.925531914893617,94,False,False,this: I am on an airplane with nothing but clouds around me (which could also mean dreams/nightmares) But at least it isn’t raining or storming outside! The win,walk_S3
walk_S3,99,1,0.3493819236755371,0.8695652173913043,23,False,True,"an old poem called The Hollow Men by T.S Eliot:

<blockquote><em>""The captains kept their station for our pleasure,</em></blockquote>",walk_S3
polygon_S4,0,0,,0.95,100,False,False,nothing more than an image I'd seen as recently as two weeks ago; it was someone in front of me laying on top of another person while watching television—it fel,polygon_S4
polygon_S4,1,0,,1.0,22,False,False,this song sung by Joan Baez on “The Morning” album in 1968: http://www.youtube.com/watch?v=d_o4Q3H5mho,polygon_S4
polygon_S4,2,2,0.21711131930351257,0.9795918367346939,49,False,False,some sort of an aquatic landscape? I could only describe it as something between underwater coral reefs in South Africa (as if you had jumped into your car) or ,polygon_S4
polygon_S4,3,0,,1.0,18,False,False,beautiful green grass being trampled on in every direction with people walking around it having no care whatsoever,polygon_S4
polygon_S4,4,1,0.16965651512145996,0.9142857142857143,35,False,False,this song: “Life Is A Carnival” sung (by me) in an Australian accent — it’s called The Bandersnatch <em>(</em>here). I hope you enjoy its lyrics as much as I di,polygon_S4
polygon_S4,5,2,0.7248224020004272,0.9714285714285714,70,False,False,an image I saw today – it was on Twitter: “https://t.co/5g6e81r3bO” — https://www.instagram.com/p/B9aZ47Jhm2E/?igshid=u0xquzsqwlyl”. A young woman in blue jeans,polygon_S4
polygon_S4,6,1,0.2667196989059448,0.967741935483871,31,False,False,"not so much thoughts as sensations—images perhaps in colour or sound: I feel like someone trying hard NOT to fall asleep...


[edit] this comment has been edite",polygon_S4
polygon_S4,7,0,,,0,False,False,…,polygon_S4
polygon_S4,8,3,0.1717221736907959,0.9375,96,False,False,this: I am standing on top of some big mountain- not far away in fact maybe it’s just up there past the treeline where trees stop growing – or perhaps down belo,polygon_S4
polygon_S4,9,0,,0.987012987012987,77,False,False,always the same thing:  A warm blanket on top of me in bed with someone I love more than anything else wrapped around me feeling safe like this could last forev,polygon_S4
polygon_S4,10,3,0.2814622223377228,1.0,30,False,False,"your smile on that day when you looked into mine with love in it...


What shall i say? I've no words left.... just feel those memories over again so vividly..",polygon_S4
polygon_S4,11,1,0.15565121173858643,0.9545454545454546,44,False,False,just an empty room with light filtering through windows into various shapes…like geometric patterns in some sort (just visual representation). A few lines on pa,polygon_S4
polygon_S4,12,0,,1.0,2,False,False,this song…,polygon_S4
polygon_S4,13,1,0.2583204507827759,1.0,13,False,True,not much in common with this piece! I’ll meditate on it though…,polygon_S4
polygon_S4,14,3,0.1626737117767334,0.9120879120879121,91,False,False,"not the images or words I just heard, it’s something different; <strong>love</strong>… love with an ‘e’. But wait – this isn’t about romantic relationships so m",polygon_S4
polygon_S4,15,0,,1.0,2,False,False,beautiful things...,polygon_S4
polygon_S4,16,7,0.284778892993927,0.925531914893617,94,False,False,not words or images - it's an emotion-a feeling? Do you know exactly what those feelings mean? For example: joy (goodness) happiness love hope sorrow worry anxi,polygon_S4
polygon_S4,17,3,0.10057375580072403,0.9803921568627451,102,False,False,not poetry or even images I have read about in books on art history – it’s rather an image coming alive: people walking among ruins; children running around old,polygon_S4
polygon_S4,18,0,,1.0,1,False,False,this:,polygon_S4
polygon_S4,19,3,0.12343039363622665,0.9468085106382979,94,False,False,when I visited this beautiful place in Ireland known as The Burren — it’s an area with limestone bedrock on display – very rare! In such places there could only,polygon_S4
polygon_S4,20,0,,1.0,5,False,True,this little poem about grief…,polygon_S4
polygon_S4,21,2,0.12197694182395935,0.96,100,False,False,this image: it’s nighttime as I lay in bed after dinner with three other people. It was late May 2019 or early June so night fell sometime around dusk when some,polygon_S4
polygon_S4,22,3,0.41997912526130676,0.9666666666666667,30,False,False,this wonderful little tree with green leaves hanging below it (just like in those cute holiday pictures!) I feel light… free…. floating through space…. It gives,polygon_S4
polygon_S4,23,1,0.09094572067260742,0.9811320754716981,106,False,False,an autumn afternoon in North America with some children running up behind me laughing as I lay on the ground watching leaves fall down over our heads into piles,polygon_S4
polygon_S4,24,1,0.05781596899032593,0.9326923076923077,104,False,False,an old fairy tale called ‘The Princess Who Cried’ in it there was this princess who only cried she never laughed or smiled once on day when some fairies came in,polygon_S4
polygon_S4,25,4,0.1882171481847763,0.9473684210526315,95,False,False,not images or thoughts; rather it's emotions: contentment. I notice no external stimulus prompting this inner state - in fact I have been trying hard today NOT ,polygon_S4
polygon_S4,26,1,0.11131978034973145,0.9888888888888889,90,False,False,this: I’m sitting in an empty room with only the light on it (a desk lamp) as opposed to outside during daylight hours where there may not even be any sun or ot,polygon_S4
polygon_S4,27,0,,1.0,2,False,False,this song.,polygon_S4
polygon_S4,28,2,0.4905044138431549,0.9411764705882353,34,False,False,"""The Song Of Myself"" by Walt Whitman (1855)



<blockquote>Quote:from Robert Frost</blockquote>


This was written in 1923- just after he won the nobel prize so",polygon_S4
polygon_S4,29,2,0.15368953347206116,0.9302325581395349,43,False,False,: The sea has many colors in it too! You didn’t have enough time with your son or daughter? Then you don’t know me very well either – I lived without love (well,polygon_S4
polygon_S4,30,0,,1.0,42,False,False,being able to open these words up in such an easy way as I have here done it makes me feel like maybe there was something missing somewhere along the lines beca,polygon_S4
polygon_S4,31,0,,1.0,64,False,False,nothing more than an image in black silhouette against bright red light; just like it was carved on wood with fire so many centuries ago: I think this memory ha,polygon_S4
polygon_S4,32,0,,1.0,3,False,False,our song together…,polygon_S4
polygon_S4,33,0,,0.9565217391304348,46,False,False,when I was younger (at least 5 years old) while watching “The Lion King” with my brothers in bed every morning after school – waking up late as normal kiddos us,polygon_S4
polygon_S4,34,0,,0.9615384615384616,26,False,False,this: you have had your first experience with death in some way or another – it could just as easily happened when you were born on Earth!,polygon_S4
polygon_S4,35,1,0.7893954515457153,1.0,14,False,False,this quote: “A child’s face holds an innocent hope in it.” — Elizabeth Jennings (1986),polygon_S4
polygon_S4,36,5,0.1952570229768753,0.891566265060241,83,False,True,"this poem called “In A Summer Garden” in Keats’s <em>Odes</em> (1804), written around thirty-two years old:

<blockquote>If i could touch your bosom with mine h",polygon_S4
polygon_S4,37,0,,1.0,3,False,True,just this poem…,polygon_S4
polygon_S4,38,0,,1.0,27,False,True,this poem – it’s not in particular order just lines coming out as I go along… if you want more context on these things check back later!,polygon_S4
polygon_S4,39,3,0.27067095041275024,0.8928571428571429,28,False,True,"this poem - 'She Walks in Beauty' ...


<blockquote>she walks in beauty like an angel
whose wingèd steps do not so lightly fall;</blockquote>




... I love it.",polygon_S4
polygon_S4,40,2,0.1505567729473114,0.956989247311828,93,False,False,this image: It’s late summer evening on Earth as far away as any planet I could find in outer space; perhaps Jupiter or Saturn because those planets often have ,polygon_S4
polygon_S4,41,3,0.17187421023845673,0.9393939393939394,66,False,False,an open space with some sort of cloud cover so I decide on something about clouds… maybe? Well it’s time! So let me give this little thing another shot: “a chil,polygon_S4
polygon_S4,42,3,0.23512619733810425,0.945054945054945,91,False,False,you walking through snow in New England with your boots up around your knees trying not to sink too deep into it... And when I think about new england being col,polygon_S4
polygon_S4,43,2,0.11730086803436279,0.9069767441860465,43,False,False,"this:


<blockquote>The moon shines as it once did…</blockquote>




Then I hear myself saying ‘It’s just like night has always been’. It doesn’t feel much diff",polygon_S4
polygon_S4,44,6,0.20750151574611664,0.9010989010989011,91,False,False,not something I remember or had in some form before – it’s an image as if this was just created here on earth - like you were drawing a new page with your hand;,polygon_S4
polygon_S4,45,1,0.18877911567687988,0.978494623655914,93,False,False,an old black woman (an image I got) standing in front of me on this bridge over some lake or pond with these deep blue water surrounding us both – she’s probabl,polygon_S4
polygon_S4,46,0,,1.0,12,False,False,this song: https://www.youtube.com/watch?v=t4u3g2oB7_0,polygon_S4
polygon_S4,47,2,0.12174013257026672,0.9705882352941176,102,False,False,"this: A girl in an old dress who used to hang out with other kids. One day she was just looking around when something called ""a little boy"" grabbed both sides o",polygon_S4
polygon_S4,48,3,0.09186490625143051,0.946236559139785,93,False,False,someone I know with dark brown hair who lived in Scotland when he was younger (he’s got his sister down). And then there's this guy whose name sounds like “Sadd,polygon_S4
polygon_S4,49,0,,,0,False,False,…,polygon_S4
polygon_S4,50,0,,1.0,1,False,False,this...,polygon_S4
polygon_S4,51,0,,1.0,1,False,False,this…,polygon_S4
polygon_S4,52,1,0.12519782781600952,0.9418604651162791,86,False,False,this image: A man wearing an oversized brown hat with ears hanging over his head like dog-ears (or owl wings) sitting in front of me on something resembling cus,polygon_S4
polygon_S4,53,0,,0.967741935483871,31,False,False,this scene: I am on top of an iceberg in Antarctica – alone with God (or whatever you believe or call him) as it was just me out there floating into infinity….,polygon_S4
polygon_S4,54,1,0.11549580097198486,0.9666666666666667,60,False,False,this: A beautiful place with an infinite number of colors swirling around me as I drift away on clouds in the form of little people who live there too – They ha,polygon_S4
polygon_S4,55,0,,0.967741935483871,31,False,False,this little girl sitting on a rock looking up into the trees with delight in her face as she listens to birds chirping while sunbeams shine down upon her peacef,polygon_S4
polygon_S4,56,2,0.1308162808418274,0.9270833333333334,96,False,False,"an image in black and white… A young man lying down with his feet over nothing; there’s no ground underneath him or something like it, perhaps he has fallen asl",polygon_S4
polygon_S4,57,0,,0.9555555555555556,45,False,False,an abstract painting I saw yesterday in Paris on Rue Montorgueil: yellow sunflowers surrounded by black (a little bit like this): https://www.google.com/search?,polygon_S4
polygon_S4,58,4,0.1055973470211029,0.9603960396039604,101,False,False,an image I took with another person in Yosemite back when it was just getting dark. It shows me holding him up as he’s sitting on top of some large rock while l,polygon_S4
polygon_S4,59,1,0.08750712871551514,0.9456521739130435,92,False,False,"this: I imagine there’s an empty space in front of me as wide open as infinity itself; it might contain some stars or galaxies – anything you like really, thoug",polygon_S4
polygon_S4,60,3,0.12149679660797119,0.9629629629629629,54,False,False,": ""<em>what do I care if people hate me?</em>"" What's so bad about not being loved or accepted among your peers? It seems silly enough to even think twice; let ",polygon_S4
polygon_S4,61,2,0.14751604199409485,0.9368421052631579,95,False,False,"love in its many forms: romantic loves and friendships; childhood crushes and adolescent desires; passionate relationships or sweet companionship with parents, ",polygon_S4
polygon_S4,62,2,0.11447617411613464,0.9595959595959596,99,False,False,an idea I have had while driving along in summer heat with windows open or when sitting out on our back patio during early evening hours — just like this mornin,polygon_S4
polygon_S4,63,2,0.21051710844039917,0.9603960396039604,101,False,False,"an orange tree in bloom . I am standing on this path  just out side it’s door way , looking up into its branches; there has just been rain so everything sparkle",polygon_S4
polygon_S4,64,4,0.18267476558685303,0.9263157894736842,95,False,False,this: when people come out in groups or flocks as herds do – cows especially; sheep also… I imagine there’s something about us humans where if you don’t get att,polygon_S4
polygon_S4,65,3,0.09908892959356308,0.8695652173913043,92,False,True,this poem- “The Road Not Taken”. It has always been stuck in my head since I heard it as an elementary school kid on Christmas 2017; maybe you know about Frost’,polygon_S4
polygon_S4,66,2,0.10090392827987671,0.9789473684210527,95,False,False,an empty field in New England during fall when I first started meditating or doing mindfulness. The sun was coming up over rolling hills as it had been every da,polygon_S4
polygon_S4,67,0,,1.0,12,False,False,an old man on his deathbed looking back over 80 years in happiness…,polygon_S4
polygon_S4,68,0,,0.9565217391304348,23,False,False,"an image I've seen in photographs with three generations living together under just two roofs: great-grandma, grandma & mom (all 3 were called 'mamma')",polygon_S4
polygon_S4,69,0,,1.0,16,False,False,being held as an infant in another person’s arms while trying not to fall asleep….,polygon_S4
polygon_S4,70,0,,0.9375,16,False,False,this verse: “And so he was in love with his shadow” — The Shadow Box – Robert Frost,polygon_S4
polygon_S4,71,0,,1.0,11,False,False,this song: https://www.youtube.com/watch?v=943zN01U5nQ,polygon_S4
polygon_S4,72,0,,1.0,10,False,False,your smiling face - not sure why I thought this today?,polygon_S4
polygon_S4,73,4,0.4878101944923401,0.9473684210526315,76,False,True,"this poem called ‘In View Of Which Demeanour Strange’ written in 1603 during Shakespeare s time:


“O hateful night ! thou hast brought me here; And darkness do",polygon_S4
polygon_S4,74,0,,1.0,21,False,False,this: I am in love with you as no other man has been able to captivate me since your father died...,polygon_S4
polygon_S4,75,0,,1.0,9,False,False,nothing more than those two words:  “wish them well.”,polygon_S4
polygon_S4,76,3,0.10106271505355835,0.9259259259259259,81,False,True,this poem about seasons I read in school: The four winds play hard with earth's cold fields; And then bring warmth like summer dreams... There was something mys,polygon_S4
polygon_S4,77,0,,0.9411764705882353,17,False,False,when you were telling me about your dreams as I was taking care of you in labour...,polygon_S4
polygon_S4,78,1,0.05612152814865112,0.9292929292929293,99,False,False,an image I’ve come across in several different places: A baby monkey standing on top of its mother who appears as though she were about to jump off (a rather co,polygon_S4
polygon_S4,79,1,0.1118401288986206,0.9473684210526315,38,False,True,"the following: <i>(The poem doesn't work in terms of reading it off as text - try saying out loud.)</i>


Oh! do not let your life be turned this way; there is ",polygon_S4
polygon_S4,80,1,0.04408383369445801,0.9701492537313433,67,False,False,"not necessarily exactly true or untrue as you might find out if I were going around saying “what do this image reminds you about?”, most likely someone will tel",polygon_S4
polygon_S4,81,0,,0.9565217391304348,23,False,True,not your face or anything you told me about yourself…it’s these lines in this poem that have such power over me….,polygon_S4
polygon_S4,82,0,,0.9876543209876543,81,False,False,an owl on a tree branch staring blankly into eternity with those big round dark empty black eye sockets looking down upon us humans as mere insects struggling t,polygon_S4
polygon_S4,83,7,0.23915359377861023,0.925,80,False,False,this: <b>a white cloud</b> in mid-winter air with no visible source or path below it... only clouds beyond its current position.. moving towards an end point...,polygon_S4
polygon_S4,84,0,,1.0,3,False,False,this beautiful piece:,polygon_S4
polygon_S4,85,4,0.1590694934129715,0.9456521739130435,92,False,False,"always beautiful images as if I were looking out on an outdoor scene somewhere in Scotland or Italy … like this:


(picture below) (link shows it bigger with de",polygon_S4
polygon_S4,86,3,0.11454377323389053,0.9801980198019802,101,False,False,something like this: A young woman with short hair sitting in front of me holding an apple while two men sit across staring deeply into space until I snap out i,polygon_S4
polygon_S4,87,0,,1.0,28,False,True,"this:

http://www.poetryfoundation.org/poem...


Here's another version if you like it better than ""O Little town"" https://m.youtube.com/watch?v=7yH1c-n2J50",polygon_S4
polygon_S4,88,1,0.15596401691436768,1.0,28,False,True,this poem! it makes me feel light as if I’m flying high in some sort : ) Thanks so much dear @Jada123 ! Sending lots of love your way x,polygon_S4
polygon_S4,89,2,0.044947266578674316,0.9690721649484536,97,False,False,an old friend I used to know - well-meaning people who think everyone should get along together without conflict or hurt feelings (they call it peace). There's ,polygon_S4
polygon_S4,90,4,0.1248714029788971,0.9186046511627907,86,False,False,this little piece.  But not every word; just enough so I know it’s there… like when you find your keys in an unfamiliar room on Sunday morning after church serv,polygon_S4
polygon_S4,91,2,0.139248788356781,0.9367088607594937,79,False,False,"a forest I was in recently as this painting looks so much like it! And also some very familiar woodland flowers: dog violets (Viola wittrockiana), wild pansy’s/",polygon_S4
polygon_S4,92,1,0.10441941022872925,0.9325842696629213,89,False,True,"this poem: <i>""Do not stand on the guard, your duty calls.""</i> I guess it's because there was such clarity in those words when spoken years ago by someone who ",polygon_S4
polygon_S4,93,0,,0.8333333333333334,6,False,False,":  The Earthly Paradise (from ""Paradise Lost"")


1629",polygon_S4
polygon_S4,94,5,0.1322373002767563,0.8631578947368421,95,False,False,not “what I want” as much as it’s ‘What do I really need?’ That distinction between wanting something/someone versus needing someone changes things big time! Wh,polygon_S4
polygon_S4,95,1,0.04803192615509033,0.9405940594059405,101,False,False,this: I am watching you through these closed eyelids like an actor staring into someone else’s camera while making eye contact with only me in your frame; i wan,polygon_S4
polygon_S4,96,2,0.0823926031589508,0.9514563106796117,103,False,True,not just these words in this poem or any others I have read written about summer. It doesn’t come up with some clear meaning either way because it really has no,polygon_S4
polygon_S4,97,1,0.10699552297592163,0.9642857142857143,56,False,False,"I am alone on an island in some other life (as if it was really another time), with only this tree as company. There’s no birdsong or waves crashing, just me wa",polygon_S4
polygon_S4,98,4,0.15728998184204102,0.9340659340659341,91,False,False,"this: it's been about 14 years since I was in a class with someone who had ""A"" or even better than me on every test (except maybe English). This person has rema",polygon_S4
polygon_S4,99,0,,1.0,2,False,False,this image;,polygon_S4
walk_w000_S4,0,0,,0.9811320754716981,106,False,False,nothing more than that I am looking down on this forest through two trees of equal height but with different trunks - one straight as an arrow (that will take m,walk_w000_S4
walk_w000_S4,1,0,,1.0,5,False,False,this song by Pink Floyd:,walk_w000_S4
walk_w000_S4,2,0,,0.9868421052631579,76,False,False,some sort of an island with a large pool on it surrounded by trees from where you can see mountains far away over water that flows quietly beneath bridges that ,walk_w000_S4
walk_w000_S4,3,1,0.05373227596282959,0.95,100,False,False,that I’m sitting on top of Mount Everest – <em>just</em> breathing air from its uppermost crevices…  that it seems as though this mountain has been there foreve,walk_w000_S4
walk_w000_S4,4,3,0.10891058295965195,0.9375,96,False,False,this song which I’m certain we must love or else just don’t really listen that often enough because it was played on repeat when <em>13 Reasons Why</em> first a,walk_w000_S4
walk_w000_S4,5,1,0.05035752058029175,0.967741935483871,62,False,False,an image of you smiling down on me as if I had just done something extremely funny that makes us both happy about life itself (for some unknown reason?). That b,walk_w000_S4
walk_w000_S4,6,0,,0.9494949494949495,99,False,False,"not of death or despair but instead love that was never returned as much as it could possibly been given, loss unheeded because there wasn t enough time left on",walk_w000_S4
walk_w000_S4,7,0,,,0,False,False,…,walk_w000_S4
walk_w000_S4,8,2,0.0953315794467926,0.9801980198019802,101,False,False,this: I am standing on top of some big mountain-and it’s covered with flowers! The ground beneath me seems soft enough that if there was snow or something cover,walk_w000_S4
walk_w000_S4,9,2,0.05924585461616516,0.9381443298969072,97,False,False,that I need sleep but can’t because of something on Netflix or Youtube (and maybe it’s just an old memory). This isn’t some grand epiphany about life or death –,walk_w000_S4
walk_w000_S4,10,1,0.11404061317443848,0.9230769230769231,26,False,False,how much of that I can live with from day to day… It would make me feel better about being human too! Thank you so much!!,walk_w000_S4
walk_w000_S4,11,4,0.2158128172159195,0.9148936170212766,47,False,False,"this song from one of my favorite bands, U2... Bono sings about 'The Miracle of Love' on it:


There’s just such people around me too- I hear you loud & clear w",walk_w000_S4
walk_w000_S4,12,3,0.4082935154438019,0.9166666666666666,24,False,False,"this song from The Wizard of Oz...


""If I only had one wish would it make me happy."" ""Yes indeedy!"" <i>(said Dorothy)</i>",walk_w000_S4
walk_w000_S4,13,0,,0.9538461538461539,65,False,False,not much of anything that I am familiar with – this was new territory; even though it seemed as if we had worked together many times… It’s possible he didn’t re,walk_w000_S4
walk_w000_S4,14,1,0.037623465061187744,0.9603960396039604,101,False,False,"not of images or words but something much more powerful than anything I can name: Presence, an energy that embraces us from within — no matter where we go; it m",walk_w000_S4
walk_w000_S4,15,2,0.0917406976222992,0.97,100,False,False,an image of myself floating on water surrounded by fish swimming below me looking up with big wide-open mouths as if I am some kind of oddity that should not ex,walk_w000_S4
walk_w000_S4,16,2,0.13581356406211853,0.9482758620689655,58,False,False,not words or images but <strong><em>silence</em></strong> that has been filled with thoughts of you… I am lost within it; then suddenly realize how many memorie,walk_w000_S4
walk_w000_S4,17,1,0.07110249996185303,0.9591836734693877,98,False,False,not poetry or even images from childhood but rather one of those old black-and-white movies where people would get excited about something new on TV that was in,walk_w000_S4
walk_w000_S4,18,2,0.16954216361045837,1.0,74,False,False,"this: I am lying on green grass looking up toward tall trees. The leaves catch every ray of sun falling through blue sky from above me onto everything below, in",walk_w000_S4
walk_w000_S4,19,2,0.20121163129806519,0.9705882352941176,34,False,False,of course you! I would spend forever with that look on those gorgeous blue-gray eyes…. And yes it might sound cliche but this one time when we first hugged… It ,walk_w000_S4
walk_w000_S4,20,2,0.1281089186668396,0.9459459459459459,37,False,True,that little poem about how he wanted her hair as dark brown as chocolate cake with strawberries on top of it.. (and I'm pretty sure she was supposed to say some,walk_w000_S4
walk_w000_S4,21,2,0.1598694622516632,0.9183673469387755,49,False,False,"that you can almost hear the song as I write it down here! This was written on 10/31 after an evening of driving around looking up stars together - ""with those ",walk_w000_S4
walk_w000_S4,22,0,,0.9578947368421052,95,False,True,this: when I first began working on these poems (before starting grad school) it was as though there wasn’t enough time to finish even one poem much less more t,walk_w000_S4
walk_w000_S4,23,3,0.26140883564949036,0.9456521739130435,92,False,False,"that song by Leonard Cohen: ""Anthem."" It's such an important lyric! In fact... it should be included as part of every human being's personal anthem because if y",walk_w000_S4
walk_w000_S4,24,4,0.15580494701862335,0.9565217391304348,92,False,False,"of that old man who was born on January 31st — this year will mark seventy-five years since he became fully aware. In spite of everything: pain, disappointment,",walk_w000_S4
walk_w000_S4,25,0,,0.9302325581395349,43,False,False,not images or thoughts that I can recall but emotions which seem as real as if I had experienced it myself…and then suddenly I am on top of this mountain again ,walk_w000_S4
walk_w000_S4,26,0,,1.0,4,False,True,this poem about spring…,walk_w000_S4
walk_w000_S4,27,1,0.3907344341278076,0.9574468085106383,47,False,False,"that song of William Butler Yeats’s by J.M Synge, <em>The Stolen Child</em> … I am not going to quote it here though you can easily find or read about on You Tu",walk_w000_S4
walk_w000_S4,28,1,0.26500242948532104,0.95,20,False,False,"""The Song of Myself"" by Walt Whitman (1855) which begins:

<blockquote>Do we not belong as much to God's creation?</blockquote>",walk_w000_S4
walk_w000_S4,29,1,0.08651375770568848,0.8409090909090909,44,False,True,"of course the poem by Tennyson <i>In Memoriam</i> “Break, break, break,” which I read through quite recently (though not consecutively). The first thing that ca",walk_w000_S4
walk_w000_S4,30,1,0.21165400743484497,0.975,80,False,False,"that it may not last forever, but when I open those beautiful brown eyes of yours (or whatever color you might have), or even look up just now as we gaze out fr",walk_w000_S4
walk_w000_S4,31,1,0.1414276361465454,0.9555555555555556,90,False,False,nothing but an intense desire that I am being watched by someone; as if there was some camera behind me taking pictures of everything around me or recording con,walk_w000_S4
walk_w000_S4,32,3,0.15337641537189484,0.898876404494382,89,False,False,that song from Disney’s Hercules: “Zero to Hero.” I wonder how different it would sound if told with a slightly more solemn tone of voice? Would this kind of em,walk_w000_S4
walk_w000_S4,33,2,0.05731481313705444,0.9595959595959596,99,False,False,when I was younger (and stupider) with regard to life’s journey… it seems quite natural that one should seek pleasure as much as possible; there must be an orde,walk_w000_S4
walk_w000_S4,34,1,0.05962371826171875,1.0,54,False,False,this: you did say that when one thinks of God as being beautiful – even beyond beauty itself? And I also remember thinking how would anyone get those thoughts i,walk_w000_S4
walk_w000_S4,35,3,0.10224050283432007,0.9183673469387755,98,False,True,this poem by Robert Frost: The Thought That Counts Most <em>“When two people share thoughts as distinct from words / When we agree yet find ways that differ.”</,walk_w000_S4
walk_w000_S4,36,2,0.09327495098114014,0.918918918918919,74,False,True,"this poem by William Wordsworth: ""The World Is Too Much With Us."" It was written during Napoleon's reign of terror over Europe between 1802-14 (which I find amu",walk_w000_S4
walk_w000_S4,37,1,0.04533195495605469,0.98989898989899,99,False,False,that I want this moment of peace forever; maybe with you there but it can’t last because we both live lives lived by rules as set down when time was new – where,walk_w000_S4
walk_w000_S4,38,0,,1.0,11,False,True,this poem by William Wordsworth: I Wandered Lonely As A Cloud!,walk_w000_S4
walk_w000_S4,39,4,0.11423569917678833,0.9473684210526315,95,False,True,"this poem by Robert Louis Stevenson: ""If We Must Die."" It's an interesting exercise in self-discovery — that there will come those moments when we feel ourselve",walk_w000_S4
walk_w000_S4,40,2,0.15110060572624207,0.8505747126436781,87,False,True,this poem from <strong>Wilde’s</strong> “The Ballad of Reading Gaol”. When Wilde wrote it he was serving an insane asylum because of sodomy convictions that had,walk_w000_S4
walk_w000_S4,41,0,,1.0,28,False,False,of two people walking through snow with no shoes on while it’s cold outside… I guess this isn’t one that can really describe myself but whatever..,walk_w000_S4
walk_w000_S4,42,0,,1.0,4,False,False,you — that’s it!,walk_w000_S4
walk_w000_S4,43,6,0.14032593369483948,0.8736842105263158,95,False,True,"this:


<blockquote>The power of darkness seems never ending…</blockquote>




Then I hear myself saying ‘It’s just that some people take it more seriously than",walk_w000_S4
walk_w000_S4,44,1,0.07780903577804565,0.971830985915493,71,False,False,how much of an affect it has on me when I read something that moves or touches someone deeply – perhaps because every human being needs love from time to time j,walk_w000_S4
walk_w000_S4,45,2,0.14197388291358948,0.8913043478260869,92,False,False,an old black woman (an image that came from another part of my writing: <em>she was not very beautiful</em>) with her hair bound up neatly on top of her head—ti,walk_w000_S4
walk_w000_S4,46,0,,1.0,12,False,False,this song: https://www.youtube.com/watch?v=t4u3g2oB7_0,walk_w000_S4
walk_w000_S4,47,1,0.157922625541687,1.0,44,False,False,"that scene from ""The Sound of Music"" where Von Trapp says he can't remember anything after Maria sang her song...except I added on thinking about it as 'because",walk_w000_S4
walk_w000_S4,48,2,0.10211119055747986,0.9444444444444444,54,False,False,an idea from some of John Keats’s poems – that ‘love was once a lovely word’. I see it as being similar to when he wrote: “And if thou hast not been yet drunk w,walk_w000_S4
walk_w000_S4,49,1,0.06196582317352295,0.9850746268656716,67,False,False,how it feels when you can't decide which way up something should go; I remember having that problem with cups - not quite flat enough on one side but more than ,walk_w000_S4
walk_w000_S4,50,0,,1.0,1,False,False,this...,walk_w000_S4
walk_w000_S4,51,4,0.1252802014350891,0.9468085106382979,94,False,False,how much of myself I am actually leaving behind with these songs?  How far will it go as an artistic legacy after everything else that happens—and doesn’t happe,walk_w000_S4
walk_w000_S4,52,1,0.08947336673736572,0.9538461538461539,65,False,True,this image of two people sitting facing one another across an enormous table covered with many things — books or other objects that mean something important but,walk_w000_S4
walk_w000_S4,53,1,0.06670737266540527,0.94,50,False,False,that I've met this person (name) who was one of those people you meet once in life - but not on purpose! It just happened out of chance; maybe it wasn't even re,walk_w000_S4
walk_w000_S4,54,1,0.08076435327529907,1.0,99,False,True,another man’s vision of me–in this case that same poem as an image on a painting he created with computer software called GIMP from photographs I sent him years,walk_w000_S4
walk_w000_S4,55,0,,1.0,15,False,True,this poem which I hope you will enjoy hearing me read it out loud now:,walk_w000_S4
walk_w000_S4,56,1,0.09352749586105347,0.9903846153846154,104,False,False,an image of myself standing with arms outstretched over flowing waters that lead on through fields to meet another shore… I imagine it’s not something too stran,walk_w000_S4
walk_w000_S4,57,2,0.08644947409629822,0.970873786407767,103,False,False,an abstract painting that I saw on Pinterest one day - just some colors together with shapes within it but there was something very calming about looking at thi,walk_w000_S4
walk_w000_S4,58,0,,1.0,7,False,False,an image of you with another woman...,walk_w000_S4
walk_w000_S4,59,1,0.08750975131988525,0.970873786407767,103,False,False,this: I imagine there’s an empty space with no ceiling above me that goes on forever but has walls around it – not invisible ones because you can see where one ,walk_w000_S4
walk_w000_S4,60,1,0.04513019323348999,0.9615384615384616,78,False,False,": ""The last time I'm leaving you; when it hits me that this moment might never come again."" It seems sad enough but only until someone reminds me of how much mo",walk_w000_S4
walk_w000_S4,61,3,0.125851109623909,0.9325842696629213,89,False,False,you— that smile of yours when I walked down this path with two girls from my grade school years ago; but now there was only one girl beside me instead of three;,walk_w000_S4
walk_w000_S4,62,1,0.04313844442367554,0.9523809523809523,84,False,False,an idea which I had while driving out of town over 4 days ago; one that has been spinning around me constantly since then — until now – when it came back up aga,walk_w000_S4
walk_w000_S4,63,2,0.05082377791404724,0.9805825242718447,103,False,False,that we will no longer get along with you because this was supposed to happen when it came time for us to move out of state! I am not trying to control anything,walk_w000_S4
walk_w000_S4,64,2,0.09985420107841492,0.9753086419753086,81,False,False,this: when people come out of hiding or leave hidden places such as caves (even if only temporarily) — either because it’s safer outside where things might chan,walk_w000_S4
walk_w000_S4,65,0,,1.0,6,False,True,this poem by John Godfrey Saxe:,walk_w000_S4
walk_w000_S4,66,0,,0.9803921568627451,51,False,False,an empty space that slowly fills with color from above it; blue water over green moss as grass springs up around me on top of sand where rocks peek out through ,walk_w000_S4
walk_w000_S4,67,2,0.14865237474441528,0.99,100,False,False,an old man on death’s door of some sort or another; lying down somewhere (in bed? sitting up?) looking around not knowing where he was nor who/what would happen,walk_w000_S4
walk_w000_S4,68,0,,1.0,31,False,False,an image of water that’s moving with waves crashing upon it; just as though some great storm had taken hold – except not one from which I could escape on shore.,walk_w000_S4
walk_w000_S4,69,0,,0.9811320754716981,106,False,False,an empty dark room with three large candles burning across from one another on either side of me; I sit staring between those flames as if it’s giving out secre,walk_w000_S4
walk_w000_S4,70,0,,1.0,16,False,False,"this verse: “And as he was wont, when it had begun to grow dark…” – Robert Frost",walk_w000_S4
walk_w000_S4,71,0,,1.0,11,False,False,this song: https://www.youtube.com/watch?v=943zN01U5nQ,walk_w000_S4
walk_w000_S4,72,0,,0.9830508474576272,59,False,False,that we're not really here right now on this planet with these bodies—we could just as easily being floating off of some distant star or moon somewhere else…so ,walk_w000_S4
walk_w000_S4,73,2,0.14241689443588257,0.9696969696969697,99,False,True,"this poem by Robert Browning entitled ""How They Made me Say it."" I first heard that work performed on one of those old 78 rpm records as recorded from an opera ",walk_w000_S4
walk_w000_S4,74,2,0.12166270613670349,0.9861111111111112,72,False,False,this: I am sitting on top of Everest with two friends who can fly under control – one man named Mike as pilot; another woman friend (not really). And these thre,walk_w000_S4
walk_w000_S4,75,1,0.08024805784225464,0.9183673469387755,49,False,False,nothing more than those two words:  “to me.” <em>To Me</em> has an emphasis on its own that I don’t really see here but which would probably make this statement,walk_w000_S4
walk_w000_S4,76,0,,0.9473684210526315,19,False,False,that he’s not really dead…he was just playing with us but I didn’t understand it yet,walk_w000_S4
walk_w000_S4,77,4,0.14143623411655426,0.97,100,False,False,when you asked me how I got here; as if that mattered much? Like it matters now with no way out except through this door or back inside. That time we laughed to,walk_w000_S4
walk_w000_S4,78,2,0.10725006461143494,0.9523809523809523,63,False,False,an image of me looking around on something with little white stars sprinkled across it’s surface: this would imply that I was above ground somewhere? Maybe stan,walk_w000_S4
walk_w000_S4,79,0,,0.8666666666666667,15,False,True,the following: <i>(The poem doesn't work as well if you don't read it)</i>,walk_w000_S4
walk_w000_S4,80,1,0.053607046604156494,0.9354838709677419,93,False,False,not necessarily from that day's reading or something I just read elsewhere -- but often it seems as if an inner voice answers me by speaking through those image,walk_w000_S4
walk_w000_S4,81,2,0.08505082130432129,0.96875,96,False,False,that we spent Thanksgiving together with this little girl from China who was only one year old when I first met her here in Texas (she's 16 now). Her parents ha,walk_w000_S4
walk_w000_S4,82,0,,0.9906542056074766,107,False,False,how you look out of focus on an old VHS tape with some sort of grain or noise effect around it's edges that distorts everything about its image just enough unti,walk_w000_S4
walk_w000_S4,83,4,0.09911276400089264,0.9166666666666666,96,False,False,this: <b><i>“Do you really want me? Or just that we might seem together?”</i></b> You see yourself with another person standing on either side of you — she has ,walk_w000_S4
walk_w000_S4,84,2,0.06501513719558716,0.9270833333333334,96,False,False,this picture: there’s someone standing right behind you waiting patiently for an opportunity that will make him or her famous (you). He knows exactly how good h,walk_w000_S4
walk_w000_S4,85,3,0.1149628534913063,0.8842105263157894,95,False,False,that beautiful quote from Keats’s letter: “To an Infinitely Beautiful Young Lady”.  It made me feel just how small I am compared to such profoundness of emotion,walk_w000_S4
walk_w000_S4,86,0,,1.0,11,False,False,of course this: https://en.wikipedia.org/wiki/In_Paradise_Lost,walk_w000_S4
walk_w000_S4,87,0,,1.0,46,False,False,this: that I can see an entire world of people who come together under one roof or even just on television with similar experiences as myself; there’s comfort k,walk_w000_S4
walk_w000_S4,88,1,0.10782742500305176,0.95,40,False,True,this poem by Robert Browning called The World is Too Much with Us. It’s such an intense piece that has been on repeat while I read it over again today as well a,walk_w000_S4
walk_w000_S4,89,1,0.04241824150085449,0.941747572815534,103,False,False,an old friend of mine from over 10 years ago who was once very near me but now he lives hundreds of miles away on another continent (and we’ll never see each ot,walk_w000_S4
walk_w000_S4,90,0,,0.7777777777777778,9,False,False,this: <em><strong>The power of dreams</strong></em>,walk_w000_S4
walk_w000_S4,91,2,0.14409109950065613,0.9693877551020408,98,False,False,a forest I was walking through as an eight or nine-year old boy. It’s not just one particular experience; it would take several times being there during that pe,walk_w000_S4
walk_w000_S4,92,0,,0.9857142857142858,70,False,False,not of this life or that which exists beyond it but an old friend who has now passed on; he was from another world whom I knew well when we lived together years,walk_w000_S4
walk_w000_S4,93,0,,0.8888888888888888,18,False,False,":  The Earthly Paradise (from ""Paradise Lost"") by John Milton - https://www.poetryfoundation.org/poems-and-poets/poems/detail/45389",walk_w000_S4
walk_w000_S4,94,0,,0.96875,96,False,False,"not “what else can you talk about,” but rather an interesting paradox: there’s something wonderful when we allow ourselves to feel emotions that aren’t pleasant",walk_w000_S4
walk_w000_S4,95,0,,0.9459459459459459,37,False,False,that I am falling from height through space – but somehow not feeling it or even aware of where I might land should this particular fall end up being fatal (may,walk_w000_S4
walk_w000_S4,96,1,0.07291072607040405,0.9405940594059405,101,False,False,not just these words but also an image of someone I met who was doing her thesis on “The Role of Poetry” (1) with particular emphasis on its healing powers beca,walk_w000_S4
walk_w000_S4,97,2,0.10083109140396118,0.9789473684210527,95,False,False,that when you don’t feel ready or well positioned then it just feels really good not doing anything and instead of sitting there thinking ‘why isn’t this happen,walk_w000_S4
walk_w000_S4,98,0,,1.0,2,False,False,her smile...,walk_w000_S4
walk_w000_S4,99,0,,0.9772727272727273,44,False,True,this: “In these lines we see an unworldly poet who has chosen not to follow common paths of life; instead he explores realms where intellect rules over passion…,walk_w000_S4
walk_w040_S4,0,1,0.06252419948577881,0.9876543209876543,81,False,False,nothing but peace on Earth for those who don't cause pain; kindness towards everyone because I want no harm done upon anyone... That doesn't mean that you shoul,walk_w040_S4
walk_w040_S4,1,3,0.15503287315368652,0.968421052631579,95,False,False,that song by Pink Floyd: “On a grey rainy day.” It doesn’t matter if you don’t listen to music because I would imagine something from another band resonates wit,walk_w040_S4
walk_w040_S4,2,1,0.12292379140853882,1.0,30,False,False,some sort of an image with three figures facing me from across something – perhaps water? Maybe I can’t make out because we need glasses for that vision as well,walk_w040_S4
walk_w040_S4,3,2,0.1493549346923828,0.9894736842105263,95,False,False,that I’m sitting on top of Mount Everest at 28051 feet high looking down upon India. The sun has just set over into orange red hue as an early evening breeze bl,walk_w040_S4
walk_w040_S4,4,3,0.09458611160516739,0.9375,96,False,False,that you never met me. That we didn't go out for ice cream together--not even once. I don't imagine most of us would believe such an extraordinary story as mine,walk_w040_S4
walk_w040_S4,5,0,,0.9583333333333334,48,False,False,"an image of you smiling at me from across time; not as if I knew why exactly—you’re just there…and that smile makes everything better for some odd, unknown-to-m",walk_w040_S4
walk_w040_S4,6,2,0.11758169531822205,0.9761904761904762,42,False,False,"not of death but something much better: that I may see you again – after today. In fact, as far as tomorrow; with good fortune for many tomorrows thereafter... ",walk_w040_S4
walk_w040_S4,7,0,,,0,False,False,…,walk_w040_S4
walk_w040_S4,8,5,0.17682139575481415,0.9230769230769231,91,False,False,“the sun” (perhaps by William Wordsworth). This image of that source for life on earth also came into being at midnight; just as we began falling asleep – <stro,walk_w040_S4
walk_w040_S4,9,2,0.09594714641571045,0.9195402298850575,87,False,False,that I need sleep but can’t because of something on my chest (which reminds me…that time at 15 with the band playing for some charity event).  But now as you sa,walk_w040_S4
walk_w040_S4,10,1,0.08599710464477539,0.9743589743589743,39,False,False,how much of that I can live by for myself as well… It’s just an idea at first–maybe because he didn’t mean anything specific with those words? But now—it seems ,walk_w040_S4
walk_w040_S4,11,0,,0.875,16,False,False,: <em>this song</em> by Paul Simon (from The Boy In The Bubble). You’re welcome!,walk_w040_S4
walk_w040_S4,12,2,0.0996789038181305,0.9896907216494846,97,False,False,that there's no need for me to worry anymore - I just got here at last after having been everywhere but nothing seemed complete until now; even though every lit,walk_w040_S4
walk_w040_S4,13,1,0.15942460298538208,1.0,14,False,False,not much of anything at all today! I’ll work on that…for tomorrow….,walk_w040_S4
walk_w040_S4,14,5,0.16875050961971283,0.9578947368421052,95,False,False,"not of myself but an experience you described as ""a magical day"" with David Gilmour, where he walked over fields for miles just taking photos during golden hour",walk_w040_S4
walk_w040_S4,15,1,0.10706734657287598,1.0,26,False,False,how we don’t see colors if someone closes their eyelids over ours for too long. I wonder whether that could happen with words as well?,walk_w040_S4
walk_w040_S4,16,1,0.19762098789215088,0.95,20,False,False,not words but images - <strong>my</strong> feelings... that's how I was taught you could write poems (and draw pictures).,walk_w040_S4
walk_w040_S4,17,2,0.07451203465461731,0.98989898989899,99,False,False,that he never gets out of bed for anyone but himself except maybe those two sisters who’ve gone missing—the ones on their own road somewhere with nowhere else l,walk_w040_S4
walk_w040_S4,18,6,0.22277337312698364,0.9195402298850575,87,False,False,“The Lord’s Prayer.” If I recite words aloud – not prayers but other phrases — if you say out loud:  “Lord God Almighty” …   and then pause for effect… well.. t,walk_w040_S4
walk_w040_S4,19,1,0.25448286533355713,1.0,12,False,False,of course you! I would spend forever with that smile on yours…,walk_w040_S4
walk_w040_S4,20,1,0.02216804027557373,0.9404761904761905,84,False,False,how often I’m willing for something new as opposed to just doing whatever I can get away with now that makes me happy but doesn’t make anyone else around me mis,walk_w040_S4
walk_w040_S4,21,3,0.1204524040222168,0.9479166666666666,96,False,False,that you can’t imagine how much I love being married to someone who doesn’t just want children as an afterthought… Who would rather play with puppies than watch,walk_w040_S4
walk_w040_S4,22,2,0.10612985491752625,0.9489795918367347,98,False,False,"how I saw you with me for that first time (just <em>for</em> us), as we took care of business at home alone on New Year’s Eve after having had champagne togethe",walk_w040_S4
walk_w040_S4,23,0,,1.0,8,False,False,"that we've gone over ""Frank"" multiple times now!  :)",walk_w040_S4
walk_w040_S4,24,0,,1.0,4,False,False,of that I write:,walk_w040_S4
walk_w040_S4,25,3,0.1011151447892189,0.9693877551020408,98,False,False,"not images but words that sound as if spoken aloud: ""A Federal Citizen."" I can see faces of people with various degrees of recognition who look at me asking wha",walk_w040_S4
walk_w040_S4,26,6,0.16089822351932526,1.0,74,False,False,that I'm lying down somewhere (a couch? on the ground?) with an empty box around me as though just out of reach but still within touch/view range.. maybe becaus,walk_w040_S4
walk_w040_S4,27,3,0.0962410569190979,0.9489795918367347,98,False,False,that I did not notice her face today… but I feel certain she was smiling at me as we walked up together towards class on Monday morning!  My friend from high sc,walk_w040_S4
walk_w040_S4,28,3,0.12612639367580414,0.8902439024390244,82,False,False,"""the best of times"" by Charles Dickens (1830-2) <i>Hard Times</i> Chapter XXIII—The First Lecture: Mrs Sparsit’s Visit The Master speaks very gravely now, with ",walk_w040_S4
walk_w040_S4,29,1,0.049402832984924316,0.9393939393939394,99,False,True,"of course the poem by Tennyson <i>In Memoriam</i> “Break, break, break,” which I read through quite recently for pleasure—and not because there was an assigned ",walk_w040_S4
walk_w040_S4,30,6,0.21681822836399078,0.9318181818181818,88,False,True,that I should open these words for you without having read those pages first... but instead of making a fool out of myself by doing exactly as everyone else doe,walk_w040_S4
walk_w040_S4,31,0,,0.926829268292683,82,False,False,nothing but an intense desire for connection; with people I love; friends of mine who don’t live nearby anymore that no longer get visits from me; family member,walk_w040_S4
walk_w040_S4,32,1,0.11479264497756958,0.9655172413793104,87,False,False,"that song from “The Little Mermaid”, about how Ariel lost her voice — which I associate with being trapped inside of someone’s head (her own). But on other days",walk_w040_S4
walk_w040_S4,33,1,0.04865199327468872,0.9387755102040817,98,False,False,how many of us live with an acute sense of being misunderstood by others because we simply want everyone else to see through their own lens as much as you would,walk_w040_S4
walk_w040_S4,34,0,,0.95,80,False,False,something about how you had an open door policy on relationships once upon a time that I would love for us to explore together because as far as I’ve seen there,walk_w040_S4
walk_w040_S4,35,2,0.0764177143573761,0.9625,80,False,False,of how we began together – as lovers who found an unexpected connection: two kindred spirits connecting at 12 midnight on March 30<sup>th</sup> (9/5)  and never,walk_w040_S4
walk_w040_S4,36,2,0.08821514248847961,0.9655172413793104,58,False,False,"just an image of myself sitting there on that chair – maybe I’m reading something from page three-fourty five? Maybe not even then; anyway, now we can see how i",walk_w040_S4
walk_w040_S4,37,1,0.12836098670959473,0.9782608695652174,46,False,False,"that I want some coffee … <em>and maybe a donut</em> (which reminds me of another book title). This happens regularly: at random moments, as if an idea pops out",walk_w040_S4
walk_w040_S4,38,0,,1.0,11,False,True,that poem by William Wordsworth: I Wandered Lonely As A Cloud!,walk_w040_S4
walk_w040_S4,39,1,0.2844705581665039,0.875,16,False,False,"only that I can hear you whispering into me:


<blockquote><strong>Let us begin</strong></blockquote>",walk_w040_S4
walk_w040_S4,40,1,0.060865938663482666,0.979381443298969,97,False,True,how beautiful God has made me – as if He wanted everyone around Him knowing that I’m there! The whole universe can only feel better because of His presence on e,walk_w040_S4
walk_w040_S4,41,2,0.10186055302619934,0.968421052631579,95,False,False,of two people walking through snow with no shoes on while carrying their little dogs over 30 miles across Maine… The walk was part of an exercise for “The Way” ,walk_w040_S4
walk_w040_S4,42,0,,0.847457627118644,59,False,True,you — that’s how I feel anyway—you make me happy even though we haven’t spoken for months…no contact since June 19<sup>th</sup> but yet here I was on October 7<,walk_w040_S4
walk_w040_S4,43,1,0.4169437289237976,0.9888888888888889,90,False,True,<em>Star Wars</em>: The Last Jedi (2017). I hear Kylo Ren's voice saying these lines over Rose Tico as we see her running through space on an escape pod from Sn,walk_w040_S4
walk_w040_S4,44,2,0.14097842574119568,0.975609756097561,82,False,False,how much of an affectation I was making during middle school because I felt that we had been robbed as kids growing up with such beautiful words given new life ,walk_w040_S4
walk_w040_S4,45,3,0.11056194454431534,0.9484536082474226,97,False,False,an old black woman (an image that came into consciousness during yesterday’s writing). I say “old” because she doesn’t look young anymore but her strength of sp,walk_w040_S4
walk_w040_S4,46,0,,0.9891304347826086,92,False,False,that I'm not going anywhere today but home from work; there won't be much time for writing anything meaningful at least as far as publishing something on Tumblr,walk_w040_S4
walk_w040_S4,47,5,0.41807207465171814,0.9529411764705882,85,False,False,that scene from <em>A Tale of Two Cities</em> with Charles Darnay waiting for death after being wrongly accused (yes I’m watching TCM again) but as he awaits ha,walk_w040_S4
walk_w040_S4,48,4,0.1961016207933426,0.9425287356321839,87,False,False,someone I worked with at The New School who used the word ‘ephemeral’ as if he was trying out for SNL (which of course isn’t far from true). But after hearing h,walk_w040_S4
walk_w040_S4,49,0,,1.0,5,False,False,how much I miss you!,walk_w040_S4
walk_w040_S4,50,0,,,0,False,False,:,walk_w040_S4
walk_w040_S4,51,3,0.10341747850179672,0.9148936170212766,94,False,False,how much of myself I don’t remember from my childhood…  How many aspects of me that once came naturally feel foreign now?  Like walking through an entirely diff,walk_w040_S4
walk_w040_S4,52,0,,1.0,12,False,False,I can hear these words again later if we need them today!,walk_w040_S4
walk_w040_S4,53,1,0.07343542575836182,0.9814814814814815,54,False,False,that I've met someone who has changed everything for me; though their identity was never given out at hand but through stories of other people telling how lucky,walk_w040_S4
walk_w040_S4,54,0,,1.0,101,False,False,another man’s vision of me that I don’t believe he ever really saw at least not fully…the images come quickly as though from behind an opaque sheet on which som,walk_w040_S4
walk_w040_S4,55,2,0.14515233039855957,0.9375,80,False,False,“If I Were A Bell”. My first attempt at using music for some sort of guiding purpose: as an aid in reaching certain states of consciousness that might otherwise,walk_w040_S4
walk_w040_S4,56,1,0.06978851556777954,0.9841269841269841,63,False,False,that I cannot find anyone with whom we share an idea of beauty on equal footing as far as imagination has no bounds; for there may never emerge another individu,walk_w040_S4
walk_w040_S4,57,0,,1.0,26,False,False,an inner stillness that brings peacefulness; I listen as if for something important but cannot pinpoint exactly where from yet somehow already knowing about its,walk_w040_S4
walk_w040_S4,58,0,,1.0,7,False,False,an image of you with another woman...,walk_w040_S4
walk_w040_S4,59,0,,0.975,40,False,False,an image of me standing on a beach at sunrise with waves crashing onto rocks below while birds sing over everything – I sense some type of peace there yet still,walk_w040_S4
walk_w040_S4,60,2,0.06625908613204956,0.9696969696969697,99,False,False,"of you, dear reader, as I imagine someone else might see me with no makeup on but still dressed up for dinner – maybe just jeans? It would depend how much effor",walk_w040_S4
walk_w040_S4,61,0,,0.9193548387096774,62,False,False,love—the kind of love that can transcend space/time into eternity where no suffering takes place; I don’t see an image but only feel everything as if we (in som,walk_w040_S4
walk_w040_S4,62,2,0.10134232044219971,0.9456521739130435,92,False,True,an idea which I had while driving out of town over 4 days ago; how we as humans can't escape death because there really isn't anywhere for us but here on earth ,walk_w040_S4
walk_w040_S4,63,3,0.16131091117858887,0.9611650485436893,103,False,False,that we cannot trust anyone (not even yourself). As you can see I use myself as an example of something which would seem quite obvious; yet here again at last t,walk_w040_S4
walk_w040_S4,64,1,0.12858617305755615,0.9882352941176471,85,False,False,that I’m dreaming about us again… how we sat on top of mountains at sunrise with just enough time for coffee making; me still waking you up by pressing kisses a,walk_w040_S4
walk_w040_S4,65,0,,1.0,30,False,False,how much I admire you for creating such beautiful poetry which has been deeply touching me since forever with its meaning that transcends beyond time space lang,walk_w040_S4
walk_w040_S4,66,2,0.09795993566513062,0.979381443298969,97,False,False,"an empty space that slowly fills with color from above – white at first, then gray as I become conscious of life again, but still unformed around me; light begi",walk_w040_S4
walk_w040_S4,67,1,0.07589298486709595,0.9574468085106383,47,False,False,of course gratitude that I can meditate as an act on its own merit rather than because there's nothing else for me to do (like say take care of kids/housework).,walk_w040_S4
walk_w040_S4,68,1,0.11038893461227417,1.0,95,False,False,an image of trees that I saw yesterday with their leaves turning crimson gold just as autumn begins: bare limbs against a blue sky framed by white clouds; trunk,walk_w040_S4
walk_w040_S4,69,0,,0.9807692307692307,104,False,False,being held at gun point by an armed guard with dark hair tied up tightly on top of her head as she takes out some documents from inside her back pack whilst sta,walk_w040_S4
walk_w040_S4,70,2,0.10596290230751038,0.9696969696969697,99,False,False,a man sitting on an empty lawn wearing a dress shirt with no tie while holding nothing but himself up by using only hand strength as support for him from gravit,walk_w040_S4
walk_w040_S4,71,5,0.14001324772834778,0.9375,96,False,True,that I see some of these lines repeated on an infinite number of pages - which seems odd until you realize how much time has passed since those words left me <e,walk_w040_S4
walk_w040_S4,72,1,0.08687514066696167,0.9512195121951219,41,False,False,that we're not really here at all...we’ve been sent somewhere else from an alternate reality because of some mistake…and now we need to solve those mysteries if,walk_w040_S4
walk_w040_S4,73,0,,0.9801980198019802,101,False,False,an image of two large hands clasped together on top of another pair’s holding their own up as if lifting something heavy: maybe from under water (or above) beca,walk_w040_S4
walk_w040_S4,74,0,,1.0,70,False,False,that I can see these thoughts running through their heads as if on screen:  the words of people walking into a darkened theater with excitement knowing there’s ,walk_w040_S4
walk_w040_S4,75,0,,1.0,34,False,False,nothing but an endless ocean of pure blue water with little islands floating across its surface as I slowly float away toward where you await me at some peacefu,walk_w040_S4
walk_w040_S4,76,1,0.14389961957931519,0.9791666666666666,48,False,False,"that I’m lying on something soft but not particularly comfortable; there may even be some kind of cover above me, though if anything touches down upon my body t",walk_w040_S4
walk_w040_S4,77,4,0.12590546905994415,0.967741935483871,93,False,False,that you've been gone for two months now -- almost three at most - but I still find myself hoping everyday we can spend together again someday sometime. That ti,walk_w040_S4
walk_w040_S4,78,0,,0.9642857142857143,56,False,False,"an image of me looking around at something with great wonderment, as if I had never seen anything quite like it until that very moment; but even though no two m",walk_w040_S4
walk_w040_S4,79,0,,1.0,3,False,True,the following poem:,walk_w040_S4
walk_w040_S4,80,3,0.2168210744857788,0.9696969696969697,99,False,False,"not necessarily from that day's reading; rather I see these words coming alive within me. For example... ""The sun rises high above her head at last."" This phras",walk_w040_S4
walk_w040_S4,81,1,0.04861336946487427,0.9888888888888889,90,False,True,that we both feel something inside of us as if someone had just knocked gently on every door leading into the room where I sit writing these lines right now – b,walk_w040_S4
walk_w040_S4,82,0,,1.0,14,False,False,how you look out of that old window as we sit there holding hands…,walk_w040_S4
walk_w040_S4,83,0,,1.0,48,False,False,that there was once something about how she used to take her shoes off at night - I can't remember whether he says now 'you should wear those slippers you keep ,walk_w040_S4
walk_w040_S4,84,1,0.0949321985244751,0.9795918367346939,98,False,False,how much you’re missed every day of mine! I miss thinking about us — talking with me; calling on her just for fun (you can call anyone “fun”); having dinner at ,walk_w040_S4
walk_w040_S4,85,2,0.07771971821784973,0.9166666666666666,60,False,False,"that beautiful quote from <em>As I Lay Dying</em> by William Faulkner: ""The truth seems never far away if you look for it... You cannot see how strong everythin",walk_w040_S4
walk_w040_S4,86,2,0.18723821640014648,0.8909090909090909,55,False,True,"of course: ""The Power,"" by Pink Floyd (1973). But I'm not sure if that counts here at <em>Slate</em> -- you might call me old-fashioned for including such an ob",walk_w040_S4
walk_w040_S4,87,1,0.13601094484329224,0.967741935483871,31,False,False,not of that first verse you sang but “The Road Not Taken” by Robert Frost – who would guess! It’s as though we had walked together along those two parallel path,walk_w040_S4
walk_w040_S4,88,0,,0.9595959595959596,99,False,False,"that I don’t feel well today even though no physical symptoms seem apparent at first glance, but still an uneasy sensation lingers just below awareness level on",walk_w040_S4
walk_w040_S4,89,3,0.11804787069559097,0.95,100,False,False,an old friend of mine from over 10 years ago who was once very near me but now he lives hundreds of miles away on another continent (and we’ll never see each ot,walk_w040_S4
walk_w040_S4,90,4,0.12606629729270935,0.9473684210526315,95,False,True,"that last part of “The Song at a Window,” by Ralph Waldo Emerson—a poem about death as well as rebirth: you can’t find peace unless first there was sorrow; pain",walk_w040_S4
walk_w040_S4,91,2,0.0798911452293396,0.9767441860465116,86,False,False,a person I feel connected with as if we met many times but did not remember ever meeting at all. We share an unspoken understanding of how complicated life can ,walk_w040_S4
walk_w040_S4,92,2,0.05993112921714783,0.9710144927536232,69,False,False,not of love but instead how you would say these words: “you’re beautiful.” I want nothing else from you than those three simple yet profound phrases because we ,walk_w040_S4
walk_w040_S4,93,0,,0.8421052631578947,19,False,False,":  “When I say something that bothers you, please understand I’m trying to love you as best as possible.”",walk_w040_S4
walk_w040_S4,94,3,0.15017886459827423,0.9111111111111111,90,False,False,not “what else can come” but rather that I already possess everything which would make me happy: family members who love/respect/support/appreciate me; friends ,walk_w040_S4
walk_w040_S4,95,3,0.15923351049423218,0.9876543209876543,81,False,False,"that I was reading an old book of poetry at some point between 2015-2036 (this could also be wrong). Some lines came up:

The man who would live well should giv",walk_w040_S4
walk_w040_S4,96,2,0.10560265183448792,0.9342105263157895,76,False,False,"of dreams that I had never experienced at night (perhaps because there was no space left for their dreaming). When you say “the great dark,” where does darkness",walk_w040_S4
walk_w040_S4,97,0,,1.0,10,False,False,that I’m going somewhere with him – back home again.,walk_w040_S4
walk_w040_S4,98,0,,1.0,2,False,False,her smile...,walk_w040_S4
walk_w040_S4,99,2,0.07547074556350708,0.975609756097561,82,False,False,"that I need these meditations today because there has been some sort of mental exhaustion going on for me over several weeks now with work, life changes/decisio",walk_w040_S4
walk_w070_S4,0,0,,0.9523809523809523,42,False,False,"all that has gone wrong for me over time-all those disappointments; I begin by saying ""Forgive"" with gratitude flowing outward from inside of me out through eve",walk_w070_S4
walk_w070_S4,1,2,0.10420837998390198,0.8787878787878788,99,False,False,that song by Pink Floyd: “On An Island.” It takes me into an alternate world with lyrics I remember from childhood–the version where Judy Collins sings about be,walk_w070_S4
walk_w070_S4,2,0,,1.0,16,False,False,some sort of an open-ended sentence that continues after I stop speaking: “It’s fine!”,walk_w070_S4
walk_w070_S4,3,1,0.1481284499168396,0.9896907216494846,97,False,False,that I’m sitting on top of Mount Everest at 28051 feet high looking down upon India. The sun has just set over into orange red hue with an outline across the ho,walk_w070_S4
walk_w070_S4,4,5,0.22645092010498047,0.9139784946236559,93,False,False,"that song by John Prine entitled “Angel From Montgomery.”  The first verse goes something like:<em> </em>


<blockquote>Once there was a young man from Alabama ",walk_w070_S4
walk_w070_S4,5,1,0.05574691295623779,0.9859154929577465,71,False,False,all that we can say about being fully alive today: “Oh please” I plead with myself; but then again I don’t really understand how anyone else has lived life diff,walk_w070_S4
walk_w070_S4,6,3,0.16065986454486847,0.9895833333333334,96,False,False,"not of death but something much better: that when I die everything dies except for love. In fact, all matter exists only because there was once an absence where",walk_w070_S4
walk_w070_S4,7,0,,,0,False,False,…,walk_w070_S4
walk_w070_S4,8,1,0.08606892824172974,0.9523809523809523,84,False,False,“the Great Flood” from Genesis 7:1-46 that tells of an overflowing flood – but not for God’s judgment on sinful mankind – who drowned (2 Peter 2:5) though there,walk_w070_S4
walk_w070_S4,9,2,0.08076134324073792,0.9578947368421052,95,False,False,that I need sleep but can’t because of something on my chest (which reminds me…that would explain why we haven’t slept well lately). The light doesn’t look righ,walk_w070_S4
walk_w070_S4,10,1,0.0473400354385376,0.9148936170212766,47,False,False,how much of that I can live by…how far off reality am I? How many times was there someone here who seemed interested but didn’t want me knowing their true feeli,walk_w070_S4
walk_w070_S4,11,2,0.07380202412605286,0.9696969696969697,99,False,False,": ""What came out of me?"" I am an expression that was once alive somewhere else but now lies on top of another dead thing--an object with no function anymore at ",walk_w070_S4
walk_w070_S4,12,0,,0.9529411764705882,85,False,False,"that there's no need for all of us to go through life ""awakening"" from something when we already are awakened by default: We wake up every day alive with two ea",walk_w070_S4
walk_w070_S4,13,11,0.25674551725387573,0.8850574712643678,87,False,False,not much of anything at all – probably because I didn’t intend on meditating today! So many thoughts came up: <em>Oh God …</em> Oh No… that was bad; O Lord…. Th,walk_w070_S4
walk_w070_S4,14,2,0.1500987410545349,0.9666666666666667,90,False,True,"not of images but sound.  The voice that speaks into me seems familiar yet new, an old friend with whom I never knew how much we had shared until now: ""Fool"" wa",walk_w070_S4
walk_w070_S4,15,1,0.07733047008514404,0.9680851063829787,94,False,False,an open field at night with thousands of shooting stars exploding into their light show; I can see myself there on some cold stone slab looking up trying not to,walk_w070_S4
walk_w070_S4,16,3,0.12486252933740616,0.967741935483871,62,False,True,"not words but images - <strong>my</strong> feelings when I read these lines:


So that's how we end up with those two characters from Star Wars who just happen ",walk_w070_S4
walk_w070_S4,17,0,,0.9830508474576272,59,False,False,"that he has seen something from another realm beyond death itself; not just dreams but real memories of someone else’s life on Earth, which could explain why hi",walk_w070_S4
walk_w070_S4,18,3,0.317289799451828,0.9032258064516129,31,False,True,“The Lord’s Prayer.” If I recite words aloud – not always an ideal for reciting poetry! – how does that change <em>the poem</em>? How might these lines sound wh,walk_w070_S4
walk_w070_S4,19,0,,0.9428571428571428,35,False,False,how much I love watching these two characters fall for each other (and vice versa) even though he’s an arrogant asshole from out of town with no real plans on s,walk_w070_S4
walk_w070_S4,20,1,0.0458521842956543,0.9797979797979798,99,False,True,that little poem about how we should let reasoning guide us even though other people may not agree with some of those thoughts we’ve had at different times duri,walk_w070_S4
walk_w070_S4,21,4,0.13432084023952484,0.9166666666666666,60,False,True,that I can almost see everything clearly through their pupils! But then something changes on page 62...and now all of its suddenly just hazy? Could there possib,walk_w070_S4
walk_w070_S4,22,1,0.09054368734359741,0.9841269841269841,63,False,False,how I felt when watching an hour of “The Daily Show” with Jon Stewart just after 9/11. There was something about his voice that made me feel safe from whatever ,walk_w070_S4
walk_w070_S4,23,4,0.14410234987735748,0.9381443298969072,97,False,False,"that we're standing at night on top of some mountain by ourselves, looking down into town below us. We see houses lit up with light all around - people walking ",walk_w070_S4
walk_w070_S4,24,4,0.2228967398405075,0.9175257731958762,97,False,False,of that “sky.” How beautiful!  It’s clear there was no other way for me but towards him than by letting go. To let go with an abundance of love… I see many poss,walk_w070_S4
walk_w070_S4,25,6,0.16631852090358734,0.9680851063829787,94,False,False,that I’m an ocean liner sailing on its maiden voyage. It doesn’t move forward very quickly… but there is no wind resistance either…. all quiet around me for 50 ,walk_w070_S4
walk_w070_S4,26,1,0.09927606582641602,0.9322033898305084,59,False,False,"that when I’m reading through these pages I can almost smell tobacco… of all kinds; cigarettes, pipeweed (or even weed), cigars. In fact some passages reminded ",walk_w070_S4
walk_w070_S4,27,1,0.14080679416656494,0.96875,32,False,False,"that I am lying on soft grass, breathing deeply into every part of me... then all thoughts leave with no trace at the edge of consciousness leaving nothing behi",walk_w070_S4
walk_w070_S4,28,0,,0.925,80,False,False,"""the best of times"" by Charles Dickens (1830-2) <i>Hard Times</i> Chapter XXIII—The First Lecture: Mrs Sparsit’s Visit The Master speaks very gravely now, with ",walk_w070_S4
walk_w070_S4,29,1,0.26785194873809814,0.9245283018867925,53,False,True,of course the poem by Edward Lear titled ‘The Owl & The Pussy Cat’ which was published 1870-3: “‘Tis a small house on top of a tall steeple that stands near Wes,walk_w070_S4
walk_w070_S4,30,0,,0.9574468085106383,47,False,False,that I should open these words up…and see if there’s some other way into understanding who “you” actually are … beyond how much experience has brought forth wit,walk_w070_S4
walk_w070_S4,31,1,0.07089674472808838,0.9836065573770492,61,False,False,nothing but an ocean of stars that reflect light for me from all around the milky way galaxy I see how vast life on other planets must really feel…and then ther,walk_w070_S4
walk_w070_S4,32,2,0.09100976586341858,0.9642857142857143,84,False,False,"that song from “The Little Mermaid”, about how Ariel lost everything she loved on land but found love again at sea with Flounder! I can relate very strongly… th",walk_w070_S4
walk_w070_S4,33,3,0.10753820091485977,0.8703703703703703,54,False,False,"when I was younger (and believe me, that’s not always “in” time of day!) And now we get older – all 30 years over there! This morning I woke up with an idea for",walk_w070_S4
walk_w070_S4,34,0,,1.0,26,False,False,something I was meditating on yesterday - when God told me “if anything that has ever happened can happen again then how much worse could it get”.,walk_w070_S4
walk_w070_S4,35,2,0.06293699145317078,0.9583333333333334,96,False,False,of how we live together – on some level anyway … <em>like</em> family… whether that’s with blood ties or not! I am reminded that when people get hurt by us (esp,walk_w070_S4
walk_w070_S4,36,3,0.10795193910598755,0.9702970297029703,101,False,False,just an image of myself sitting there on that chair I’m always stuck staring at from bed (it seems really far away now). It looks different than when we took th,walk_w070_S4
walk_w070_S4,37,0,,1.0,3,False,False,that I want…,walk_w070_S4
walk_w070_S4,38,1,0.09443652629852295,0.9041095890410958,73,False,True,that poem by William Wordsworth: I heard a fly buzz when i died; The stillness round my form was like the hush That grass awakes at noon day from its winter sle,walk_w070_S4
walk_w070_S4,39,3,0.1252492219209671,0.9473684210526315,95,False,False,not that I should keep going all day long with an open mouth (which would certainly cause problems). So here’s how we deal with it: We eat 3 times per week at m,walk_w070_S4
walk_w070_S4,40,2,0.10484573245048523,0.9696969696969697,99,False,False,how there could ever exist an atheist who doesn’t believe that God exists. The idea of someone having faith-like convictions without believing in anything seems,walk_w070_S4
walk_w070_S4,41,0,,0.9178082191780822,73,False,False,of two worlds—the worldly world which we live everyday life inside of (it includes all three physical dimensions) and The Other World where I hope someday that ,walk_w070_S4
walk_w070_S4,42,2,0.09889256954193115,0.9484536082474226,97,False,False,of an artist’s eye — seeing colors not just within but on beyond themselves: green that does not look at color alone; orange light with no other meaning than “c,walk_w070_S4
walk_w070_S4,43,1,0.2269597053527832,0.94,50,False,False,<em>The Sound of Music</em> scene where Maria teaches everyone how to count by sevens; ‘1-7…2-8…’ over and over again until even Von Trapp’s little daughter get,walk_w070_S4
walk_w070_S4,44,3,0.1335938721895218,0.9782608695652174,92,False,False,all that I’ve been doing lately- writing songs for others! It feels great putting pen/paper (or keyboard) to paper / screen… but maybe not on everyone else’s ti,walk_w070_S4
walk_w070_S4,45,0,,0.9797979797979798,99,False,False,an old black woman (an image that came into consciousness) who seems rather tired looking out over some small garden from the window of their home on New Year’s,walk_w070_S4
walk_w070_S4,46,2,0.13591986894607544,0.9545454545454546,88,False,False,that I'm not sure which path has been taken first; mine? My friend Jane’s from high school who started meditating when we moved here 14 years ago (we met at cam,walk_w070_S4
walk_w070_S4,47,1,0.05489438772201538,0.9479166666666666,96,False,False,that scene from <em>A Tale of Two Cities</em> with Charles Darnay waiting for his turn on trial: people being called forward by name; when finally he’s told “Yo,walk_w070_S4
walk_w070_S4,48,1,0.32324039936065674,0.9642857142857143,28,False,False,"an idea from some of John Keats’ poems: “If thou art willing/ To live with me,/ The hours grow short;/ And when their sum./ Thou hast not lived.”",walk_w070_S4
walk_w070_S4,49,2,0.15660938620567322,0.9512195121951219,41,False,False,how much I miss being at home with family & friends around me! How important we humans need others for emotional sustenance! Without that nourishment (physical ,walk_w070_S4
walk_w070_S4,50,0,,,0,False,False,:,walk_w070_S4
walk_w070_S4,51,3,0.07488641887903214,0.9090909090909091,77,False,True,how much of myself I am actually leaving behind with these lines?  How far does he trust me; enough for him not to try anything else on his own but leave that c,walk_w070_S4
walk_w070_S4,52,0,,0.9767441860465116,86,False,False,I am standing outside of myself watching life flow around me with absolute acceptance from within that nothing can break its course; not death itself but merely,walk_w070_S4
walk_w070_S4,53,4,0.1702331304550171,0.8604651162790697,86,False,False,"that I've met someone who believes she can ""feel"" with just about every cell of her body - but not without some other person telling her when/what she should fe",walk_w070_S4
walk_w070_S4,54,3,0.1311088353395462,0.9534883720930233,86,False,False,another form of silence: stillness (the opposite). I’m not sure whether that makes sense since darkness implies sight/seeing while silence requires no perceptio,walk_w070_S4
walk_w070_S4,55,0,,1.0,8,False,False,“If I knew then” by John O’Hara,walk_w070_S4
walk_w070_S4,56,1,0.08784091472625732,0.9603960396039604,101,False,False,that I am looking up into space while falling asleep after dinner with an empty stomach (in reality). The weight of not having eaten for several days seems ligh,walk_w070_S4
walk_w070_S4,57,4,0.21254098415374756,0.96875,96,False,False,an abstract painting by Piet Mondrian; I remember seeing that at least once when visiting London with friends who lived there years ago – but now I can’t recall,walk_w070_S4
walk_w070_S4,58,5,0.1411113440990448,0.968421052631579,95,False,False,an image of two hearts beating together; both with their own rhythms yet dancing within the other's beat... I take myself on that journey by letting go all dist,walk_w070_S4
walk_w070_S4,59,1,0.06974279880523682,0.9833333333333333,60,False,False,an image of me standing on a beach at sunrise with all its glory surrounding me; I am watching waves crash against rocks – knowing that eventually there was onc,walk_w070_S4
walk_w070_S4,60,0,,0.875,8,False,False,": ""<em>what we fear most of all</em>.""",walk_w070_S4
walk_w070_S4,61,1,0.07975482940673828,0.9848484848484849,66,False,False,love—the kind of love that can transcend space/time into eternity where all suffering ceases forever; I don’t see an image but only feel everything flowing from,walk_w070_S4
walk_w070_S4,62,3,0.08355715125799179,0.9318181818181818,88,False,False,an idea I had at work today when thinking of ways we can become happier through self-awareness; by using awareness that some actions don't make us happy (but st,walk_w070_S4
walk_w070_S4,63,4,0.0925142765045166,0.8723404255319149,47,False,False,"that we cannot trust anyone (not even yourself). If I did something good, why would others assume evil? And if someone else does some nice thing for me...why do",walk_w070_S4
walk_w070_S4,64,0,,0.9615384615384616,26,False,False,an image of people coming out from under the bridge on 4689 at night time… I imagine that maybe we’re going through something similar? Something big….,walk_w070_S4
walk_w070_S4,65,2,0.09871441125869751,0.9696969696969697,99,False,False,that I am going up steps into heaven (the stairs with angel wings). As I ascend slowly through cloud cover onto an open space on top of mountain range overlooki,walk_w070_S4
walk_w070_S4,66,2,0.15159910917282104,0.979381443298969,97,False,False,"an empty space that slowly fills with color from above – white at first, then gray, then black-and-blue, red… I see nothing except for light within me filling u",walk_w070_S4
walk_w070_S4,67,2,0.0736074149608612,0.9387755102040817,98,False,False,an old song that I haven’t heard for some time now called “It Happened One Summer Night.”  When he sang these words about falling asleep under the summer night ,walk_w070_S4
walk_w070_S4,68,1,0.0999097228050232,1.0,61,False,False,an ocean breeze drifting through palms that touch with gentle hand those who gaze into its depthless waters; I am reminded of how we all seek solace from their ,walk_w070_S4
walk_w070_S4,69,4,0.09764404594898224,0.9591836734693877,98,False,False,"being held at arms length from another person…the only thing between us but space. I feel their presence strongly with all of me, but can not reach out for hold",walk_w070_S4
walk_w070_S4,70,1,0.21467190980911255,0.9629629629629629,27,False,False,a man sitting on his throne with an eagle perched high above him.. He seems rather pleased at himself for how wonderful he must appear from below…,walk_w070_S4
walk_w070_S4,71,3,0.10938239097595215,0.95,100,False,False,that I am going into sleep where there might some sort of conflict with reality which seems not to want me sleeping – yet somehow it knows better than me what s,walk_w070_S4
walk_w070_S4,72,4,0.23683863878250122,0.978021978021978,91,False,False,"that we're not really here at all...we’ve had previous lifetimes on different planets; where I was an astronaut…and then Earth (which has its own problems), but",walk_w070_S4
walk_w070_S4,73,1,0.0720784068107605,0.9897959183673469,98,False,False,an image of two people sitting together on chairs facing each other that look into space at nothing specific (although I can’t say for sure). They don’t talk – ,walk_w070_S4
walk_w070_S4,74,0,,0.96875,96,False,False,that I am standing under some kind of archway on an old wooden bridge over rushing water somewhere out west; something about how everything here feels somehow v,walk_w070_S4
walk_w070_S4,75,0,,1.0,17,False,False,nothing but an endless ocean of pure light – I am adrift inside myself with no way out…,walk_w070_S4
walk_w070_S4,76,3,0.1445799469947815,0.9183673469387755,98,False,False,that I’m lying on something soft but not particularly comfortable. Maybe pillows aren't allowed at home (and also maybe if we lie down for long enough the house,walk_w070_S4
walk_w070_S4,77,0,,0.96,100,False,False,when I was lying on someone else’s bed at that summer camp (we would call these “tents” but really we had cabins) during which time the older students told me a,walk_w070_S4
walk_w070_S4,78,3,0.11081574112176895,0.9690721649484536,97,False,False,"an image of me looking around at something with great wonderment, awe, fearfulness… I can’t really put into words what that might look like (a picture) but when",walk_w070_S4
walk_w070_S4,79,0,,0.9,10,False,False,the following: <i>(my favorite quote from John Ashbery)</i>,walk_w070_S4
walk_w070_S4,80,2,0.1253785490989685,0.9489795918367347,98,False,False,not necessarily from that day's reading of The Bible nor specifically about God but rather something very much related... I feel an urge for peace right now bec,walk_w070_S4
walk_w070_S4,81,3,0.11286783218383789,0.978494623655914,93,False,False,that we live on an island off of coast of California called “The Farallon Islands.” I’ve been here many times over three decades since 1985 when John Muir named,walk_w070_S4
walk_w070_S4,82,2,0.0683208703994751,0.9278350515463918,97,False,False,how I spent today doing something that was new: writing with an ink pen (instead of typing on a keyboard). The process reminded me of playing piano by hand inst,walk_w070_S4
walk_w070_S4,83,1,0.0583949089050293,1.0,100,False,False,that there was once something about how she used to take those long breaths out of an old man's chest while he lay dying on the operating table when I did his b,walk_w070_S4
walk_w070_S4,84,2,0.07058671116828918,0.9797979797979798,99,False,False,how much I want to stay right here for ever if only just because of all that beauty around me.. It would feel almost unreal being able to see everything clearly,walk_w070_S4
walk_w070_S4,85,0,,0.95,20,False,False,"that beautiful quote from William Butler Yeats: ""The best lack all conviction while The worst are full of passionate intensity.""",walk_w070_S4
walk_w070_S4,86,4,0.12635724246501923,0.967032967032967,91,False,False,of course all those images I've been writing about! They flow into me without effort; there just isn't room for anything else because when something has that mu,walk_w070_S4
walk_w070_S4,87,1,0.04073929786682129,0.9852941176470589,68,False,True,not of words that can explain an experience I cannot fully describe – although perhaps such an attempt would help if we could only find ways into which there mi,walk_w070_S4
walk_w070_S4,88,2,0.0618768036365509,0.9587628865979382,97,False,False,"that when I see people’s faces at all times of day – from dusk til down, on some days into morning…what gets expressed there can make me feel sad sometimes if i",walk_w070_S4
walk_w070_S4,89,2,0.09319648146629333,0.9560439560439561,91,False,False,an old friend of mine from over half-a-century ago who once told me he believed all men could commune with their own god directly; that none needed another inte,walk_w070_S4
walk_w070_S4,90,0,,0.9743589743589743,39,False,False,that last part about hard being not easy for us who live within systems of oppression (even if we don’t realize how much) – there is no way out but through; cha,walk_w070_S4
walk_w070_S4,91,4,0.11701177060604095,0.9019607843137255,102,False,False,a person I was talking with today whom we met at work for lunch. He had just started going out on dates again after being divorced about ten years ago (they got,walk_w070_S4
walk_w070_S4,92,0,,0.9901960784313726,102,False,False,not of words but instead sounds—the rustling noise of falling leaves; trees being battered by winds; people walking from car to bus stop with heavy bags on thei,walk_w070_S4
walk_w070_S4,93,2,0.10115876793861389,0.9545454545454546,44,False,False,":  “When I say something has been done for me by God.” What follows immediately that morning was very stressful… but when all seemed lost (and at times), “God” ",walk_w070_S4
walk_w070_S4,94,1,0.13930243253707886,0.9795918367346939,98,False,False,not “what I can see” but how every experience of sight takes place by way of <em>hearing</em>: when we look at something on screen that’s playing an image from ,walk_w070_S4
walk_w070_S4,95,0,,1.0,33,False,False,that I am falling from height through space – but somehow not into oblivion for there’s always hope of making an impact if only with some tiny part on something,walk_w070_S4
walk_w070_S4,96,3,0.08663056045770645,0.9381443298969072,97,False,False,not just these words but also an image of someone I met who was doing his best even though he couldn't make sense out of life at all times. What kind of person ,walk_w070_S4
walk_w070_S4,97,0,,1.0,43,False,False,that when someone dies their spirit lingers around for awhile (as if just going on vacation) then departs from reality into some unknown realm where souls go af,walk_w070_S4
walk_w070_S4,98,6,0.16680431365966797,0.9157894736842105,95,False,False,how I had just been out of bed for several minutes when these words came into my head today. The first thing that occurred was “God’s hand” but then later on an,walk_w070_S4
walk_w070_S4,99,3,0.127515509724617,0.9662921348314607,89,False,False,that I need these meditations today because there has been some sort of mental exhaustion going on for me lately… probably not helped by living through yet anot,walk_w070_S4
walk_w100_S4,0,0,,0.9523809523809523,42,False,False,"all that has gone wrong for me over time-all those disappointments; I begin by saying ""Forgive"" with gratitude flowing outward from inside of me out through eve",walk_w100_S4
walk_w100_S4,1,2,0.10420837998390198,0.8787878787878788,99,False,False,that song by Pink Floyd: “On An Island.” It takes me into an alternate world with lyrics I remember from childhood–the version where Judy Collins sings about be,walk_w100_S4
walk_w100_S4,2,0,,1.0,16,False,False,some sort of an open-ended sentence that continues after I stop speaking: “It’s fine!”,walk_w100_S4
walk_w100_S4,3,3,0.19480061531066895,0.9893617021276596,94,False,False,that I’m sitting on top of Mount Everest at 28051 feet high looking down upon India. The sun has just set over into orange red hue with an outline across the ho,walk_w100_S4
walk_w100_S4,4,5,0.22645092010498047,0.9139784946236559,93,False,False,"that song by John Prine entitled “Angel From Montgomery.”  The first verse goes something like:<em> </em>


<blockquote>Once there was a young man from Alabama ",walk_w100_S4
walk_w100_S4,5,1,0.09217268228530884,0.971830985915493,71,False,False,"all that we can see – The world which surrounds us with its beauty of colours; smells, sounds…. All life has colour within itself from every source: Nature brin",walk_w100_S4
walk_w100_S4,6,4,0.11682160198688507,0.9489795918367347,98,False,False,"not of death but something much better: that when I die everything dies except for love. In fact, all matter exists only because there was once an absence where",walk_w100_S4
walk_w100_S4,7,0,,,0,False,False,…,walk_w100_S4
walk_w100_S4,8,1,0.0837327241897583,0.9651162790697675,86,False,False,“the Great Flood” from Genesis 7:1-46 that tells of an overflowing flood – but not for God’s judgment on sinful humans – who drowned (2 Peter 2:5) though there ,walk_w100_S4
walk_w100_S4,9,3,0.1030522957444191,0.93,100,False,False,that I need sleep but can’t because of something on my chest (which reminds me…that would make sense since he was carrying his dead son around). It doesn’t look,walk_w100_S4
walk_w100_S4,10,3,0.14714805781841278,0.9662921348314607,89,False,False,your body on that bed with me between us… how I can feel all of its curves against mine.. How beautiful!  How pure!!   What bliss!!!    And then we’re together ,walk_w100_S4
walk_w100_S4,11,0,,0.75,4,False,False,: <em>this song</em>...,walk_w100_S4
walk_w100_S4,12,1,0.07481837272644043,0.9807692307692307,52,False,False,that there's no need for all of us to go through life knowing how much we don't understand about anything at all - why would I want something if someone else co,walk_w100_S4
walk_w100_S4,13,10,0.19628524780273438,0.9069767441860465,86,False,False,not much of anything at all – probably because I didn’t intend on meditating today! So many thoughts came up: <em>Oh God …</em> Oh No… that was bad; O Lord…. Th,walk_w100_S4
walk_w100_S4,14,1,0.054418981075286865,1.0,64,False,False,not about myself but of someone else who needs me today. I see how much she struggles with life’s issues and knows that no matter what happens for better or wor,walk_w100_S4
walk_w100_S4,15,2,0.10318747162818909,0.9897959183673469,98,False,False,an open field at night with thousands of shooting stars exploding into their light show; I can see myself there on some cold stone slab looking up trying not to,walk_w100_S4
walk_w100_S4,16,1,0.11928761005401611,0.9772727272727273,44,False,True,"not words but images - <strong>my</strong> feelings when I read these lines:


So that even now there’s no need for me to write about how many times she touched",walk_w100_S4
walk_w100_S4,17,0,,1.0,50,False,False,"that he has seen something from another realm beyond death itself; not just dreams but real memories of someone else’s life on Earth, which could explain why hi",walk_w100_S4
walk_w100_S4,18,2,0.3165181577205658,1.0,24,False,False,“The Lord’s Prayer.” If I recite words aloud – not always an ideal for reciting poetry! – how does that change your experience of reading?,walk_w100_S4
walk_w100_S4,19,0,,1.0,19,False,False,how much I love watching these two characters fall for each other (especially with all of their emotional baggage).,walk_w100_S4
walk_w100_S4,20,2,0.0732467770576477,0.9387755102040817,98,False,True,that little poem about how we should remember being born on Earth with such care for ourselves—because though everything appears ephemeral here (that’s an impor,walk_w100_S4
walk_w100_S4,21,3,0.13670791685581207,1.0,42,False,False,that I can almost see everything clearly through their pupils! But then something changes on page 62... there's no image of me behind closed eyes anymore; now i,walk_w100_S4
walk_w100_S4,22,1,0.09054368734359741,0.9841269841269841,63,False,False,how I felt when watching an hour of “The Daily Show” with Jon Stewart just after 9/11. There was something about his voice that made me feel safe from whatever ,walk_w100_S4
walk_w100_S4,23,4,0.14252008497714996,0.9578947368421052,95,False,False,that we're standing at night on top of some mountain by firelight looking down into town below us. We see houses lit up with flames all around but no sound from,walk_w100_S4
walk_w100_S4,24,1,0.162181556224823,0.9010989010989011,91,False,False,of that I am reading about at night; books open on bedside tables everywhere: <em>The Great Gatsby</em> by F. Scott Fitzgerald (which opens with an allusion to ,walk_w100_S4
walk_w100_S4,25,0,,0.9514563106796117,103,False,False,not images but sounds: rain falling on trees; wind rustling through leaves – no color at all yet I can see vivid green grass blowing with every gust of air; sou,walk_w100_S4
walk_w100_S4,26,1,0.09927606582641602,0.9322033898305084,59,False,False,"that when I’m reading through these pages I can almost smell tobacco… of all kinds; cigarettes, pipeweed (or even weed), cigars. In fact some passages reminded ",walk_w100_S4
walk_w100_S4,27,5,0.13455770909786224,0.9191919191919192,99,False,False,that there has been an invasion of alien forces on Earth (perhaps with aliens from various places). You see strange creatures around everywhere; some even insid,walk_w100_S4
walk_w100_S4,28,1,0.09077417850494385,0.9726027397260274,73,False,False,all that has been sung by me with such great care over these past 20 years:  The Lamb of God—our heavenly Father; The Dawn (or Eve) being gentle towards us unti,walk_w100_S4
walk_w100_S4,29,1,0.21836435794830322,0.8837209302325582,86,False,True,of course the poem by Edward Lear titled ‘The Owl & The Pussy Cat’ which was published 1870-3: “‘Tis a small house on top of a tall steeple that stands near Wes,walk_w100_S4
walk_w100_S4,30,2,0.11972367763519287,0.9574468085106383,47,False,False,that I should open these words up… perhaps with some notes on how all of us (the participants) experienced <em>this</em> particular reading for today’s group-me,walk_w100_S4
walk_w100_S4,31,3,0.09557916969060898,0.9702970297029703,101,False,False,"nothing but an ocean of stars that reflect light for me from all around the universe. I find myself moving inside these galaxies with such gracefulness, fluidit",walk_w100_S4
walk_w100_S4,32,3,0.08677450567483902,0.9148936170212766,94,False,False,"that song from “The Little Mermaid”, about how Ariel lost everything she loved on land but found love again at sea with Flounder! I can relate very strongly… th",walk_w100_S4
walk_w100_S4,33,4,0.14716698229312897,0.9340659340659341,91,False,False,when I was younger (at least 5 years old) while playing with other children out of sight from others’ view—we would all form imaginary tribes where we “played” ,walk_w100_S4
walk_w100_S4,34,2,0.08907687664031982,0.9680851063829787,94,False,False,something I was told many years ago when first learning about Buddhism: “Just because you cannot <em>see</em> how Buddha-nature exists does not mean that we don,walk_w100_S4
walk_w100_S4,35,1,0.0710916519165039,0.961038961038961,77,False,False,of how we live together – on some level anyway … <em>like</em> family… whether that’s with blood ties or not! I am reminded that when people get hurt by us (esp,walk_w100_S4
walk_w100_S4,36,2,0.060563862323760986,0.9693877551020408,98,False,False,just an image of myself sitting there on that chair I’m always stuck staring at from bed (it seems really far away now). It looks different than when we took th,walk_w100_S4
walk_w100_S4,37,0,,1.0,3,False,False,that I want…,walk_w100_S4
walk_w100_S4,38,1,0.10283935070037842,0.9102564102564102,78,False,True,that poem by William Wordsworth: I heard a fly buzz when i died; The stillness round my form was like the hush That grass awakes at noon day from its winter sle,walk_w100_S4
walk_w100_S4,39,4,0.2574537992477417,0.945054945054945,91,False,False,"not that I should keep going all day long with an open mouth (which would certainly cause problems). So here’s how we can go from point A  to B… smoothly:


1) ",walk_w100_S4
walk_w100_S4,40,2,0.12282305955886841,0.9456521739130435,92,False,False,how there could ever exist an atheist who doesn’t believe that God exists. The idea of someone having faith-like convictions without believing in anything seems,walk_w100_S4
walk_w100_S4,41,0,,0.9178082191780822,73,False,False,of two worlds—the worldly world which we live everyday life inside of (it includes all three physical dimensions) and The Other World where I hope someday that ,walk_w100_S4
walk_w100_S4,42,2,0.11719933152198792,0.9591836734693877,98,False,False,of an artist’s eye — seeing colors not just within but on beyond themselves: green that does not look at color alone; orange light with no other meaning than “c,walk_w100_S4
walk_w100_S4,43,3,0.20066560804843903,0.9479166666666666,96,False,False,<em>The Sound of Music</em> scene where Maria teaches young children about birds by putting bird seeds into their mouths: “Take some seeds from over yonder tree,walk_w100_S4
walk_w100_S4,44,1,0.08532679080963135,0.9365079365079365,63,False,False,how much of an “in between” space I feel myself living in right now... that moment where nothing’s <em>quite</em> solid but neither am I quite not real (what ab,walk_w100_S4
walk_w100_S4,45,2,0.0979597270488739,0.9905660377358491,106,False,False,an old man leaning against his door watching people go by on their way home from work for another day at school tomorrow with new ideas about love lost time fri,walk_w100_S4
walk_w100_S4,46,2,0.13591986894607544,0.9545454545454546,88,False,False,that I'm not sure which path has been taken first; mine? My friend Jane’s from high school who started meditating when we moved here 14 years ago (we met at cam,walk_w100_S4
walk_w100_S4,47,1,0.05171775817871094,0.9263157894736842,95,False,False,that scene from <em>A Tale of Two Cities</em> with Charles Darnay waiting for his turn on trial: people being called forward by name; when finally he’s told “Yo,walk_w100_S4
walk_w100_S4,48,3,0.18774497509002686,0.9578947368421052,95,False,True,someone I worked with at The New School who used that quote when we spoke about art school; something he learned from his mom’s friend while teaching English so,walk_w100_S4
walk_w100_S4,49,3,0.1336907297372818,0.925531914893617,94,False,False,how much I miss being at home with family & friends around me! How important we humans need others for emotional sustenance! Without that nourishment (physical ,walk_w100_S4
walk_w100_S4,50,0,,,0,False,False,:,walk_w100_S4
walk_w100_S4,51,3,0.07488641887903214,0.9090909090909091,77,False,True,how much of myself I am actually leaving behind with these lines?  How far does he trust me; enough for him not to try anything else on his own but leave that c,walk_w100_S4
walk_w100_S4,52,4,0.15039736032485962,0.9795918367346939,98,False,False,I am standing outside of myself watching life flow around me with absolute acceptance from within that nothing can break its course; not death nor disease but e,walk_w100_S4
walk_w100_S4,53,3,0.08444049209356308,0.9452054794520548,73,False,False,"that I've met someone who believes she is ""different"". She has told me many times how different she feels from most of us -- just look at the way she thinks! An",walk_w100_S4
walk_w100_S4,54,3,0.13201917707920074,0.9534883720930233,86,False,False,another form of silence: stillness (the opposite). I’m not sure whether that makes sense since darkness implies sight/seeing while silence requires no perceptio,walk_w100_S4
walk_w100_S4,55,0,,1.0,7,False,False,“If I knew then” by John Prine.,walk_w100_S4
walk_w100_S4,56,2,0.09993726015090942,0.9705882352941176,102,False,False,an image of myself standing with arms outstretched over flowing waters that I am walking upon (in reality). The water stretches out for many miles around me on ,walk_w100_S4
walk_w100_S4,57,4,0.1700904369354248,0.9247311827956989,93,False,False,an abstract painting by Piet Mondrian; I remember seeing that at least once when visiting London with friends who lived there years ago – but now I can’t recall,walk_w100_S4
walk_w100_S4,58,4,0.1247941255569458,0.967391304347826,92,False,False,an image of two hearts beating together; both with their own rhythms yet dancing within the other's beat... I take myself on that journey by letting go all dist,walk_w100_S4
walk_w100_S4,59,1,0.06097555160522461,0.9887640449438202,89,False,False,an image of me standing on a beach at sunrise with all its glory surrounding me; I am watching waves crash against rocks – knowing that eventually there was onc,walk_w100_S4
walk_w100_S4,60,0,,0.875,8,False,False,": ""<em>what we fear most of all</em>""",walk_w100_S4
walk_w100_S4,61,1,0.06065869331359863,0.9705882352941176,68,False,False,love—the kind of love that can transcend space/time into eternity where all suffering ceases forever; I don’t see an image but only feel everything flowing from,walk_w100_S4
walk_w100_S4,62,3,0.08618807792663574,0.9318181818181818,88,False,False,an idea I had at work today when thinking of ways we can become happier through self-awareness; by using awareness that some actions don't make us happy (but st,walk_w100_S4
walk_w100_S4,63,4,0.0925142765045166,0.8723404255319149,47,False,False,"that we cannot trust anyone (not even yourself). If I did something good, why would others assume evil? And if someone else does some nice thing for me...why do",walk_w100_S4
walk_w100_S4,64,0,,0.9615384615384616,26,False,False,an image of people coming out from under the bridge on 4689 at night time… I imagine that maybe we’re going through something similar? Something big….,walk_w100_S4
walk_w100_S4,65,2,0.09871441125869751,0.9696969696969697,99,False,False,that I am going up steps into heaven (the stairs with angel wings). As I ascend slowly through cloud cover onto an open space on top of mountain range overlooki,walk_w100_S4
walk_w100_S4,66,0,,0.9782608695652174,46,False,False,"an empty space that slowly fills with color from above – white at first, then gray, then black-green…a vast room whose walls reach towards me; I stand between t",walk_w100_S4
walk_w100_S4,67,2,0.0736074149608612,0.9387755102040817,98,False,False,an old song that I haven’t heard for some time now called “It Happened One Summer Night.”  When he sang these words about falling asleep under the summer night ,walk_w100_S4
walk_w100_S4,68,1,0.2259446382522583,0.9672131147540983,61,False,False,an ocean breeze drifting through palms that touch with gentle hand those who gaze into its depthless waters; I am reminded of how we ourselves can sometimes hol,walk_w100_S4
walk_w100_S4,69,4,0.13310176134109497,0.9397590361445783,83,False,False,"being held at arms length from another person…the only thing between us but space. I feel their presence strongly with all of me, but can not reach out and hold",walk_w100_S4
walk_w100_S4,70,1,0.21467190980911255,0.9629629629629629,27,False,False,a man sitting on his throne with an eagle perched high above him.. He seems rather pleased at himself for how wonderful he must appear from below…,walk_w100_S4
walk_w100_S4,71,2,0.10536503791809082,0.97,100,False,False,that I am going into sleep where there might some sort of conflict with reality which must then somehow resolve itself for me otherwise all would not make sense,walk_w100_S4
walk_w100_S4,72,4,0.11572694778442383,0.9591836734693877,98,False,False,that we're not really here at all...we’ve had some dreams recently with weird little figures being followed by something…in which case I wonder if those guys ar,walk_w100_S4
walk_w100_S4,73,3,0.11895223706960678,0.979381443298969,97,False,False,an image of two people sitting together on chairs facing each other that look into space at nothing specific (although I can’t fully see faces). They don’t talk,walk_w100_S4
walk_w100_S4,74,2,0.10500210523605347,0.9693877551020408,98,False,False,that I am standing under some kind of archway on an old wooden bridge over rushing water somewhere out west; something about how everything here feels new yet a,walk_w100_S4
walk_w100_S4,75,0,,1.0,17,False,False,nothing but an endless ocean of pure light – I am adrift inside myself with no way out…,walk_w100_S4
walk_w100_S4,76,5,0.1308079957962036,0.9340659340659341,91,False,False,that I’m lying on something soft but not particularly comfortable. Maybe pillows aren't allowed at home (but also maybe Dad might put me down for just 5 minutes,walk_w100_S4
walk_w100_S4,77,3,0.12107062339782715,0.9468085106382979,94,False,False,when I was walking on campus at Notre Dame with some friends of mine (we would call ourselves “the gang” because we did everything together). We’re just out for,walk_w100_S4
walk_w100_S4,78,3,0.11081574112176895,0.9690721649484536,97,False,False,"an image of me looking around at something with great wonderment, awe, fearfulness… I can’t really put into words what that might look like (a picture) but when",walk_w100_S4
walk_w100_S4,79,0,,0.9,10,False,False,the following: <i>(my favorite quote from John Ashbery.)</i>,walk_w100_S4
walk_w100_S4,80,1,0.08140790462493896,0.9375,96,False,True,not necessarily from that poem – although I suppose some of those lines might fit there - but instead other thoughts about where we live now; who knows how long,walk_w100_S4
walk_w100_S4,81,3,0.11286783218383789,0.978494623655914,93,False,False,that we live on an island off of coast of California called “The Farallon Islands.” I’ve been here many times over three decades since 1985 when John Muir named,walk_w100_S4
walk_w100_S4,82,1,0.03860795497894287,0.9494949494949495,99,False,False,how I am not alone here on Earth – we all share this world of duality with others whether conscious of their presence or not… that’s why there was nothing wrong,walk_w100_S4
walk_w100_S4,83,1,0.22085100412368774,0.9901960784313726,102,False,False,that there was once something about how she used to take those long breaths out of an old man's chest while he lay dying on the operating table when I did his b,walk_w100_S4
walk_w100_S4,84,2,0.18448522686958313,0.9514563106796117,103,False,False,how I see color: first black then red white yellow green orange indigo purple all that beauty of colors but not on its own rather mixed with other ones . Then a,walk_w100_S4
walk_w100_S4,85,0,,0.95,20,False,False,"that beautiful quote from William Butler Yeats: ""The best lack all conviction while The worst are full of passionate intensity.""",walk_w100_S4
walk_w100_S4,86,3,0.15428908169269562,0.9770114942528736,87,False,False,of course all those images I've been writing about! They flow into me without effort; there just isn't room for anything else because when something has that mu,walk_w100_S4
walk_w100_S4,87,3,0.09129613637924194,0.9444444444444444,90,False,True,not of words that can explain an experience I cannot name except by metaphor for such unmentionable thing: Love? Not love as we understand here on Earth–an emot,walk_w100_S4
walk_w100_S4,88,1,0.09041213989257812,0.9523809523809523,42,False,False,"that when we reach out for something from far away, how hard does it feel? The harder work getting up then reaching…reaching with arms outstretched over time un",walk_w100_S4
walk_w100_S4,89,2,0.0933273434638977,0.9456521739130435,92,False,False,an old friend of mine from over half-a-century ago who once told me he believed all men could commune with their own god directly; that none needed another inte,walk_w100_S4
walk_w100_S4,90,1,0.23376095294952393,1.0,16,False,False,that last part.  But not really because I can’t even find your book on kindle…,walk_w100_S4
walk_w100_S4,91,1,0.23556238412857056,0.9292929292929293,99,False,False,a person I feel sad for who’s doing their best but doesn’t quite make ends meet on rent while simultaneously trying not to burden others (or themselves) with as,walk_w100_S4
walk_w100_S4,92,0,,0.9903846153846154,104,False,False,not of words but instead sounds—the rustling noise of falling leaves; trees being battered by winds; people walking from car to bus stop with heavy bags on thei,walk_w100_S4
walk_w100_S4,93,2,0.10464140772819519,0.9139784946236559,93,False,False,:  “When I was younger…”   That’s how we all feel right now isn’t it? “It doesn’t get better; time passes by with no change.” We may not want to admit that some,walk_w100_S4
walk_w100_S4,94,1,0.10034584999084473,0.9795918367346939,98,False,False,not “what I can see” but how every experience of sight takes place by way of <em>hearing</em>: when we look at something on screen that’s playing an image from ,walk_w100_S4
walk_w100_S4,95,1,0.10870110988616943,1.0,103,False,False,that I am part of something greater than myself but somehow not fully at peace with life right now. Sometimes when meditating such images appear:  light shining,walk_w100_S4
walk_w100_S4,96,1,0.07152044773101807,0.9444444444444444,36,False,False,not just these words but also an image of someone I met who was doing his best even though he couldn't make sense out of life at all times. What kind of person ,walk_w100_S4
walk_w100_S4,97,2,0.08994311094284058,0.968421052631579,95,False,False,that when someone dies their spirit lingers around for awhile (as if just going on vacation) then departs at some point leaving us behind with thoughts of memor,walk_w100_S4
walk_w100_S4,98,3,0.11568417400121689,0.9555555555555556,90,False,False,how I had just been out of bed for several minutes when these words came into my head today. The first thing that occurred was “God’s word” but then later on an,walk_w100_S4
walk_w100_S4,99,2,0.08039852976799011,0.9797979797979798,99,False,False,"that I need these meditations today because we live on such different time lines with no way of communicating how long some moments can last, but yet minutes pa",walk_w100_S4
walk_S4,0,0,,1.0,101,False,False,nothing more than that I see this person’s face through two different filters; how we both look at them from within ourselves (our own filter) yet also external,walk_S4
walk_S4,1,0,,1.0,5,False,False,this song by Pink Floyd:,walk_S4
walk_S4,2,0,,1.0,10,False,False,some sort of river flow with rapids through them all?,walk_S4
walk_S4,3,0,,1.0,19,False,False,that I’m sitting in front of an easel at sunset on this warm day we had earlier today.,walk_S4
walk_S4,4,1,0.06568461656570435,1.0,66,False,False,that this song’s meaning goes beyond words or even art – in short I could not understand its deeper message with enough information given on Wikipedia alone. Bu,walk_S4
walk_S4,5,1,0.12758076190948486,1.0,18,False,False,all that we lost today – The first snow of winter! I wish every year could begin this way….,walk_S4
walk_S4,6,1,0.10299944877624512,1.0,47,False,False,not of death or despair; instead I find in that darkness something much more familiar: home - where all who live with me go back to sleep at night. The house qu,walk_S4
walk_S4,7,0,,,0,False,False,…,walk_S4
walk_S4,8,1,0.04310959577560425,0.9183673469387755,98,False,False,this: I am standing on top of some big mountain- not that high in terms of elevation or height but just enough for me to realize how small we all really are whe,walk_S4
walk_S4,9,2,0.06786978244781494,0.9607843137254902,102,False,False,that I need sleep badly right now… which would probably mean this morning when we return home from vacation! But instead of trying to fall asleep while reading ,walk_S4
walk_S4,10,0,,1.0,36,False,False,your smile that day I met you on this campus of 20 years ago when we both started there for no reason other than pure luck in being assigned first period chemis,walk_S4
walk_S4,11,4,0.15283523499965668,0.9157894736842105,95,False,False,that last verse – “To this day I yearn.”  In other words: he’s yearning for his love/friend back! He just wants her around in some way (maybe she could help him,walk_S4
walk_S4,12,2,0.10961729288101196,0.9347826086956522,92,False,False,"this song from The Who's album <em>Quadrophenia</em>: ""The day is done."" I imagine myself waking in an instant at some point on Friday morning—it could happen w",walk_S4
walk_S4,13,0,,0.9852941176470589,68,False,False,not much of anything in particular – just some random thoughts floating through my head while I go about this day at home with no real agenda… A house full of s,walk_S4
walk_S4,14,1,0.1359991431236267,0.918918918918919,37,False,False,"not of words or images; rather, an internal state that I must name <em>peace</em> (or perhaps better yet: quietness). It’s peace in its most primitive sense—as ",walk_S4
walk_S4,15,1,0.16712915897369385,1.0,48,False,False,an open field of wheat with golden tassels swaying in the wind.  A breeze moves slowly through tall stalks that reach towards sun-drenched skies above them reac,walk_S4
walk_S4,16,6,0.18419556319713593,0.9387755102040817,98,False,True,"not words or images - <strong><em>silence</em></strong> that speaks of peace:


So many times we seek for answers outside ourselves when all may actually lie wi",walk_S4
walk_S4,17,0,,0.96,50,False,False,"not that I am sleeping or dreaming; rather, an image of light – in this case white, for some reason: a pure ray shining from within myself, without source nor e",walk_S4
walk_S4,18,2,0.18953543901443481,0.9247311827956989,93,False,False,not words or thoughts that I may hear on TV news broadcasts – no longer an issue for me when in bed with this woman who loves me deeply every day of her life - ,walk_S4
walk_S4,19,6,0.1750689297914505,0.9571428571428572,70,False,False,"of course: ""Awake"" by The Who--specifically on Roger's part singing lead in this song (listen for yourself). It just popped into my head! And while I don't feel",walk_S4
walk_S4,20,0,,0.975,40,False,True,that little poem about how words sometimes don’t mean anything in any given situation anymore than we might understand exactly why we experience certain emotion,walk_S4
walk_S4,21,5,0.1664532721042633,0.8846153846153846,52,False,False,that I am in your embrace (your warmth). Your touch feels good too on me… <em>sigh</em> This must mean something right? Do we need this now? How important was “,walk_S4
walk_S4,22,2,0.0803387463092804,0.956989247311828,93,False,False,this: when I first began working on these poems (before starting grad school) about twenty years ago – there was also another young poet in town with whom I sha,walk_S4
walk_S4,23,3,0.14014218747615814,0.97,100,False,False,that we're standing in an abandoned house on some country road somewhere outside of town; this old place looks cold at night since there isn't any heat or elect,walk_S4
walk_S4,24,0,,1.0,10,False,False,"of that old song: ""And I Have Loved Him So.""",walk_S4
walk_S4,25,2,0.09896102547645569,0.9782608695652174,92,False,False,not images or thoughts that I would ordinarily experience while meditating... instead there’s something else entirely – some unknown force in nature: maybe even,walk_S4
walk_S4,26,3,0.12963910400867462,0.9148936170212766,94,False,False,this story about an elephant that lives in some forest or woods nearby where I live (in North Texas) near Lake Lewisville & The Trinity River. In her life she’s,walk_S4
walk_S4,27,1,0.058226823806762695,0.9506172839506173,81,False,False,"that I am lying in bed with someone who does not love me back, when all of this started out innocently enough. In fact, even though we weren't ready for commitm",walk_S4
walk_S4,28,0,,1.0,5,False,False,all that I could write…,walk_S4
walk_S4,29,3,0.13304245471954346,0.9473684210526315,95,False,False,of someone’s house that I visited in 2013 with friends on their family summer vacation through Canada & Alaska by RV camper van for two months. We drove across ,walk_S4
walk_S4,30,4,0.1450476497411728,0.9473684210526315,95,False,False,"that I should open them again, for something may appear behind this closed door of an eye… So let me see if anything appears beyond these eyelids…. What’s there",walk_S4
walk_S4,31,1,0.050992369651794434,0.98,100,False,False,nothing more than an image of white noise in 3D; all sorts of shapes moving around at speeds I could never comprehend from behind closed eyelids… which makes se,walk_S4
walk_S4,32,2,0.18332338333129883,0.9811320754716981,53,False,False,"that song from “The Little Mermaid”, about how Ariel lost her voice when she spoke with Eric (sorry Disney movie fan I just wanted you all to laugh at this). It",walk_S4
walk_S4,33,6,0.12163058668375015,0.9354838709677419,93,False,False,"when I was younger (28 years old) at an age where we all start out with something new; in this case, marriage! How much effort goes into making your relationshi",walk_S4
walk_S4,34,0,,0.9895833333333334,96,False,False,this: I am on an ocean of water—that seems both infinite in scope yet small enough for me to explore at random with no set plan or destination; there’s nothing ,walk_S4
walk_S4,35,4,0.1650772988796234,0.967391304347826,92,False,False,this: The sun shines upon me from above; I am lying on grass in shade of trees beneath which birds chirp their song-filled melodies for morning break... It's ca,walk_S4
walk_S4,36,3,0.167096808552742,0.946236559139785,93,False,True,"this poem by William Carlos Williams ""The Red Wheelbarrow"". I wonder where he was at that exact moment of inspiration? Maybe in his backyard or on an early morn",walk_S4
walk_S4,37,3,0.07294950634241104,0.9489795918367347,98,False,False,that I want this moment of peace forever; maybe with all eternity in some kind of eternal form. This sounds quite selfish though: why would anyone else not love,walk_S4
walk_S4,38,1,0.06569534540176392,0.9777777777777777,90,False,True,that poem by William Carlos Williams I shared with you yesterday morning - which was written about two years ago (if not sooner) in June or July 2016 when some ,walk_S4
walk_S4,39,4,0.22671259939670563,0.989010989010989,91,False,True,this poem from Robert Hass’s 1986 collection of poetry “Field Guide”. The poet talks about himself in lines with words we might hear when walking through nature,walk_S4
walk_S4,40,0,,0.96875,96,False,False,"this: that when we sleep there’s no space between us; if I move or turn in bed with another person at night—in other words, even while unconscious of all physic",walk_S4
walk_S4,41,1,0.10962539911270142,0.9545454545454546,66,False,False,of two worlds—a man with an old-fashioned beard who looks about 80 years old talking on his cell phone while he’s riding around in some big white car; another w,walk_S4
walk_S4,42,0,,0.9821428571428571,56,False,False,of an old wooden boat; I imagine myself on top of its mast in wintery skies with sea spray coming up through deck cracks from below that reach high above me tow,walk_S4
walk_S4,43,2,0.2871072292327881,0.9587628865979382,97,False,True,"this:


<blockquote>the world we all live in</blockquote>



This poem by William Wordsworth was written 1807 on Lake District of England . It talks about how n",walk_S4
walk_S4,44,0,,1.0,11,False,False,all that I already feel; nothing more or less than this:,walk_S4
walk_S4,45,3,0.135797381401062,0.95,100,False,False,an old man leaning against his door watching children play in the road or walking on Main Street with meandering steps toward the creek. He’s wearing work cloth,walk_S4
walk_S4,46,4,0.17008447647094727,0.9560439560439561,91,False,False,that I'm not in charge of this house any more; there are new owners who want me out now (after living almost 40 years rent-free). The landlord won't tell them w,walk_S4
walk_S4,47,4,0.11142069101333618,0.975609756097561,82,False,False,that I'm in an empty room at some point with nobody there other than me or myself perhaps? What else could happen when all of these thoughts converge into this ,walk_S4
walk_S4,48,1,0.06848430633544922,0.9431818181818182,88,False,True,someone I worked with at The New School who used the word ‘warp & woof’ in reference to knitting projects – when she would knit on needles or otherwise create s,walk_S4
walk_S4,49,1,0.3913571238517761,1.0,9,False,False,how much I love this song! Thanks for sharing,walk_S4
walk_S4,50,2,0.11187019944190979,0.9574468085106383,47,False,False,"not an answer or some other word of meaning; I am aware that this phrase does indeed mean something in English--it’s “come on,” isn’t it? How much more than its",walk_S4
walk_S4,51,0,,0.9795918367346939,49,False,False,how much I’ve learned from this book—so many lines that bring back vivid memories of who was in school with me then or whose life changed when someone else wrot,walk_S4
walk_S4,52,0,,0.9433962264150944,53,False,False,"this image: A man wearing an oversized brown hat with ears hanging over his head that look oddly pointy (like owl-shaped), glasses on top of those pointed “ears",walk_S4
walk_S4,53,3,0.1282319873571396,0.9487179487179487,78,False,False,that I've met this person (name) in another life...that we shared something together -- more deeply than just friendship or love....but there was an understandi,walk_S4
walk_S4,54,0,,1.0,9,False,False,another story that I wrote recently (published on Medium):,walk_S4
walk_S4,55,1,0.05169790983200073,0.9795918367346939,98,False,False,"this:

In your face there's an open book about love which no person on Earth would ever read or understand in any language other than that of God who gave us ea",walk_S4
walk_S4,56,2,0.23306027054786682,0.9484536082474226,97,False,False,"an image of myself standing with arms outstretched over flowing waters that lead on through me to meet another shore… I see all this in front of me, yet behind ",walk_S4
walk_S4,57,2,0.12664413452148438,0.95,100,False,False,an unfathomable expanse of purple skies above me in which no stars exist because this is not a starry night nor does any kind of natural light illuminate its da,walk_S4
walk_S4,58,1,0.07772248983383179,0.9714285714285714,105,False,False,an ocean full of fish jumping out of their element by being caught in nets that surround them with lines which seem too short for even me when I try on all side,walk_S4
walk_S4,59,2,0.10224124789237976,0.9042553191489362,94,False,True,"this: I see in front of me these two lines from William Carlos Williams's poem ""The Glass Essay"" (1934): <em>At night we all go on together</em>... You may reca",walk_S4
walk_S4,60,0,,1.0,8,False,True,of this piece: “The House” by Edward Hopper,walk_S4
walk_S4,61,0,,1.0,67,False,False,love in its many forms: how we might feel when someone loves us well; who makes something for them that speaks volumes about their care or attention towards ano,walk_S4
walk_S4,62,3,0.23783910274505615,0.9456521739130435,92,False,False,an idea which I had while driving out in Wyoming over 40 years ago on this very road now known as US Highway 191 – or Old Stage Coach Trail Road from Laramie ba,walk_S4
walk_S4,63,3,0.13142921030521393,0.9310344827586207,58,False,False,that we cannot trust anyone…not even yourself because this body/mind was created by someone else’s hands….you did not create your soul or self at all..but inste,walk_S4
walk_S4,64,2,0.13090461492538452,0.9900990099009901,101,False,False,an image of myself walking along in this vast universe that surrounds me without end or beginning; only I am different than anyone else on planet Earth: My soul,walk_S4
walk_S4,65,3,0.14490854740142822,0.9484536082474226,97,False,True,"this poem by John Godfrey Saxe: ""The Blind Men And The Elephant"". I'm going to read that out loud for us now; we may find something interesting in its meaning o",walk_S4
walk_S4,66,0,,0.9595959595959596,99,False,False,an empty space that I’m trying not to imagine with images or words or phrases in order to keep from going down into myself where any of those would meet me up d,walk_S4
walk_S4,67,5,0.13645607233047485,0.95,60,False,False,an old man that looks at me with love in his eye’s even though he may look older than I am... He asks of himself: How did we ever get along? And how was this po,walk_S4
walk_S4,68,0,,1.0,33,False,False,an ocean breeze drifting through palms that touch with gentle hand; I am warm inside yet cool outside - everything feels just right except for where there shoul,walk_S4
walk_S4,69,3,0.0966629758477211,0.9693877551020408,98,False,False,"an empty dark room with three large candles burning in them that stand atop of little candle holders placed on some kind of table or shelf, maybe a wooden dress",walk_S4
walk_S4,70,1,0.08171308040618896,0.9894736842105263,95,False,False,a man in black walking through an unlit forest with no intention of going forward or back – his face hidden by dark clothing that keeps him concealed from sight,walk_S4
walk_S4,71,2,0.34256014227867126,0.9655172413793104,87,False,False,this: I need more sleep today because tomorrow may not happen; there was no day yesterday at all in which we woke from bed after dark into bright-eyed daylight ,walk_S4
walk_S4,72,0,,1.0,23,False,False,"that in this moment I am at peace with myself because of all we’ve done today; together – me (you), God (the Earth).",walk_S4
walk_S4,73,0,,1.0,19,False,True,"this poem by Robert Frost entitled ""The Road Not Taken"" that we've been studying in class for English 102: Poetry.",walk_S4
walk_S4,74,4,0.11039355397224426,0.95,100,False,False,this: I am in love with someone who no longer loves me back; maybe even hates me! The pain that causes us more harm than anything else - yet sometimes those we ,walk_S4
walk_S4,75,1,0.08187371492385864,0.925,40,False,False,nothing more than those two words: I love her/him! And this song by John Sebastian called “Welcome Home” that reminds me of home being in your arms with someone,walk_S4
walk_S4,76,4,0.15034297108650208,0.9647058823529412,85,False,False,that I’m lying on something soft in an open field at night with millions of stars above me – thousands of constellations visible by eye or telescope. The Milky ,walk_S4
walk_S4,77,4,0.14646582305431366,0.9607843137254902,51,False,False,when I was in kindergarten (age 6 or something). There's this boy who sat with me at lunch table that had really bright green hair. That kid looked nothing alik,walk_S4
walk_S4,78,0,,1.0,81,False,True,an image of me looking around at something with great wonderment in them; this could be many different images really depending on how I interpreted that last co,walk_S4
walk_S4,79,4,0.21274057030677795,0.8695652173913043,92,False,True,"the following: <i>(The poem that I am describing below was written by me)</i>


<blockquote><b>What's on your Mind?</b></blockquote>



""My life goes by in flas",walk_S4
walk_S4,80,1,0.1907724142074585,0.98989898989899,99,False,False,not necessarily from that day's session of The American Bible Society or even anything in particular about its work with translations across cultures around all,walk_S4
walk_S4,81,1,0.07957923412322998,0.97,100,False,False,"that we live in an age of “revival” where everything from religion, politics (including political correctness), art and even music seem to reflect this theme mo",walk_S4
walk_S4,82,4,0.17163152992725372,0.946236559139785,93,False,False,how I spent today doing something that was new: writing with this medium of spoken word art…the form in which these poems first came forth out of me into your e,walk_S4
walk_S4,83,0,,0.8333333333333334,18,False,False,this: <b><i>My body becomes something I want—or wish that others see in me</i></b>,walk_S4
walk_S4,84,0,,0.9764705882352941,85,False,False,"this picture: there’s someone up on stage who knows how many times he or she was at that concert in their youth (in some cases 10-20), maybe even bought merchan",walk_S4
walk_S4,85,3,0.16273222863674164,0.9484536082474226,97,False,False,that of an old man with very white hair staring into the night air in front of him sitting on his knees at just past 3am thinking about life... then suddenly he,walk_S4
walk_S4,86,3,0.20042048394680023,0.9438202247191011,89,False,True,"of course all those images I've been collecting in preparation for this piece which was originally written two weeks ago with only ""the last verse"" having any r",walk_S4
walk_S4,87,1,0.052129507064819336,0.9797979797979798,99,False,False,this: that I am alive in an endless journey towards myself – through others who share their lives with me on Earth for short spans of moments or years; even tho,walk_S4
walk_S4,88,4,0.1382937729358673,0.9473684210526315,95,False,False,this story of two friends who got stuck in an elevator for 3 days without food or water…they started discussing where did God go during their ordeal? They agree,walk_S4
walk_S4,89,1,0.05445754528045654,0.9247311827956989,93,False,False,an old friend of mine from over half-a-century ago who once told me he had never seen any sunrise or sunset in his life because every day was another new beginn,walk_S4
walk_S4,90,0,,0.8947368421052632,19,False,False,this: <em>the first song I ever loved was called “The Man That Got Away” by Ella Fitzgerald</em>,walk_S4
walk_S4,91,1,0.07403016090393066,0.93,100,False,False,a person I was in love with during college that went by many nicknames including Baby Girl (a nickname bestowed on me from an ex) She had brown hair which she u,walk_S4
walk_S4,92,0,,0.9207920792079208,101,False,False,not where I’ve been or how many miles of walking these last days since arriving in Italy; nor am I thinking about those who went with me on this journey: The fo,walk_S4
walk_S4,93,6,0.15363509953022003,0.8181818181818182,77,False,False,":  The Earth of Dreams… It’s beautiful!


<strong><em>What would I love for me right now?</em></strong>
A deeper connection with myself; A clearer sense of wher",walk_S4
walk_S4,94,1,0.06243324279785156,0.9117647058823529,34,False,False,"not “what I want,” nor does that really matter; instead of this there’s only: <i>the present moment</i>. This is all we ever need – everything else in life seem",walk_S4
walk_S4,95,0,,0.9523809523809523,21,False,False,that I am part of something greater than myself; somehow connected into all else around me — in this world! <strong>[2]</strong>,walk_S4
walk_S4,96,4,0.17575855553150177,0.9130434782608695,92,False,True,not just these words in this poem that I am reading aloud from The Book of Leaves by Alice Walker…but your own thoughts about love. What does “love” mean? Who g,walk_S4
walk_S4,97,5,0.144894078373909,0.96875,96,False,False,that when someone dies their spirit lingers around for awhile (as in “a soul leaves its body”). I’ve read of an instance where after 25 years somebody who had d,walk_S4
walk_S4,98,4,0.23410947620868683,0.9797979797979798,99,False,False,this: I am on an airplane with nothing more than me in that tiny metal tube headed up towards heaven’s gates where God awaits for his final offering of mankind.,walk_S4
walk_S4,99,1,0.2132592797279358,1.0,13,False,False,that I need these meditations more than ever now! Your thoughts on this?,walk_S4
